legacy_primary_category,legacy_primary_hierarchy,taxonomy_primary,taxonomy_path,taxonomy_display_name
arts_and_entertainment,arts_and_entertainment,arts_and_entertainment,arts_and_entertainment,Arts and Entertainment
amusement_park,attractions_and_activities > amusement_park,amusement_park,arts_and_entertainment > amusement_attraction > amusement_park,Amusement Park
carousel,arts_and_entertainment > carousel,carousel,arts_and_entertainment > amusement_attraction > carousel,Carousel
circus,arts_and_entertainment > circus,circus_venue,arts_and_entertainment > amusement_attraction > circus_venue,Circus Venue
haunted_house,attractions_and_activities > haunted_house,haunted_house,arts_and_entertainment > amusement_attraction > haunted_house,Haunted House
aquarium,attractions_and_activities > aquarium,aquarium,arts_and_entertainment > animal_attraction > aquarium,Aquarium
wildlife_sanctuary,arts_and_entertainment > wildlife_sanctuary,wildlife_sanctuary,arts_and_entertainment > animal_attraction > wildlife_sanctuary,Wildlife Sanctuary
zoo,attractions_and_activities > zoo,zoo,arts_and_entertainment > animal_attraction > zoo,Zoo
petting_zoo,attractions_and_activities > zoo > petting_zoo,petting_zoo,arts_and_entertainment > animal_attraction > zoo > petting_zoo,Petting Zoo
chamber_of_handicraft,arts_and_entertainment > chamber_of_handicraft,arts_and_crafts_space,arts_and_entertainment > arts_and_crafts_space,Arts and Crafts Space
art_gallery,attractions_and_activities > art_gallery,art_gallery,arts_and_entertainment > arts_and_crafts_space > art_gallery,Art Gallery
glass_blowing,arts_and_entertainment > glass_blowing,glass_blowing_venue,arts_and_entertainment > arts_and_crafts_space > glass_blowing_venue,Glass Blowing Venue
paint_and_sip,arts_and_entertainment > paint_and_sip,paint_and_sip_venue,arts_and_entertainment > arts_and_crafts_space > paint_and_sip_venue,Paint and Sip Venue
paint_your_own_pottery,retail > shopping > arts_and_crafts > paint_your_own_pottery,paint_your_own_pottery_venue,arts_and_entertainment > arts_and_crafts_space > paint_your_own_pottery_venue,Paint Your Own Pottery Venue
sculpture_statue,attractions_and_activities > sculpture_statue,sculpture_statue,arts_and_entertainment > arts_and_crafts_space > sculpture_statue,Sculpture Statue
street_art,attractions_and_activities > street_art,street_art,arts_and_entertainment > arts_and_crafts_space > street_art,Street Art
venue_and_event_space,professional_services > event_planning > venue_and_event_space,event_venue,arts_and_entertainment > event_venue,Event Venue
auditorium,arts_and_entertainment > auditorium,auditorium,arts_and_entertainment > event_venue > auditorium,Auditorium
exhibition_and_trade_center,arts_and_entertainment > exhibition_and_trade_center,exhibition_and_trade_fair_venue,arts_and_entertainment > event_venue > exhibition_and_trade_fair_venue,Exhibition and Trade Fair Venue
festival,arts_and_entertainment > festival,festival_venue,arts_and_entertainment > festival_venue,Festival Venue
fair,arts_and_entertainment > festival > fair,fairgrounds,arts_and_entertainment > festival_venue > fairgrounds,Fairgrounds
film_festivals_and_organizations,arts_and_entertainment > festival > film_festivals_and_organizations,film_festival_venue,arts_and_entertainment > festival_venue > film_festival_venue,Film Festival Venue
music_festivals_and_organizations,arts_and_entertainment > festival > music_festivals_and_organizations,music_festival_venue,arts_and_entertainment > festival_venue > music_festival_venue,Music Festival Venue
arcade,arts_and_entertainment > arcade,arcade,arts_and_entertainment > gaming_venue > arcade,Arcade
betting_center,arts_and_entertainment > betting_center,betting_center,arts_and_entertainment > gaming_venue > betting_center,Betting Center
bingo_hall,arts_and_entertainment > bingo_hall,bingo_hall,arts_and_entertainment > gaming_venue > bingo_hall,Bingo Hall
casino,arts_and_entertainment > casino,casino,arts_and_entertainment > gaming_venue > casino,Casino
escape_rooms,arts_and_entertainment > escape_rooms,escape_room,arts_and_entertainment > gaming_venue > escape_room,Escape Room
lottery_ticket,professional_services > lottery_ticket,lottery_vendor,arts_and_entertainment > gaming_venue > lottery_vendor,Lottery Vendor
scavenger_hunts_provider,attractions_and_activities > scavenger_hunts_provider,scavenger_hunt,arts_and_entertainment > gaming_venue > scavenger_hunt,Scavenger Hunt
cinema,arts_and_entertainment > cinema,movie_theater,arts_and_entertainment > movie_theater,Movie Theater
drive_in_theater,arts_and_entertainment > cinema > drive_in_theater,drive_in_theater,arts_and_entertainment > movie_theater > drive_in_theater,Drive-In Theater
outdoor_movies,arts_and_entertainment > cinema > outdoor_movies,outdoor_movie_space,arts_and_entertainment > movie_theater > outdoor_movie_space,Outdoor Movie Space
museum,attractions_and_activities > museum,museum,arts_and_entertainment > museum,Museum
art_museum,attractions_and_activities > museum > art_museum,art_museum,arts_and_entertainment > museum > art_museum,Art Museum
asian_art_museum,attractions_and_activities > museum > art_museum > asian_art_museum,asian_art_museum,arts_and_entertainment > museum > art_museum > asian_art_museum,Asian Art Museum
cartooning_museum,attractions_and_activities > museum > art_museum > cartooning_museum,cartooning_museum,arts_and_entertainment > museum > art_museum > cartooning_museum,Cartooning Museum
contemporary_art_museum,attractions_and_activities > museum > art_museum > contemporary_art_museum,contemporary_art_museum,arts_and_entertainment > museum > art_museum > contemporary_art_museum,Contemporary Art Museum
costume_museum,attractions_and_activities > museum > art_museum > costume_museum,costume_museum,arts_and_entertainment > museum > art_museum > costume_museum,Costume Museum
decorative_arts_museum,attractions_and_activities > museum > art_museum > decorative_arts_museum,decorative_arts_museum,arts_and_entertainment > museum > art_museum > decorative_arts_museum,Decorative Arts Museum
design_museum,attractions_and_activities > museum > art_museum > design_museum,design_museum,arts_and_entertainment > museum > art_museum > design_museum,Design Museum
modern_art_museum,attractions_and_activities > museum > art_museum > modern_art_museum,modern_art_museum,arts_and_entertainment > museum > art_museum > modern_art_museum,Modern Art Museum
photography_museum,attractions_and_activities > museum > art_museum > photography_museum,photography_museum,arts_and_entertainment > museum > art_museum > photography_museum,Photography Museum
textile_museum,attractions_and_activities > museum > art_museum > textile_museum,textile_museum,arts_and_entertainment > museum > art_museum > textile_museum,Textile Museum
aviation_museum,attractions_and_activities > museum > aviation_museum,aviation_museum,arts_and_entertainment > museum > aviation_museum,Aviation Museum
childrens_museum,attractions_and_activities > museum > childrens_museum,childrens_museum,arts_and_entertainment > museum > childrens_museum,Children's Museum
history_museum,attractions_and_activities > museum > history_museum,history_museum,arts_and_entertainment > museum > history_museum,History Museum
civilization_museum,attractions_and_activities > museum > history_museum > civilization_museum,civilization_museum,arts_and_entertainment > museum > history_museum > civilization_museum,Civilization Museum
community_museum,attractions_and_activities > museum > history_museum > community_museum,community_museum,arts_and_entertainment > museum > history_museum > community_museum,Community Museum
military_museum,attractions_and_activities > museum > military_museum,military_museum,arts_and_entertainment > museum > military_museum,Military Museum
national_museum,attractions_and_activities > museum > national_museum,national_museum,arts_and_entertainment > museum > national_museum,National Museum
science_museum,attractions_and_activities > museum > science_museum,science_museum,arts_and_entertainment > museum > science_museum,Science Museum
computer_museum,attractions_and_activities > museum > science_museum > computer_museum,computer_museum,arts_and_entertainment > museum > science_museum > computer_museum,Computer Museum
sports_museum,attractions_and_activities > museum > sports_museum,sports_museum,arts_and_entertainment > museum > sports_museum,Sports Museum
state_museum,attractions_and_activities > museum > state_museum,state_museum,arts_and_entertainment > museum > state_museum,State Museum
adult_entertainment,arts_and_entertainment > adult_entertainment,adult_entertainment_venue,arts_and_entertainment > nightlife_venue > adult_entertainment_venue,Adult Entertainment Venue
erotic_massage,arts_and_entertainment > adult_entertainment > erotic_massage,erotic_massage_venue,arts_and_entertainment > nightlife_venue > adult_entertainment_venue > erotic_massage_venue,Erotic Massage Venue
strip_club,arts_and_entertainment > adult_entertainment > strip_club,strip_club,arts_and_entertainment > nightlife_venue > adult_entertainment_venue > strip_club,Strip Club
bar_crawl,arts_and_entertainment > bar_crawl,bar_crawl,arts_and_entertainment > nightlife_venue > bar_crawl,Bar Crawl
club_crawl,arts_and_entertainment > club_crawl,club_crawl,arts_and_entertainment > nightlife_venue > club_crawl,Club Crawl
dance_club,arts_and_entertainment > dance_club,dance_club,arts_and_entertainment > nightlife_venue > dance_club,Dance Club
salsa_club,arts_and_entertainment > salsa_club,salsa_club,arts_and_entertainment > nightlife_venue > dance_club > salsa_club,Salsa Club
theaters_and_performance_venues,arts_and_entertainment > theaters_and_performance_venues,performing_arts_venue,arts_and_entertainment > performing_arts_venue,Performing Arts Venue
cabaret,arts_and_entertainment > cabaret,cabaret,arts_and_entertainment > performing_arts_venue > cabaret,Cabaret
comedy_club,arts_and_entertainment > comedy_club,comedy_club,arts_and_entertainment > performing_arts_venue > comedy_club,Comedy Club
music_venue,arts_and_entertainment > music_venue,music_venue,arts_and_entertainment > performing_arts_venue > music_venue,Music Venue
musical_band_orchestras_and_symphonies,arts_and_entertainment > musical_band_orchestras_and_symphonies,band_orchestra_symphony,arts_and_entertainment > performing_arts_venue > music_venue > band_orchestra_symphony,Band Orchestra Symphony
choir,arts_and_entertainment > choir,choir,arts_and_entertainment > performing_arts_venue > music_venue > choir,Choir
jazz_and_blues,arts_and_entertainment > jazz_and_blues,jazz_and_blues_venue,arts_and_entertainment > performing_arts_venue > music_venue > jazz_and_blues_venue,Jazz and Blues Venue
karaoke,arts_and_entertainment > karaoke,karaoke_venue,arts_and_entertainment > performing_arts_venue > music_venue > karaoke_venue,Karaoke Venue
opera_and_ballet,arts_and_entertainment > opera_and_ballet,opera_and_ballet,arts_and_entertainment > performing_arts_venue > music_venue > opera_and_ballet,Opera and Ballet
theatre,arts_and_entertainment > theaters_and_performance_venues > theatre,theatre_venue,arts_and_entertainment > performing_arts_venue > theatre_venue,Theatre Venue
dinner_theater,arts_and_entertainment > dinner_theater,dinner_theater,arts_and_entertainment > performing_arts_venue > theatre_venue > dinner_theater,Dinner Theater
attraction_farm,arts_and_entertainment > farm > attraction_farm,attraction_farm,arts_and_entertainment > rural_attraction > attraction_farm,Attraction Farm
country_dance_hall,arts_and_entertainment > country_dance_hall,country_dance_hall,arts_and_entertainment > rural_attraction > country_dance_hall,Country Dance Hall
pumpkin_patch,retail > shopping > home_and_garden > pumpkin_patch,pumpkin_patch,arts_and_entertainment > rural_attraction > pumpkin_patch,Pumpkin Patch
rodeo,arts_and_entertainment > rodeo,rodeo,arts_and_entertainment > rural_attraction > rodeo,Rodeo
makerspace,arts_and_entertainment > makerspace,makerspace,arts_and_entertainment > science_attraction > makerspace,Makerspace
observatory,attractions_and_activities > observatory,observatory,arts_and_entertainment > science_attraction > observatory,Observatory
planetarium,arts_and_entertainment > planetarium,planetarium,arts_and_entertainment > science_attraction > planetarium,Planetarium
virtual_reality_center,arts_and_entertainment > virtual_reality_center,virtual_reality_center,arts_and_entertainment > science_attraction > virtual_reality_center,Virtual Reality Center
social_club,arts_and_entertainment > social_club,social_club,arts_and_entertainment > social_club,Social Club
country_club,arts_and_entertainment > country_club,country_club,arts_and_entertainment > social_club > country_club,Country Club
fraternal_organization,arts_and_entertainment > social_club > fraternal_organization,fraternal_organization,arts_and_entertainment > social_club > fraternal_organization,Fraternal Organization
veterans_organization,arts_and_entertainment > social_club > veterans_organization,veterans_organization,arts_and_entertainment > social_club > veterans_organization,Veterans Organization
mystic,arts_and_entertainment > supernatural_reading > mystic,spiritual_advising,arts_and_entertainment > spiritual_advising,Spiritual Advising
astrologer,arts_and_entertainment > supernatural_reading > astrologer,astrological_advising,arts_and_entertainment > spiritual_advising > astrological_advising,Astrological Advising
fortune_telling_service,professional_services > fortune_telling_service,fortune_telling,arts_and_entertainment > spiritual_advising > fortune_telling,Fortune Telling
psychic,arts_and_entertainment > supernatural_reading > psychic,psychic_advising,arts_and_entertainment > spiritual_advising > psychic_advising,Psychic Advising
stadium_arena,arts_and_entertainment > stadium_arena,stadium_arena,arts_and_entertainment > stadium_arena,Stadium Arena
baseball_stadium,arts_and_entertainment > stadium_arena > baseball_stadium,baseball_stadium,arts_and_entertainment > stadium_arena > stadium > baseball_stadium,Baseball Stadium
basketball_stadium,arts_and_entertainment > stadium_arena > basketball_stadium,basketball_stadium,arts_and_entertainment > stadium_arena > stadium > basketball_stadium,Basketball Stadium
cricket_ground,arts_and_entertainment > stadium_arena > cricket_ground,cricket_ground,arts_and_entertainment > stadium_arena > stadium > cricket_ground,Cricket Ground
football_stadium,arts_and_entertainment > stadium_arena > football_stadium,football_stadium,arts_and_entertainment > stadium_arena > stadium > football_stadium,Football Stadium
hockey_arena,arts_and_entertainment > stadium_arena > hockey_arena,hockey_arena,arts_and_entertainment > stadium_arena > stadium > hockey_arena,Hockey Arena
rugby_stadium,arts_and_entertainment > stadium_arena > rugby_stadium,rugby_stadium,arts_and_entertainment > stadium_arena > stadium > rugby_stadium,Rugby Stadium
soccer_stadium,arts_and_entertainment > stadium_arena > soccer_stadium,soccer_stadium,arts_and_entertainment > stadium_arena > stadium > soccer_stadium,Soccer Stadium
tennis_stadium,arts_and_entertainment > stadium_arena > tennis_stadium,tennis_stadium,arts_and_entertainment > stadium_arena > stadium > tennis_stadium,Tennis Stadium
track_stadium,arts_and_entertainment > stadium_arena > track_stadium,track_stadium,arts_and_entertainment > stadium_arena > stadium > track_stadium,Track Stadium
ticket_sales,arts_and_entertainment > ticket_sales,ticket_office_or_booth,arts_and_entertainment > ticket_office_or_booth,Ticket Office or Booth
public_service_and_government,public_service_and_government,community_and_government,community_and_government,Community and Government
organization,public_service_and_government > organization,civic_organization,community_and_government > civic_organization,Civic Organization
charity_organization,public_service_and_government > organization > social_service_organizations > charity_organization,charity_organization,community_and_government > civic_organization > charity_organization,Charity Organization
civic_center,public_service_and_government > civic_center,civic_center,community_and_government > civic_organization > civic_center,Civic Center
labor_union,public_service_and_government > organization > labor_union,labor_union,community_and_government > civic_organization > labor_union,Labor Union
non_governmental_association,public_service_and_government > organization > non_governmental_association,non_governmental_association,community_and_government > civic_organization > non_governmental_association,Non Governmental Association
political_organization,public_service_and_government > organization > political_organization,political_organization,community_and_government > civic_organization > political_organization,Political Organization
political_party_office,public_service_and_government > political_party_office,political_party_office,community_and_government > civic_organization > political_organization > political_party_office,Political Party Office
central_government_office,public_service_and_government > central_government_office,government_office,community_and_government > government_office,Government Office
chambers_of_commerce,public_service_and_government > chambers_of_commerce,chambers_of_commerce,community_and_government > government_office > chambers_of_commerce,Chambers of Commerce
courthouse,public_service_and_government > courthouse,courthouse,community_and_government > government_office > courthouse,Courthouse
embassy,public_service_and_government > embassy,embassy,community_and_government > government_office > embassy,Embassy
department_of_motor_vehicles,public_service_and_government > department_of_motor_vehicles,department_of_motor_vehicles,community_and_government > government_office > government_department > department_of_motor_vehicles,Department of Motor Vehicles
department_of_social_service,public_service_and_government > department_of_social_service,department_of_social_service,community_and_government > government_office > government_department > department_of_social_service,Department of Social Service
health_department,health_and_medical > health_department,health_department,community_and_government > government_office > government_department > health_department,Health Department
immigration_and_naturalization,public_service_and_government > immigration_and_naturalization,immigration_and_naturalization_office,community_and_government > government_office > immigration_and_naturalization_office,Immigration and Naturalization Office
national_security_services,public_service_and_government > national_security_services,national_security_service,community_and_government > government_office > national_security_service,National Security Service
office_of_vital_records,public_service_and_government > office_of_vital_records,office_of_vital_records,community_and_government > government_office > office_of_vital_records,Office of Vital Records
pension,public_service_and_government > pension,pension_office,community_and_government > government_office > pension_office,Pension Office
registry_office,public_service_and_government > registry_office,registry_office,community_and_government > government_office > registry_office,Registry Office
social_security_services,public_service_and_government > government_services > social_security_services,social_security_service,community_and_government > government_office > social_security_service,Social Security Service
tax_office,public_service_and_government > tax_office,tax_office,community_and_government > government_office > tax_office,Tax Office
town_hall,public_service_and_government > town_hall,town_hall,community_and_government > government_office > town_hall,Town Hall
unemployment_office,public_service_and_government > unemployment_office,unemployment_office,community_and_government > government_office > unemployment_office,Unemployment Office
armed_forces_branch,public_service_and_government > armed_forces_branch,military_site,community_and_government > military_site,Military Site
fountain,attractions_and_activities > fountain,public_fountain,community_and_government > public_facility > public_fountain,Public Fountain
drinking_water_dispenser,business_to_business > business_manufacturing_and_supply > drinking_water_dispenser,drinking_fountain,community_and_government > public_facility > public_fountain > drinking_fountain,Drinking Fountain
public_phones,professional_services > utility_service > public_phones,public_phone,community_and_government > public_facility > public_phone,Public Phone
public_plaza,structure_and_geography > public_plaza,public_plaza,community_and_government > public_facility > public_plaza,Public Plaza
public_restrooms,professional_services > utility_service > public_restrooms,public_restroom,community_and_government > public_facility > public_restroom,Public Restroom
fire_department,public_service_and_government > fire_department,fire_station,community_and_government > public_safety_service > fire_station,Fire Station
jail_and_prison,public_service_and_government > jail_and_prison,jail_or_prison,community_and_government > public_safety_service > jail_or_prison,Jail or Prison
juvenile_detention_center,public_service_and_government > jail_and_prison > juvenile_detention_center,juvenile_detention_center,community_and_government > public_safety_service > jail_or_prison > juvenile_detention_center,Juvenile Detention Center
police_department,public_service_and_government > police_department,police_station,community_and_government > public_safety_service > police_station,Police Station
public_utility_company,public_service_and_government > public_utility_company,public_utility,community_and_government > public_utility,Public Utility
electric_utility_provider,public_service_and_government > public_utility_company > electric_utility_provider,electric_utility_provider,community_and_government > public_utility > electric_utility_provider,Electric Utility Provider
garbage_collection_service,professional_services > utility_service > garbage_collection_service,garbage_collection_service,community_and_government > public_utility > garbage_collection_service,Garbage Collection Service
natural_gas_supplier,professional_services > utility_service > natural_gas_supplier,natural_gas_utility_provider,community_and_government > public_utility > natural_gas_utility_provider,Natural Gas Utility Provider
septic_services,professional_services > septic_services,septic_service,community_and_government > public_utility > septic_service,Septic Service
water_supplier,professional_services > utility_service > water_supplier,water_utility_provider,community_and_government > public_utility > water_utility_provider,Water Utility Provider
community_services_non_profits,public_service_and_government > community_services,social_or_community_service,community_and_government > social_or_community_service,Social or Community Service
child_protection_service,public_service_and_government > organization > social_service_organizations > child_protection_service,child_protection_service,community_and_government > social_or_community_service > child_protection_service,Child Protection Service
community_center,public_service_and_government > community_center,community_center,community_and_government > social_or_community_service > community_center,Community Center
disability_services_and_support_organization,public_service_and_government > community_services > disability_services_and_support_organization,disability_services_and_support_organization,community_and_government > social_or_community_service > disability_services_and_support_organization,Disability Services and Support Organization
food_banks,public_service_and_government > organization > social_service_organizations > food_banks,food_bank,community_and_government > social_or_community_service > food_bank,Food Bank
foster_care_services,public_service_and_government > organization > social_service_organizations > foster_care_services,foster_care_service,community_and_government > social_or_community_service > foster_care_service,Foster Care Service
gay_and_lesbian_services_organization,public_service_and_government > organization > social_service_organizations > gay_and_lesbian_services_organization,gay_and_lesbian_services_organization,community_and_government > social_or_community_service > gay_and_lesbian_services_organization,Gay and Lesbian Services Organization
homeless_shelter,public_service_and_government > organization > social_service_organizations > homeless_shelter,homeless_shelter,community_and_government > social_or_community_service > homeless_shelter,Homeless Shelter
housing_authorities,public_service_and_government > organization > social_service_organizations > housing_authorities,housing_authority,community_and_government > social_or_community_service > housing_authority,Housing Authority
scout_hall,public_service_and_government > scout_hall,scout_hall,community_and_government > social_or_community_service > scout_hall,Scout Hall
senior_citizen_services,public_service_and_government > organization > social_service_organizations > senior_citizen_services,senior_citizen_service,community_and_government > social_or_community_service > senior_citizen_service,Senior Citizen Service
social_and_human_services,public_service_and_government > organization > social_service_organizations > social_and_human_services,social_and_human_service,community_and_government > social_or_community_service > social_and_human_service,Social and Human Service
social_welfare_center,public_service_and_government > organization > social_service_organizations > social_welfare_center,social_welfare_center,community_and_government > social_or_community_service > social_welfare_center,Social Welfare Center
volunteer_association,public_service_and_government > organization > social_service_organizations > volunteer_association,volunteer_association,community_and_government > social_or_community_service > volunteer_association,Volunteer Association
youth_organizations,public_service_and_government > organization > social_service_organizations > youth_organizations,youth_organization,community_and_government > social_or_community_service > youth_organization,Youth Organization
cultural_center,attractions_and_activities > cultural_center,cultural_center,cultural_and_historic > cultural_center,Cultural Center
landmark_and_historical_building,attractions_and_activities > landmark_and_historical_building,historic_site,cultural_and_historic > historic_site,Historic Site
castle,attractions_and_activities > castle,castle,cultural_and_historic > historic_site > castle,Castle
fort,attractions_and_activities > fort,fort,cultural_and_historic > historic_site > fort,Fort
mission,religious_organization > mission,historic_mission,cultural_and_historic > historic_site > historic_mission,Historic Mission
tower,structure_and_geography > tower,historic_tower,cultural_and_historic > historic_site > historic_tower,Historic Tower
lighthouse,attractions_and_activities > lighthouse,lighthouse,cultural_and_historic > historic_site > lighthouse,Lighthouse
palace,attractions_and_activities > palace,palace,cultural_and_historic > historic_site > palace,Palace
ruin,attractions_and_activities > ruin,ruin,cultural_and_historic > historic_site > ruin,Ruin
cemeteries,professional_services > cemeteries,cemetery,cultural_and_historic > memorial_site > cemetery,Cemetery
memorial_park,attractions_and_activities > park > memorial_park,memorial_park,cultural_and_historic > memorial_site > memorial_park,Memorial Park
monument,attractions_and_activities > monument,monument,cultural_and_historic > memorial_site > monument,Monument
temple,religious_organization > temple,place_of_worship,cultural_and_historic > place_of_worship,Place of Worship
buddhist_temple,religious_organization > buddhist_temple,buddhist_place_of_worship,cultural_and_historic > place_of_worship > buddhist_place_of_worship,Buddhist Place of Worship
church_cathedral,religious_organization > church_cathedral,christian_place_of_worship,cultural_and_historic > place_of_worship > christian_place_of_worship,Christian Place of Worship
evangelical_church,religious_organization > church_cathedral > evangelical_church,protestant_place_of_worship,cultural_and_historic > place_of_worship > christian_place_of_worship > protestant_place_of_worship,Protestant Place of Worship
anglican_church,religious_organization > church_cathedral > anglican_church,anglican_or_episcopal_place_of_worship,cultural_and_historic > place_of_worship > christian_place_of_worship > protestant_place_of_worship > anglican_or_episcopal_place_of_worship,Anglican or Episcopal Place of Worship
baptist_church,religious_organization > church_cathedral > baptist_church,baptist_place_of_worship,cultural_and_historic > place_of_worship > christian_place_of_worship > protestant_place_of_worship > baptist_place_of_worship,Baptist Place of Worship
pentecostal_church,religious_organization > church_cathedral > pentecostal_church,pentecostal_place_of_worship,cultural_and_historic > place_of_worship > christian_place_of_worship > protestant_place_of_worship > pentecostal_place_of_worship,Pentecostal Place of Worship
jehovahs_witness_kingdom_hall,religious_organization > church_cathedral > jehovahs_witness_kingdom_hall,jehovahs_witness_place_of_worship,cultural_and_historic > place_of_worship > christian_place_of_worship > restorationist_place_of_worship > jehovahs_witness_place_of_worship,Jehovahs Witness Place of Worship
catholic_church,religious_organization > church_cathedral > catholic_church,roman_catholic_place_of_worship,cultural_and_historic > place_of_worship > christian_place_of_worship > roman_catholic_place_of_worship,Roman Catholic Place of Worship
hindu_temple,religious_organization > hindu_temple,hindu_place_of_worship,cultural_and_historic > place_of_worship > hindu_place_of_worship,Hindu Place of Worship
synagogue,religious_organization > synagogue,jewish_place_of_worship,cultural_and_historic > place_of_worship > jewish_place_of_worship,Jewish Place of Worship
mosque,religious_organization > mosque,muslim_place_of_worship,cultural_and_historic > place_of_worship > muslim_place_of_worship,Muslim Place of Worship
sikh_temple,religious_organization > sikh_temple,sikh_place_of_worship,cultural_and_historic > place_of_worship > sikh_place_of_worship,Sikh Place of Worship
shinto_shrines,religious_organization > shinto_shrines,shinto_shrine,cultural_and_historic > religious_landmark > shrine > shinto_shrine,Shinto Shrine
religious_organization,religious_organization,religious_organization,cultural_and_historic > religious_organization,Religious Organization
education,education,education,education,Education
board_of_education_offices,education > board_of_education_offices,board_of_education_office,education > education_office > board_of_education_office,Board of Education Office
school_district_offices,education > school_district_offices,school_district_office,education > education_office > school_district_office,School District Office
campus_building,education > campus_building,campus_building,education > educational_facility > campus_building,Campus Building
student_union,education > student_union,student_union,education > educational_facility > campus_building > student_union,Student Union
educational_camp,education > educational_camp,educational_camp,education > educational_facility > educational_camp,Educational Camp
educational_services,education > educational_services,educational_service,education > educational_service,Educational Service
after_school_program,professional_services > after_school_program,after_school_program,education > educational_service > after_school_program,After School Program
archaeological_services,education > educational_services > archaeological_services,archaeological_service,education > educational_service > archaeological_service,Archaeological Service
college_counseling,education > college_counseling,college_counseling,education > educational_service > college_counseling,College Counseling
test_preparation,education > test_preparation,test_preparation,education > educational_service > test_preparation,Test Preparation
tutoring_center,education > tutoring_center,tutoring_service,education > educational_service > tutoring_service,Tutoring Service
private_tutor,education > private_tutor,private_tutor,education > educational_service > tutoring_service > private_tutor,Private Tutor
library,public_service_and_government > library,library,education > library,Library
civil_examinations_academy,education > tutoring_center > civil_examinations_academy,civil_examinations_academy,education > place_of_learning > academy > civil_examinations_academy,Civil Examinations Academy
adult_education,education > adult_education,adult_education_center,education > place_of_learning > adult_education_center,Adult Education Center
tasting_classes,education > tasting_classes,tasting_class,education > place_of_learning > class_venue > tasting_class,Tasting Class
cheese_tasting_classes,education > tasting_classes > cheese_tasting_classes,cheese_tasting_class,education > place_of_learning > class_venue > tasting_class > cheese_tasting_class,Cheese Tasting Class
wine_tasting_classes,education > tasting_classes > wine_tasting_classes,wine_tasting_class,education > place_of_learning > class_venue > tasting_class > wine_tasting_class,Wine Tasting Class
college_university,education > college_university,college_university,education > place_of_learning > college_university,College University
architecture_schools,education > college_university > architecture_schools,architecture_school,education > place_of_learning > college_university > architecture_school,Architecture School
business_schools,education > college_university > business_schools,business_school,education > place_of_learning > college_university > business_school,Business School
engineering_schools,education > college_university > engineering_schools,engineering_school,education > place_of_learning > college_university > engineering_school,Engineering School
law_schools,education > college_university > law_schools,law_school,education > place_of_learning > college_university > law_school,Law School
medical_sciences_schools,education > college_university > medical_sciences_schools,medical_sciences_school,education > place_of_learning > college_university > medical_sciences_school,Medical Sciences School
dentistry_schools,education > college_university > medical_sciences_schools > dentistry_schools,dentistry_school,education > place_of_learning > college_university > medical_sciences_school > dentistry_school,Dentistry School
pharmacy_schools,education > college_university > medical_sciences_schools > pharmacy_schools,pharmacy_school,education > place_of_learning > college_university > medical_sciences_school > pharmacy_school,Pharmacy School
veterinary_schools,education > college_university > medical_sciences_schools > veterinary_schools,veterinary_school,education > place_of_learning > college_university > medical_sciences_school > veterinary_school,Veterinary School
science_schools,education > college_university > science_schools,science_school,education > place_of_learning > college_university > science_school,Science School
school,education > school,school,education > place_of_learning > school,School
charter_school,education > school > charter_school,charter_school,education > place_of_learning > school > charter_school,Charter School
elementary_school,education > school > elementary_school,elementary_school,education > place_of_learning > school > elementary_school,Elementary School
high_school,education > school > high_school,high_school,education > place_of_learning > school > high_school,High School
middle_school,education > school > middle_school,middle_school,education > place_of_learning > school > middle_school,Middle School
montessori_school,education > school > montessori_school,montessori_school,education > place_of_learning > school > montessori_school,Montessori School
preschool,education > school > preschool,preschool,education > place_of_learning > school > preschool,Preschool
private_school,education > school > private_school,private_school,education > place_of_learning > school > private_school,Private School
public_school,education > school > public_school,public_school,education > place_of_learning > school > public_school,Public School
religious_school,education > school > religious_school,religious_school,education > place_of_learning > school > religious_school,Religious School
waldorf_school,education > school > waldorf_school,waldorf_school,education > place_of_learning > school > waldorf_school,Waldorf School
specialty_school,education > specialty_school,specialty_school,education > place_of_learning > specialty_school,Specialty School
art_school,education > specialty_school > art_school,art_school,education > place_of_learning > specialty_school > art_school,Art School
bartending_school,education > specialty_school > bartending_school,bartending_school,education > place_of_learning > specialty_school > bartending_school,Bartending School
cheerleading,education > specialty_school > cheerleading,cheerleading,education > place_of_learning > specialty_school > cheerleading,Cheerleading
childbirth_education,education > specialty_school > childbirth_education,childbirth_education,education > place_of_learning > specialty_school > childbirth_education,Childbirth Education
circus_school,education > specialty_school > circus_school,circus_school,education > place_of_learning > specialty_school > circus_school,Circus School
computer_coaching,education > specialty_school > computer_coaching,computer_coaching,education > place_of_learning > specialty_school > computer_coaching,Computer Coaching
cooking_school,education > specialty_school > cooking_school,cooking_school,education > place_of_learning > specialty_school > cooking_school,Cooking School
cosmetology_school,education > specialty_school > cosmetology_school,cosmetology_school,education > place_of_learning > specialty_school > cosmetology_school,Cosmetology School
cpr_classes,education > specialty_school > cpr_classes,cpr_class,education > place_of_learning > specialty_school > cpr_class,CPR Class
drama_school,education > specialty_school > drama_school,drama_school,education > place_of_learning > specialty_school > drama_school,Drama School
driving_school,education > specialty_school > driving_school,driving_school,education > place_of_learning > specialty_school > driving_school,Driving School
dui_school,education > specialty_school > dui_school,dui_school,education > place_of_learning > specialty_school > dui_school,DUI School
firearm_training,education > specialty_school > firearm_training,firearm_training,education > place_of_learning > specialty_school > firearm_training,Firearm Training
first_aid_class,education > specialty_school > first_aid_class,first_aid_class,education > place_of_learning > specialty_school > first_aid_class,First Aid Class
flight_school,education > specialty_school > flight_school,flight_school,education > place_of_learning > specialty_school > flight_school,Flight School
food_safety_training,education > specialty_school > food_safety_training,food_safety_training,education > place_of_learning > specialty_school > food_safety_training,Food Safety Training
language_school,education > specialty_school > language_school,language_school,education > place_of_learning > specialty_school > language_school,Language School
massage_school,education > specialty_school > massage_school,massage_school,education > place_of_learning > specialty_school > massage_school,Massage School
medical_school,education > specialty_school > medical_school,medical_school,education > place_of_learning > specialty_school > medical_school,Medical School
music_school,education > specialty_school > music_school,music_school,education > place_of_learning > specialty_school > music_school,Music School
nursing_school,education > specialty_school > nursing_school,nursing_school,education > place_of_learning > specialty_school > nursing_school,Nursing School
parenting_classes,education > specialty_school > parenting_classes,parenting_class,education > place_of_learning > specialty_school > parenting_class,Parenting Class
photography_classes,education > specialty_school > photography_classes,photography_class,education > place_of_learning > specialty_school > photography_class,Photography Class
speech_training,education > specialty_school > speech_training,speech_training,education > place_of_learning > specialty_school > speech_training,Speech Training
sports_school,education > specialty_school > sports_school,sports_school,education > place_of_learning > specialty_school > sports_school,Sports School
traffic_school,education > specialty_school > traffic_school,traffic_school,education > place_of_learning > specialty_school > traffic_school,Traffic School
vocational_and_technical_school,education > specialty_school > vocational_and_technical_school,vocational_and_technical_school,education > place_of_learning > specialty_school > vocational_and_technical_school,Vocational and Technical School
research_institute,business_to_business > b2b_science_and_technology > research_institute,research_institute,education > research_institute,Research Institute
educational_research_institute,education > educational_research_institute,educational_research_institute,education > research_institute > educational_research_institute,Educational Research Institute
medical_research_and_development,business_to_business > b2b_medical_support_services > medical_research_and_development,medical_research_institute,education > research_institute > medical_research_institute,Medical Research Institute
eat_and_drink,eat_and_drink,food_and_drink,food_and_drink,Food and Drink
bar,eat_and_drink > bar,bar,food_and_drink > alcoholic_beverage_venue > bar,Bar
tabac,eat_and_drink > bar > tabac,bar_tabac,food_and_drink > alcoholic_beverage_venue > bar > bar_tabac,Bar Tabac
beach_bar,eat_and_drink > bar > beach_bar,beach_bar,food_and_drink > alcoholic_beverage_venue > bar > beach_bar,Beach Bar
beer_bar,eat_and_drink > bar > beer_bar,beer_bar,food_and_drink > alcoholic_beverage_venue > bar > beer_bar,Beer Bar
champagne_bar,eat_and_drink > bar > champagne_bar,champagne_bar,food_and_drink > alcoholic_beverage_venue > bar > champagne_bar,Champagne Bar
cigar_bar,eat_and_drink > bar > cigar_bar,cigar_bar,food_and_drink > alcoholic_beverage_venue > bar > cigar_bar,Cigar Bar
cocktail_bar,eat_and_drink > bar > cocktail_bar,cocktail_bar,food_and_drink > alcoholic_beverage_venue > bar > cocktail_bar,Cocktail Bar
dive_bar,eat_and_drink > bar > dive_bar,dive_bar,food_and_drink > alcoholic_beverage_venue > bar > dive_bar,Dive Bar
drive_thru_bar,eat_and_drink > bar > drive_thru_bar,drive_thru_bar,food_and_drink > alcoholic_beverage_venue > bar > drive_thru_bar,Drive Thru Bar
gay_bar,eat_and_drink > bar > gay_bar,gay_bar,food_and_drink > alcoholic_beverage_venue > bar > gay_bar,Gay Bar
hookah_bar,eat_and_drink > bar > hookah_bar,hookah_bar,food_and_drink > alcoholic_beverage_venue > bar > hookah_bar,Hookah Bar
hotel_bar,eat_and_drink > bar > hotel_bar,hotel_bar,food_and_drink > alcoholic_beverage_venue > bar > hotel_bar,Hotel Bar
piano_bar,eat_and_drink > bar > piano_bar,piano_bar,food_and_drink > alcoholic_beverage_venue > bar > piano_bar,Piano Bar
pub,eat_and_drink > bar > pub,pub,food_and_drink > alcoholic_beverage_venue > bar > pub,Pub
irish_pub,eat_and_drink > bar > irish_pub,irish_pub,food_and_drink > alcoholic_beverage_venue > bar > pub > irish_pub,Irish Pub
sake_bar,eat_and_drink > bar > sake_bar,sake_bar,food_and_drink > alcoholic_beverage_venue > bar > sake_bar,Sake Bar
speakeasy,eat_and_drink > bar > speakeasy,speakeasy,food_and_drink > alcoholic_beverage_venue > bar > speakeasy,Speakeasy
sports_bar,eat_and_drink > bar > sports_bar,sports_bar,food_and_drink > alcoholic_beverage_venue > bar > sports_bar,Sports Bar
tiki_bar,eat_and_drink > bar > tiki_bar,tiki_bar,food_and_drink > alcoholic_beverage_venue > bar > tiki_bar,Tiki Bar
vermouth_bar,eat_and_drink > bar > vermouth_bar,vermouth_bar,food_and_drink > alcoholic_beverage_venue > bar > vermouth_bar,Vermouth Bar
whiskey_bar,eat_and_drink > bar > whiskey_bar,whiskey_bar,food_and_drink > alcoholic_beverage_venue > bar > whiskey_bar,Whiskey Bar
wine_bar,eat_and_drink > bar > wine_bar,wine_bar,food_and_drink > alcoholic_beverage_venue > bar > wine_bar,Wine Bar
beer_garden,eat_and_drink > bar > beer_garden,beer_garden,food_and_drink > alcoholic_beverage_venue > beer_garden,Beer Garden
brewery,eat_and_drink > bar > brewery,brewery,food_and_drink > alcoholic_beverage_venue > brewery,Brewery
cidery,eat_and_drink > bar > cidery,cidery,food_and_drink > alcoholic_beverage_venue > cidery,Cidery
distillery,retail > distillery,distillery,food_and_drink > alcoholic_beverage_venue > distillery,Distillery
lounge,eat_and_drink > bar > lounge,lounge,food_and_drink > alcoholic_beverage_venue > lounge,Lounge
airport_lounge,eat_and_drink > bar > airport_lounge,airport_lounge,food_and_drink > alcoholic_beverage_venue > lounge > airport_lounge,Airport Lounge
winery,retail > food > winery,winery,food_and_drink > alcoholic_beverage_venue > winery,Winery
wine_tasting_room,retail > food > winery > wine_tasting_room,wine_tasting_room,food_and_drink > alcoholic_beverage_venue > winery > wine_tasting_room,Wine Tasting Room
bagel_shop,retail > food > bagel_shop,bagel_shop,food_and_drink > casual_eatery > bagel_shop,Bagel Shop
bakery,retail > food > bakery,bakery,food_and_drink > casual_eatery > bakery,Bakery
baguettes,eat_and_drink > restaurant > breakfast_and_brunch_restaurant > baguettes,baguette_shop,food_and_drink > casual_eatery > bakery > baguette_shop,Baguette Shop
flatbread_restaurant,eat_and_drink > restaurant > flatbread_restaurant,flatbread_shop,food_and_drink > casual_eatery > bakery > flatbread_shop,Flatbread Shop
macarons,retail > food > specialty_foods > macarons,macaron_shop,food_and_drink > casual_eatery > bakery > macaron_shop,Macaron Shop
pretzels,retail > food > pretzels,pretzel_shop,food_and_drink > casual_eatery > bakery > pretzel_shop,Pretzel Shop
bistro,eat_and_drink > restaurant > bistro,bistro,food_and_drink > casual_eatery > bistro,Bistro
cafe,eat_and_drink > cafe,cafe,food_and_drink > casual_eatery > cafe,Cafe
hong_kong_style_cafe,eat_and_drink > restaurant > asian_restaurant > hong_kong_style_cafe,hong_kong_style_cafe,food_and_drink > casual_eatery > cafe > hong_kong_style_cafe,Hong Kong Style Cafe
internet_cafe,arts_and_entertainment > internet_cafe,internet_cafe,food_and_drink > casual_eatery > cafe > internet_cafe,Internet Cafe
candy_store,retail > food > candy_store,candy_store,food_and_drink > casual_eatery > candy_store,Candy Store
chocolatier,retail > food > chocolatier,chocolatier,food_and_drink > casual_eatery > candy_store > chocolatier,Chocolatier
indian_sweets_shop,retail > food > specialty_foods > indian_sweets_shop,indian_sweets_shop,food_and_drink > casual_eatery > candy_store > indian_sweets_shop,Indian Sweets Shop
japanese_confectionery_shop,retail > food > candy_store > japanese_confectionery_shop,japanese_confectionery_shop,food_and_drink > casual_eatery > candy_store > japanese_confectionery_shop,Japanese Confectionery Shop
canteen,eat_and_drink > restaurant > canteen,canteen,food_and_drink > casual_eatery > canteen,Canteen
delicatessen,retail > food > specialty_foods > delicatessen,delicatessen,food_and_drink > casual_eatery > delicatessen,Delicatessen
desserts,retail > food > desserts,dessert_shop,food_and_drink > casual_eatery > dessert_shop,Dessert Shop
cupcake_shop,retail > food > patisserie_cake_shop > cupcake_shop,cupcake_shop,food_and_drink > casual_eatery > dessert_shop > cupcake_shop,Cupcake Shop
donuts,retail > food > donuts,donut_shop,food_and_drink > casual_eatery > dessert_shop > donut_shop,Donut Shop
frozen_yoghurt_shop,retail > food > ice_cream_and_frozen_yoghurt > frozen_yoghurt_shop,frozen_yogurt_shop,food_and_drink > casual_eatery > dessert_shop > frozen_yogurt_shop,Frozen Yogurt Shop
gelato,retail > food > ice_cream_and_frozen_yoghurt > gelato,gelato_shop,food_and_drink > casual_eatery > dessert_shop > gelato_shop,Gelato Shop
ice_cream_shop,retail > food > ice_cream_and_frozen_yoghurt > ice_cream_shop,ice_cream_shop,food_and_drink > casual_eatery > dessert_shop > ice_cream_shop,Ice Cream Shop
pie_shop,retail > food > pie_shop,pie_shop,food_and_drink > casual_eatery > dessert_shop > pie_shop,Pie Shop
shaved_ice_shop,retail > food > ice_cream_and_frozen_yoghurt > shaved_ice_shop,shaved_ice_shop,food_and_drink > casual_eatery > dessert_shop > shaved_ice_shop,Shaved Ice Shop
diner,eat_and_drink > restaurant > diner,diner,food_and_drink > casual_eatery > diner,Diner
fast_food_restaurant,eat_and_drink > restaurant > fast_food_restaurant,fast_food_restaurant,food_and_drink > casual_eatery > fast_food_restaurant,Fast Food Restaurant
fondue_restaurant,eat_and_drink > restaurant > fondue_restaurant,fondue_restaurant,food_and_drink > casual_eatery > fondue_restaurant,Fondue Restaurant
food_court,eat_and_drink > restaurant > food_court,food_court,food_and_drink > casual_eatery > food_court,Food Court
food_truck,retail > food > food_truck,food_truck_stand,food_and_drink > casual_eatery > food_truck_stand,Food Truck or Stand
friterie,retail > food > friterie,friterie,food_and_drink > casual_eatery > friterie,Friterie
gastropub,eat_and_drink > restaurant > gastropub,gastropub,food_and_drink > casual_eatery > gastropub,Gastropub
popcorn_shop,retail > popcorn_shop,popcorn_shop,food_and_drink > casual_eatery > popcorn_shop,Popcorn Shop
sandwich_shop,retail > food > sandwich_shop,sandwich_shop,food_and_drink > casual_eatery > sandwich_shop,Sandwich Shop
sugar_shack,eat_and_drink > bar > sugar_shack,sugar_shack,food_and_drink > casual_eatery > sugar_shack,Sugar Shack
tapas_bar,eat_and_drink > restaurant > tapas_bar,tapas_bar,food_and_drink > casual_eatery > tapas_bar,Tapas Bar
beverage_store,retail > beverage_store,non_alcoholic_beverage_venue,food_and_drink > non_alcoholic_beverage_venue,Non-Alcoholic Beverage Venue
bubble_tea,eat_and_drink > bar > bubble_tea,bubble_tea_shop,food_and_drink > non_alcoholic_beverage_venue > bubble_tea_shop,Bubble Tea Shop
coffee_shop,eat_and_drink > cafe > coffee_shop,coffee_shop,food_and_drink > non_alcoholic_beverage_venue > coffee_shop,Coffee Shop
coffee_roastery,eat_and_drink > cafe > coffee_roastery,coffee_roastery,food_and_drink > non_alcoholic_beverage_venue > coffee_shop > coffee_roastery,Coffee Roastery
kombucha,eat_and_drink > bar > kombucha,kombucha_bar,food_and_drink > non_alcoholic_beverage_venue > kombucha_bar,Kombucha Bar
milk_bar,eat_and_drink > bar > milk_bar,milk_bar,food_and_drink > non_alcoholic_beverage_venue > milk_bar,Milk Bar
milkshake_bar,eat_and_drink > bar > milkshake_bar,milkshake_bar,food_and_drink > non_alcoholic_beverage_venue > milkshake_bar,Milkshake Bar
smoothie_juice_bar,eat_and_drink > bar > smoothie_juice_bar,smoothie_juice_bar,food_and_drink > non_alcoholic_beverage_venue > smoothie_juice_bar,Smoothie or Juice Bar
tea_room,eat_and_drink > cafe > tea_room,tea_room,food_and_drink > non_alcoholic_beverage_venue > tea_room,Tea Room
restaurant,eat_and_drink > restaurant,restaurant,food_and_drink > restaurant,Restaurant
african_restaurant,eat_and_drink > restaurant > african_restaurant,african_restaurant,food_and_drink > restaurant > african_restaurant,African Restaurant
ethiopian_restaurant,eat_and_drink > restaurant > african_restaurant > ethiopian_restaurant,ethiopian_restaurant,food_and_drink > restaurant > african_restaurant > east_african_restaurant > ethiopian_restaurant,Ethiopian Restaurant
egyptian_restaurant,eat_and_drink > restaurant > middle_eastern_restaurant > egyptian_restaurant,egyptian_restaurant,food_and_drink > restaurant > african_restaurant > north_african_restaurant > egyptian_restaurant,Egyptian Restaurant
moroccan_restaurant,eat_and_drink > restaurant > african_restaurant > moroccan_restaurant,moroccan_restaurant,food_and_drink > restaurant > african_restaurant > north_african_restaurant > moroccan_restaurant,Moroccan Restaurant
south_african_restaurant,eat_and_drink > restaurant > african_restaurant > south_african_restaurant,south_african_restaurant,food_and_drink > restaurant > african_restaurant > southern_african_restaurant > south_african_restaurant,South African Restaurant
nigerian_restaurant,eat_and_drink > restaurant > african_restaurant > nigerian_restaurant,nigerian_restaurant,food_and_drink > restaurant > african_restaurant > west_african_restaurant > nigerian_restaurant,Nigerian Restaurant
senegalese_restaurant,eat_and_drink > restaurant > african_restaurant > senegalese_restaurant,senegalese_restaurant,food_and_drink > restaurant > african_restaurant > west_african_restaurant > senegalese_restaurant,Senegalese Restaurant
asian_restaurant,eat_and_drink > restaurant > asian_restaurant,asian_restaurant,food_and_drink > restaurant > asian_restaurant,Asian Restaurant
afghan_restaurant,eat_and_drink > restaurant > afghan_restaurant,afghani_restaurant,food_and_drink > restaurant > asian_restaurant > central_asian_restaurant > afghani_restaurant,Afghani Restaurant
uzbek_restaurant,eat_and_drink > restaurant > uzbek_restaurant,uzbek_restaurant,food_and_drink > restaurant > asian_restaurant > central_asian_restaurant > uzbek_restaurant,Uzbek Restaurant
chinese_restaurant,eat_and_drink > restaurant > asian_restaurant > chinese_restaurant,chinese_restaurant,food_and_drink > restaurant > asian_restaurant > east_asian_restaurant > chinese_restaurant,Chinese Restaurant
baozi_restaurant,eat_and_drink > restaurant > baozi_restaurant,baozi_restaurant,food_and_drink > restaurant > asian_restaurant > east_asian_restaurant > chinese_restaurant > baozi_restaurant,Baozi Restaurant
dim_sum_restaurant,eat_and_drink > restaurant > asian_restaurant > dim_sum_restaurant,dim_sum_restaurant,food_and_drink > restaurant > asian_restaurant > east_asian_restaurant > chinese_restaurant > dim_sum_restaurant,Dim Sum Restaurant
indo_chinese_restaurant,eat_and_drink > restaurant > asian_restaurant > indo_chinese_restaurant,indo_chinese_restaurant,food_and_drink > restaurant > asian_restaurant > east_asian_restaurant > chinese_restaurant > indo_chinese_restaurant,Indo Chinese Restaurant
japanese_restaurant,eat_and_drink > restaurant > asian_restaurant > japanese_restaurant,japanese_restaurant,food_and_drink > restaurant > asian_restaurant > east_asian_restaurant > japanese_restaurant,Japanese Restaurant
sushi_restaurant,eat_and_drink > restaurant > asian_restaurant > sushi_restaurant,sushi_restaurant,food_and_drink > restaurant > asian_restaurant > east_asian_restaurant > japanese_restaurant > sushi_restaurant,Sushi Restaurant
korean_restaurant,eat_and_drink > restaurant > asian_restaurant > korean_restaurant,korean_restaurant,food_and_drink > restaurant > asian_restaurant > east_asian_restaurant > korean_restaurant,Korean Restaurant
mongolian_restaurant,eat_and_drink > restaurant > asian_restaurant > mongolian_restaurant,mongolian_restaurant,food_and_drink > restaurant > asian_restaurant > east_asian_restaurant > mongolian_restaurant,Mongolian Restaurant
taiwanese_restaurant,eat_and_drink > restaurant > asian_restaurant > taiwanese_restaurant,taiwanese_restaurant,food_and_drink > restaurant > asian_restaurant > east_asian_restaurant > taiwanese_restaurant,Taiwanese Restaurant
noodles_restaurant,eat_and_drink > restaurant > asian_restaurant > noodles_restaurant,ramen_restaurant,food_and_drink > restaurant > asian_restaurant > ramen_restaurant,Ramen Restaurant
bangladeshi_restaurant,eat_and_drink > restaurant > bangladeshi_restaurant,bangladeshi_restaurant,food_and_drink > restaurant > asian_restaurant > south_asian_restaurant > bangladeshi_restaurant,Bangladeshi Restaurant
himalayan_nepalese_restaurant,eat_and_drink > restaurant > himalayan_nepalese_restaurant,himalayan_restaurant,food_and_drink > restaurant > asian_restaurant > south_asian_restaurant > himalayan_restaurant,Himalayan Restaurant
indian_restaurant,eat_and_drink > restaurant > indian_restaurant,indian_restaurant,food_and_drink > restaurant > asian_restaurant > south_asian_restaurant > indian_restaurant,Indian Restaurant
pakistani_restaurant,eat_and_drink > restaurant > pakistani_restaurant,pakistani_restaurant,food_and_drink > restaurant > asian_restaurant > south_asian_restaurant > pakistani_restaurant,Pakistani Restaurant
sri_lankan_restaurant,eat_and_drink > restaurant > sri_lankan_restaurant,sri_lankan_restaurant,food_and_drink > restaurant > asian_restaurant > south_asian_restaurant > sri_lankan_restaurant,Sri Lankan Restaurant
burmese_restaurant,eat_and_drink > restaurant > asian_restaurant > burmese_restaurant,burmese_restaurant,food_and_drink > restaurant > asian_restaurant > southeast_asian_restaurant > burmese_restaurant,Burmese Restaurant
cambodian_restaurant,eat_and_drink > restaurant > asian_restaurant > cambodian_restaurant,cambodian_restaurant,food_and_drink > restaurant > asian_restaurant > southeast_asian_restaurant > cambodian_restaurant,Cambodian Restaurant
filipino_restaurant,eat_and_drink > restaurant > asian_restaurant > filipino_restaurant,filipino_restaurant,food_and_drink > restaurant > asian_restaurant > southeast_asian_restaurant > filipino_restaurant,Filipino Restaurant
indonesian_restaurant,eat_and_drink > restaurant > asian_restaurant > indonesian_restaurant,indonesian_restaurant,food_and_drink > restaurant > asian_restaurant > southeast_asian_restaurant > indonesian_restaurant,Indonesian Restaurant
laotian_restaurant,eat_and_drink > restaurant > asian_restaurant > laotian_restaurant,laotian_restaurant,food_and_drink > restaurant > asian_restaurant > southeast_asian_restaurant > laotian_restaurant,Laotian Restaurant
malaysian_restaurant,eat_and_drink > restaurant > asian_restaurant > malaysian_restaurant,malaysian_restaurant,food_and_drink > restaurant > asian_restaurant > southeast_asian_restaurant > malaysian_restaurant,Malaysian Restaurant
nasi_restaurant,eat_and_drink > restaurant > nasi_restaurant,nasi_restaurant,food_and_drink > restaurant > asian_restaurant > southeast_asian_restaurant > nasi_restaurant,Nasi Restaurant
singaporean_restaurant,eat_and_drink > restaurant > asian_restaurant > singaporean_restaurant,singaporean_restaurant,food_and_drink > restaurant > asian_restaurant > southeast_asian_restaurant > singaporean_restaurant,Singaporean Restaurant
thai_restaurant,eat_and_drink > restaurant > asian_restaurant > thai_restaurant,thai_restaurant,food_and_drink > restaurant > asian_restaurant > southeast_asian_restaurant > thai_restaurant,Thai Restaurant
vietnamese_restaurant,eat_and_drink > restaurant > asian_restaurant > vietnamese_restaurant,vietnamese_restaurant,food_and_drink > restaurant > asian_restaurant > southeast_asian_restaurant > vietnamese_restaurant,Vietnamese Restaurant
wok_restaurant,eat_and_drink > restaurant > wok_restaurant,wok_restaurant,food_and_drink > restaurant > asian_restaurant > wok_restaurant,Wok Restaurant
bar_and_grill_restaurant,eat_and_drink > restaurant > bar_and_grill_restaurant,bar_and_grill_restaurant,food_and_drink > restaurant > bar_and_grill_restaurant,Bar and Grill Restaurant
breakfast_and_brunch_restaurant,eat_and_drink > restaurant > breakfast_and_brunch_restaurant,breakfast_and_brunch_restaurant,food_and_drink > restaurant > breakfast_and_brunch_restaurant,Breakfast and Brunch Restaurant
pancake_house,eat_and_drink > restaurant > breakfast_and_brunch_restaurant > pancake_house,pancake_house,food_and_drink > restaurant > breakfast_and_brunch_restaurant > pancake_house,Pancake House
waffle_restaurant,eat_and_drink > restaurant > waffle_restaurant,waffle_restaurant,food_and_drink > restaurant > breakfast_and_brunch_restaurant > waffle_restaurant,Waffle Restaurant
buffet_restaurant,eat_and_drink > restaurant > buffet_restaurant,buffet_restaurant,food_and_drink > restaurant > buffet_restaurant,Buffet Restaurant
cafeteria,eat_and_drink > restaurant > cafeteria,cafeteria,food_and_drink > restaurant > cafeteria,Cafeteria
comfort_food_restaurant,eat_and_drink > restaurant > comfort_food_restaurant,comfort_food_restaurant,food_and_drink > restaurant > comfort_food_restaurant,Comfort Food Restaurant
diy_foods_restaurant,eat_and_drink > restaurant > diy_foods_restaurant,diy_foods_restaurant,food_and_drink > restaurant > diy_foods_restaurant,DIY Foods Restaurant
dumpling_restaurant,eat_and_drink > restaurant > dumpling_restaurant,dumpling_restaurant,food_and_drink > restaurant > dumpling_restaurant,Dumpling Restaurant
european_restaurant,eat_and_drink > restaurant > european_restaurant,european_restaurant,food_and_drink > restaurant > european_restaurant,European Restaurant
austrian_restaurant,eat_and_drink > restaurant > austrian_restaurant,austrian_restaurant,food_and_drink > restaurant > european_restaurant > central_european_restaurant > austrian_restaurant,Austrian Restaurant
czech_restaurant,eat_and_drink > restaurant > czech_restaurant,czech_restaurant,food_and_drink > restaurant > european_restaurant > central_european_restaurant > czech_restaurant,Czech Restaurant
german_restaurant,eat_and_drink > restaurant > german_restaurant,german_restaurant,food_and_drink > restaurant > european_restaurant > central_european_restaurant > german_restaurant,German Restaurant
fischbrotchen_restaurant,eat_and_drink > restaurant > fischbrotchen_restaurant,fischbrotchen_restaurant,food_and_drink > restaurant > european_restaurant > central_european_restaurant > german_restaurant > fischbrotchen_restaurant,Fischbrotchen Restaurant
hungarian_restaurant,eat_and_drink > restaurant > hungarian_restaurant,hungarian_restaurant,food_and_drink > restaurant > european_restaurant > central_european_restaurant > hungarian_restaurant,Hungarian Restaurant
polish_restaurant,eat_and_drink > restaurant > polish_restaurant,polish_restaurant,food_and_drink > restaurant > european_restaurant > central_european_restaurant > polish_restaurant,Polish Restaurant
schnitzel_restaurant,eat_and_drink > restaurant > schnitzel_restaurant,schnitzel_restaurant,food_and_drink > restaurant > european_restaurant > central_european_restaurant > schnitzel_restaurant,Schnitzel Restaurant
slovakian_restaurant,eat_and_drink > restaurant > slovakian_restaurant,slovakian_restaurant,food_and_drink > restaurant > european_restaurant > central_european_restaurant > slovakian_restaurant,Slovakian Restaurant
swiss_restaurant,eat_and_drink > restaurant > swiss_restaurant,swiss_restaurant,food_and_drink > restaurant > european_restaurant > central_european_restaurant > swiss_restaurant,Swiss Restaurant
eastern_european_restaurant,eat_and_drink > restaurant > eastern_european_restaurant,eastern_european_restaurant,food_and_drink > restaurant > european_restaurant > eastern_european_restaurant,Eastern European Restaurant
belarusian_restaurant,eat_and_drink > restaurant > eastern_european_restaurant > belarusian_restaurant,belarusian_restaurant,food_and_drink > restaurant > european_restaurant > eastern_european_restaurant > belarusian_restaurant,Belarusian Restaurant
bulgarian_restaurant,eat_and_drink > restaurant > eastern_european_restaurant > bulgarian_restaurant,bulgarian_restaurant,food_and_drink > restaurant > european_restaurant > eastern_european_restaurant > bulgarian_restaurant,Bulgarian Restaurant
romanian_restaurant,eat_and_drink > restaurant > eastern_european_restaurant > romanian_restaurant,romanian_restaurant,food_and_drink > restaurant > european_restaurant > eastern_european_restaurant > romanian_restaurant,Romanian Restaurant
russian_restaurant,eat_and_drink > restaurant > russian_restaurant,russian_restaurant,food_and_drink > restaurant > european_restaurant > eastern_european_restaurant > russian_restaurant,Russian Restaurant
tatar_restaurant,eat_and_drink > restaurant > eastern_european_restaurant > tatar_restaurant,tatar_restaurant,food_and_drink > restaurant > european_restaurant > eastern_european_restaurant > russian_restaurant > tatar_restaurant,Tatar Restaurant
serbo_croatian_restaurant,eat_and_drink > restaurant > serbo_croatian_restaurant,serbo_croatian_restaurant,food_and_drink > restaurant > european_restaurant > eastern_european_restaurant > serbo_croatian_restaurant,Serbo-Croatian Restaurant
ukrainian_restaurant,eat_and_drink > restaurant > eastern_european_restaurant > ukrainian_restaurant,ukrainian_restaurant,food_and_drink > restaurant > european_restaurant > eastern_european_restaurant > ukrainian_restaurant,Ukrainian Restaurant
iberian_restaurant,eat_and_drink > restaurant > iberian_restaurant,iberian_restaurant,food_and_drink > restaurant > european_restaurant > iberian_restaurant,Iberian Restaurant
portuguese_restaurant,eat_and_drink > restaurant > portuguese_restaurant,portuguese_restaurant,food_and_drink > restaurant > european_restaurant > iberian_restaurant > portuguese_restaurant,Portuguese Restaurant
spanish_restaurant,eat_and_drink > restaurant > spanish_restaurant,spanish_restaurant,food_and_drink > restaurant > european_restaurant > iberian_restaurant > spanish_restaurant,Spanish Restaurant
basque_restaurant,eat_and_drink > restaurant > basque_restaurant,basque_restaurant,food_and_drink > restaurant > european_restaurant > iberian_restaurant > spanish_restaurant > basque_restaurant,Basque Restaurant
catalan_restaurant,eat_and_drink > restaurant > catalan_restaurant,catalan_restaurant,food_and_drink > restaurant > european_restaurant > iberian_restaurant > spanish_restaurant > catalan_restaurant,Catalan Restaurant
mediterranean_restaurant,eat_and_drink > restaurant > mediterranean_restaurant,mediterranean_restaurant,food_and_drink > restaurant > european_restaurant > mediterranean_restaurant,Mediterranean Restaurant
greek_restaurant,eat_and_drink > restaurant > mediterranean_restaurant > greek_restaurant,greek_restaurant,food_and_drink > restaurant > european_restaurant > mediterranean_restaurant > greek_restaurant,Greek Restaurant
italian_restaurant,eat_and_drink > restaurant > italian_restaurant,italian_restaurant,food_and_drink > restaurant > european_restaurant > mediterranean_restaurant > italian_restaurant,Italian Restaurant
piadina_restaurant,eat_and_drink > restaurant > piadina_restaurant,piadina_restaurant,food_and_drink > restaurant > european_restaurant > mediterranean_restaurant > italian_restaurant > piadina_restaurant,Piadina Restaurant
pizza_restaurant,eat_and_drink > restaurant > pizza_restaurant,pizza_restaurant,food_and_drink > restaurant > european_restaurant > mediterranean_restaurant > italian_restaurant > pizza_restaurant,Pizza Restaurant
scandinavian_restaurant,eat_and_drink > restaurant > scandinavian_restaurant,scandinavian_restaurant,food_and_drink > restaurant > european_restaurant > scandinavian_restaurant,Scandinavian Restaurant
danish_restaurant,eat_and_drink > restaurant > scandinavian_restaurant > danish_restaurant,danish_restaurant,food_and_drink > restaurant > european_restaurant > scandinavian_restaurant > danish_restaurant,Danish Restaurant
norwegian_restaurant,eat_and_drink > restaurant > scandinavian_restaurant > norwegian_restaurant,norwegian_restaurant,food_and_drink > restaurant > european_restaurant > scandinavian_restaurant > norwegian_restaurant,Norwegian Restaurant
belgian_restaurant,eat_and_drink > restaurant > belgian_restaurant,belgian_restaurant,food_and_drink > restaurant > european_restaurant > western_european_restaurant > belgian_restaurant,Belgian Restaurant
british_restaurant,eat_and_drink > restaurant > british_restaurant,british_restaurant,food_and_drink > restaurant > european_restaurant > western_european_restaurant > british_restaurant,British Restaurant
french_restaurant,eat_and_drink > restaurant > french_restaurant,french_restaurant,food_and_drink > restaurant > european_restaurant > western_european_restaurant > french_restaurant,French Restaurant
brasserie,eat_and_drink > restaurant > brasserie,brasserie,food_and_drink > restaurant > european_restaurant > western_european_restaurant > french_restaurant > brasserie,Brasserie
irish_restaurant,eat_and_drink > restaurant > irish_restaurant,irish_restaurant,food_and_drink > restaurant > european_restaurant > western_european_restaurant > irish_restaurant,Irish Restaurant
scottish_restaurant,eat_and_drink > restaurant > scottish_restaurant,scottish_restaurant,food_and_drink > restaurant > european_restaurant > western_european_restaurant > scottish_restaurant,Scottish Restaurant
haute_cuisine_restaurant,eat_and_drink > restaurant > haute_cuisine_restaurant,haute_cuisine_restaurant,food_and_drink > restaurant > haute_cuisine_restaurant,Haute Cuisine Restaurant
international_restaurant,eat_and_drink > restaurant > international_restaurant,international_fusion_restaurant,food_and_drink > restaurant > international_fusion_restaurant,International Fusion Restaurant
asian_fusion_restaurant,eat_and_drink > restaurant > asian_restaurant > asian_fusion_restaurant,asian_fusion_restaurant,food_and_drink > restaurant > international_fusion_restaurant > asian_fusion_restaurant,Asian Fusion Restaurant
pan_asian_restaurant,eat_and_drink > restaurant > asian_restaurant > pan_asian_restaurant,pan_asian_restaurant,food_and_drink > restaurant > international_fusion_restaurant > pan_asian_restaurant,Pan Asian Restaurant
latin_american_restaurant,eat_and_drink > restaurant > latin_american_restaurant,latin_american_restaurant,food_and_drink > restaurant > latin_american_restaurant,Latin American Restaurant
caribbean_restaurant,eat_and_drink > restaurant > caribbean_restaurant,caribbean_restaurant,food_and_drink > restaurant > latin_american_restaurant > caribbean_restaurant,Caribbean Restaurant
cuban_restaurant,eat_and_drink > restaurant > latin_american_restaurant > cuban_restaurant,cuban_restaurant,food_and_drink > restaurant > latin_american_restaurant > caribbean_restaurant > cuban_restaurant,Cuban Restaurant
dominican_restaurant,eat_and_drink > restaurant > caribbean_restaurant > dominican_restaurant,dominican_restaurant,food_and_drink > restaurant > latin_american_restaurant > caribbean_restaurant > dominican_restaurant,Dominican Restaurant
haitian_restaurant,eat_and_drink > restaurant > caribbean_restaurant > haitian_restaurant,haitian_restaurant,food_and_drink > restaurant > latin_american_restaurant > caribbean_restaurant > haitian_restaurant,Haitian Restaurant
jamaican_restaurant,eat_and_drink > restaurant > caribbean_restaurant > jamaican_restaurant,jamaican_restaurant,food_and_drink > restaurant > latin_american_restaurant > caribbean_restaurant > jamaican_restaurant,Jamaican Restaurant
puerto_rican_restaurant,eat_and_drink > restaurant > latin_american_restaurant > puerto_rican_restaurant,puerto_rican_restaurant,food_and_drink > restaurant > latin_american_restaurant > caribbean_restaurant > puerto_rican_restaurant,Puerto Rican Restaurant
trinidadian_restaurant,eat_and_drink > restaurant > caribbean_restaurant > trinidadian_restaurant,trinidadian_restaurant,food_and_drink > restaurant > latin_american_restaurant > caribbean_restaurant > trinidadian_restaurant,Trinidadian Restaurant
belizean_restaurant,eat_and_drink > restaurant > latin_american_restaurant > belizean_restaurant,belizean_restaurant,food_and_drink > restaurant > latin_american_restaurant > central_american_restaurant > belizean_restaurant,Belizean Restaurant
costa_rican_restaurant,eat_and_drink > restaurant > latin_american_restaurant > costa_rican_restaurant,costa_rican_restaurant,food_and_drink > restaurant > latin_american_restaurant > central_american_restaurant > costa_rican_restaurant,Costa Rican Restaurant
guatemalan_restaurant,eat_and_drink > restaurant > latin_american_restaurant > guatemalan_restaurant,guatemalan_restaurant,food_and_drink > restaurant > latin_american_restaurant > central_american_restaurant > guatemalan_restaurant,Guatemalan Restaurant
honduran_restaurant,eat_and_drink > restaurant > latin_american_restaurant > honduran_restaurant,honduran_restaurant,food_and_drink > restaurant > latin_american_restaurant > central_american_restaurant > honduran_restaurant,Honduran Restaurant
nicaraguan_restaurant,eat_and_drink > restaurant > latin_american_restaurant > nicaraguan_restaurant,nicaraguan_restaurant,food_and_drink > restaurant > latin_american_restaurant > central_american_restaurant > nicaraguan_restaurant,Nicaraguan Restaurant
panamanian_restaurant,eat_and_drink > restaurant > latin_american_restaurant > panamanian_restaurant,panamanian_restaurant,food_and_drink > restaurant > latin_american_restaurant > central_american_restaurant > panamanian_restaurant,Panamanian Restaurant
salvadoran_restaurant,eat_and_drink > restaurant > latin_american_restaurant > salvadoran_restaurant,salvadoran_restaurant,food_and_drink > restaurant > latin_american_restaurant > central_american_restaurant > salvadoran_restaurant,Salvadoran Restaurant
empanadas,eat_and_drink > restaurant > empanadas,empanada_restaurant,food_and_drink > restaurant > latin_american_restaurant > empanada_restaurant,Empanada Restaurant
mexican_restaurant,eat_and_drink > restaurant > latin_american_restaurant > mexican_restaurant,mexican_restaurant,food_and_drink > restaurant > latin_american_restaurant > mexican_restaurant,Mexican Restaurant
argentine_restaurant,eat_and_drink > restaurant > latin_american_restaurant > argentine_restaurant,argentine_restaurant,food_and_drink > restaurant > latin_american_restaurant > south_american_restaurant > argentine_restaurant,Argentine Restaurant
bolivian_restaurant,eat_and_drink > restaurant > latin_american_restaurant > bolivian_restaurant,bolivian_restaurant,food_and_drink > restaurant > latin_american_restaurant > south_american_restaurant > bolivian_restaurant,Bolivian Restaurant
brazilian_restaurant,eat_and_drink > restaurant > latin_american_restaurant > brazilian_restaurant,brazilian_restaurant,food_and_drink > restaurant > latin_american_restaurant > south_american_restaurant > brazilian_restaurant,Brazilian Restaurant
chilean_restaurant,eat_and_drink > restaurant > latin_american_restaurant > chilean_restaurant,chilean_restaurant,food_and_drink > restaurant > latin_american_restaurant > south_american_restaurant > chilean_restaurant,Chilean Restaurant
colombian_restaurant,eat_and_drink > restaurant > latin_american_restaurant > colombian_restaurant,colombian_restaurant,food_and_drink > restaurant > latin_american_restaurant > south_american_restaurant > colombian_restaurant,Colombian Restaurant
ecuadorian_restaurant,eat_and_drink > restaurant > latin_american_restaurant > ecuadorian_restaurant,ecuadorian_restaurant,food_and_drink > restaurant > latin_american_restaurant > south_american_restaurant > ecuadorian_restaurant,Ecuadorian Restaurant
paraguayan_restaurant,eat_and_drink > restaurant > latin_american_restaurant > paraguayan_restaurant,paraguayan_restaurant,food_and_drink > restaurant > latin_american_restaurant > south_american_restaurant > paraguayan_restaurant,Paraguayan Restaurant
peruvian_restaurant,eat_and_drink > restaurant > latin_american_restaurant > peruvian_restaurant,peruvian_restaurant,food_and_drink > restaurant > latin_american_restaurant > south_american_restaurant > peruvian_restaurant,Peruvian Restaurant
uruguayan_restaurant,eat_and_drink > restaurant > latin_american_restaurant > uruguayan_restaurant,uruguayan_restaurant,food_and_drink > restaurant > latin_american_restaurant > south_american_restaurant > uruguayan_restaurant,Uruguayan Restaurant
venezuelan_restaurant,eat_and_drink > restaurant > latin_american_restaurant > venezuelan_restaurant,venezuelan_restaurant,food_and_drink > restaurant > latin_american_restaurant > south_american_restaurant > venezuelan_restaurant,Venezuelan Restaurant
taco_restaurant,eat_and_drink > restaurant > taco_restaurant,taco_restaurant,food_and_drink > restaurant > latin_american_restaurant > taco_restaurant,Taco Restaurant
texmex_restaurant,eat_and_drink > restaurant > latin_american_restaurant > texmex_restaurant,texmex_restaurant,food_and_drink > restaurant > latin_american_restaurant > texmex_restaurant,Texmex Restaurant
meat_restaurant,eat_and_drink > restaurant > meat_restaurant,meat_restaurant,food_and_drink > restaurant > meat_restaurant,Meat Restaurant
barbecue_restaurant,eat_and_drink > restaurant > barbecue_restaurant,barbecue_restaurant,food_and_drink > restaurant > meat_restaurant > barbecue_restaurant,Barbecue Restaurant
burger_restaurant,eat_and_drink > restaurant > burger_restaurant,burger_restaurant,food_and_drink > restaurant > meat_restaurant > burger_restaurant,Burger Restaurant
cheesesteak_restaurant,eat_and_drink > restaurant > cheesesteak_restaurant,cheesesteak_restaurant,food_and_drink > restaurant > meat_restaurant > cheesesteak_restaurant,Cheesesteak Restaurant
chicken_restaurant,eat_and_drink > restaurant > chicken_restaurant,chicken_restaurant,food_and_drink > restaurant > meat_restaurant > chicken_restaurant,Chicken Restaurant
chicken_wings_restaurant,eat_and_drink > restaurant > chicken_wings_restaurant,chicken_wings_restaurant,food_and_drink > restaurant > meat_restaurant > chicken_wings_restaurant,Chicken Wings Restaurant
curry_sausage_restaurant,eat_and_drink > restaurant > curry_sausage_restaurant,curry_sausage_restaurant,food_and_drink > restaurant > meat_restaurant > curry_sausage_restaurant,Curry Sausage Restaurant
hot_dog_restaurant,eat_and_drink > restaurant > hot_dog_restaurant,hot_dog_restaurant,food_and_drink > restaurant > meat_restaurant > hot_dog_restaurant,Hot Dog Restaurant
meatball_restaurant,eat_and_drink > restaurant > meatball_restaurant,meatball_restaurant,food_and_drink > restaurant > meat_restaurant > meatball_restaurant,Meatball Restaurant
rotisserie_chicken_restaurant,eat_and_drink > restaurant > rotisserie_chicken_restaurant,rotisserie_chicken_restaurant,food_and_drink > restaurant > meat_restaurant > rotisserie_chicken_restaurant,Rotisserie Chicken Restaurant
steakhouse,eat_and_drink > restaurant > steakhouse,steakhouse,food_and_drink > restaurant > meat_restaurant > steakhouse,Steakhouse
venison_restaurant,eat_and_drink > restaurant > venison_restaurant,venison_restaurant,food_and_drink > restaurant > meat_restaurant > venison_restaurant,Venison Restaurant
wild_game_meats_restaurant,eat_and_drink > restaurant > wild_game_meats_restaurant,wild_game_meats_restaurant,food_and_drink > restaurant > meat_restaurant > wild_game_meats_restaurant,Wild Game Meats Restaurant
middle_eastern_restaurant,eat_and_drink > restaurant > middle_eastern_restaurant,middle_eastern_restaurant,food_and_drink > restaurant > middle_eastern_restaurant,Middle Eastern Restaurant
arabian_restaurant,eat_and_drink > restaurant > arabian_restaurant,arabian_restaurant,food_and_drink > restaurant > middle_eastern_restaurant > arabian_restaurant,Arabian Restaurant
armenian_restaurant,eat_and_drink > restaurant > middle_eastern_restaurant > armenian_restaurant,armenian_restaurant,food_and_drink > restaurant > middle_eastern_restaurant > armenian_restaurant,Armenian Restaurant
azerbaijani_restaurant,eat_and_drink > restaurant > middle_eastern_restaurant > azerbaijani_restaurant,azerbaijani_restaurant,food_and_drink > restaurant > middle_eastern_restaurant > azerbaijani_restaurant,Azerbaijani Restaurant
falafel_restaurant,eat_and_drink > restaurant > falafel_restaurant,falafel_restaurant,food_and_drink > restaurant > middle_eastern_restaurant > falafel_restaurant,Falafel Restaurant
georgian_restaurant,eat_and_drink > restaurant > middle_eastern_restaurant > georgian_restaurant,georgian_restaurant,food_and_drink > restaurant > middle_eastern_restaurant > georgian_restaurant,Georgian Restaurant
israeli_restaurant,eat_and_drink > restaurant > middle_eastern_restaurant > israeli_restaurant,israeli_restaurant,food_and_drink > restaurant > middle_eastern_restaurant > israeli_restaurant,Israeli Restaurant
kofta_restaurant,eat_and_drink > restaurant > middle_eastern_restaurant > kofta_restaurant,kofta_restaurant,food_and_drink > restaurant > middle_eastern_restaurant > kofta_restaurant,Kofta Restaurant
kurdish_restaurant,eat_and_drink > restaurant > middle_eastern_restaurant > kurdish_restaurant,kurdish_restaurant,food_and_drink > restaurant > middle_eastern_restaurant > kurdish_restaurant,Kurdish Restaurant
lebanese_restaurant,eat_and_drink > restaurant > middle_eastern_restaurant > lebanese_restaurant,lebanese_restaurant,food_and_drink > restaurant > middle_eastern_restaurant > lebanese_restaurant,Lebanese Restaurant
persian_iranian_restaurant,eat_and_drink > restaurant > middle_eastern_restaurant > persian_iranian_restaurant,persian_restaurant,food_and_drink > restaurant > middle_eastern_restaurant > persian_restaurant,Persian Restaurant
syrian_restaurant,eat_and_drink > restaurant > middle_eastern_restaurant > syrian_restaurant,syrian_restaurant,food_and_drink > restaurant > middle_eastern_restaurant > syrian_restaurant,Syrian Restaurant
turkish_restaurant,eat_and_drink > restaurant > middle_eastern_restaurant > turkish_restaurant,turkish_restaurant,food_and_drink > restaurant > middle_eastern_restaurant > turkish_restaurant,Turkish Restaurant
doner_kebab,eat_and_drink > restaurant > doner_kebab,doner_kebab_restaurant,food_and_drink > restaurant > middle_eastern_restaurant > turkish_restaurant > doner_kebab_restaurant,Doner Kebab Restaurant
american_restaurant,eat_and_drink > restaurant > american_restaurant,american_restaurant,food_and_drink > restaurant > north_american_restaurant > american_restaurant,American Restaurant
cajun_and_creole_restaurant,eat_and_drink > restaurant > cajun_and_creole_restaurant,cajun_and_creole_restaurant,food_and_drink > restaurant > north_american_restaurant > american_restaurant > cajun_and_creole_restaurant,Cajun and Creole Restaurant
southern_restaurant,eat_and_drink > restaurant > southern_restaurant,southern_american_restaurant,food_and_drink > restaurant > north_american_restaurant > american_restaurant > southern_american_restaurant,Southern American Restaurant
canadian_restaurant,eat_and_drink > restaurant > canadian_restaurant,canadian_restaurant,food_and_drink > restaurant > north_american_restaurant > canadian_restaurant,Canadian Restaurant
poutinerie_restaurant,eat_and_drink > restaurant > poutinerie_restaurant,poutinerie_restaurant,food_and_drink > restaurant > north_american_restaurant > canadian_restaurant > poutinerie_restaurant,Poutinerie Restaurant
australian_restaurant,eat_and_drink > restaurant > australian_restaurant,australian_restaurant,food_and_drink > restaurant > pacific_rim_restaurant > australian_restaurant,Australian Restaurant
guamanian_restaurant,eat_and_drink > restaurant > guamanian_restaurant,guamanian_restaurant,food_and_drink > restaurant > pacific_rim_restaurant > micronesian_restaurant > guamanian_restaurant,Guamanian Restaurant
polynesian_restaurant,eat_and_drink > restaurant > polynesian_restaurant,polynesian_restaurant,food_and_drink > restaurant > pacific_rim_restaurant > polynesian_restaurant,Polynesian Restaurant
hawaiian_restaurant,eat_and_drink > restaurant > hawaiian_restaurant,hawaiian_restaurant,food_and_drink > restaurant > pacific_rim_restaurant > polynesian_restaurant > hawaiian_restaurant,Hawaiian Restaurant
poke_restaurant,eat_and_drink > restaurant > poke_restaurant,poke_restaurant,food_and_drink > restaurant > pacific_rim_restaurant > polynesian_restaurant > hawaiian_restaurant > poke_restaurant,Poke Restaurant
pop_up_restaurant,eat_and_drink > restaurant > pop_up_restaurant,pop_up_restaurant,food_and_drink > restaurant > pop_up_restaurant,Pop Up Restaurant
salad_bar,eat_and_drink > restaurant > salad_bar,salad_bar,food_and_drink > restaurant > salad_bar,Salad Bar
seafood_restaurant,eat_and_drink > restaurant > seafood_restaurant,seafood_restaurant,food_and_drink > restaurant > seafood_restaurant,Seafood Restaurant
fish_and_chips_restaurant,eat_and_drink > restaurant > fish_and_chips_restaurant,fish_and_chips_restaurant,food_and_drink > restaurant > seafood_restaurant > fish_and_chips_restaurant,Fish and Chips Restaurant
fish_restaurant,eat_and_drink > restaurant > fish_restaurant,fish_restaurant,food_and_drink > restaurant > seafood_restaurant > fish_restaurant,Fish Restaurant
soul_food,eat_and_drink > restaurant > soul_food,soul_food,food_and_drink > restaurant > soul_food,Soul Food
soup_restaurant,eat_and_drink > restaurant > soup_restaurant,soup_restaurant,food_and_drink > restaurant > soup_restaurant,Soup Restaurant
acai_bowls,eat_and_drink > restaurant > acai_bowls,acai_bowls,food_and_drink > restaurant > special_diet_restaurant > acai_bowls,Acai Bowls
gluten_free_restaurant,eat_and_drink > restaurant > gluten_free_restaurant,gluten_free_restaurant,food_and_drink > restaurant > special_diet_restaurant > gluten_free_restaurant,Gluten Free Restaurant
halal_restaurant,eat_and_drink > restaurant > halal_restaurant,halal_restaurant,food_and_drink > restaurant > special_diet_restaurant > halal_restaurant,Halal Restaurant
health_food_restaurant,eat_and_drink > restaurant > health_food_restaurant,health_food_restaurant,food_and_drink > restaurant > special_diet_restaurant > health_food_restaurant,Health Food Restaurant
jewish_restaurant,eat_and_drink > restaurant > jewish_restaurant,jewish_restaurant,food_and_drink > restaurant > special_diet_restaurant > jewish_restaurant,Jewish Restaurant
kosher_restaurant,eat_and_drink > restaurant > kosher_restaurant,kosher_restaurant,food_and_drink > restaurant > special_diet_restaurant > kosher_restaurant,Kosher Restaurant
live_and_raw_food_restaurant,eat_and_drink > restaurant > live_and_raw_food_restaurant,live_and_raw_food_restaurant,food_and_drink > restaurant > special_diet_restaurant > live_and_raw_food_restaurant,Live and Raw Food Restaurant
molecular_gastronomy_restaurant,eat_and_drink > restaurant > molecular_gastronomy_restaurant,molecular_gastronomy_restaurant,food_and_drink > restaurant > special_diet_restaurant > molecular_gastronomy_restaurant,Molecular Gastronomy Restaurant
vegan_restaurant,eat_and_drink > restaurant > vegan_restaurant,vegan_restaurant,food_and_drink > restaurant > special_diet_restaurant > vegan_restaurant,Vegan Restaurant
vegetarian_restaurant,eat_and_drink > restaurant > vegetarian_restaurant,vegetarian_restaurant,food_and_drink > restaurant > special_diet_restaurant > vegetarian_restaurant,Vegetarian Restaurant
supper_club,eat_and_drink > restaurant > supper_club,supper_club,food_and_drink > restaurant > supper_club,Supper Club
theme_restaurant,eat_and_drink > restaurant > theme_restaurant,theme_restaurant,food_and_drink > restaurant > theme_restaurant,Theme Restaurant
wrap_restaurant,eat_and_drink > restaurant > wrap_restaurant,wrap_restaurant,food_and_drink > restaurant > wrap_restaurant,Wrap Restaurant
structure_and_geography,structure_and_geography,geographic_entities,geographic_entities,Geographic Entities
bridge,structure_and_geography > bridge,bridge,geographic_entities > built_feature > bridge,Bridge
skyscraper,structure_and_geography > skyscraper,skyscraper,geographic_entities > built_feature > building > skyscraper,Skyscraper
dam,structure_and_geography > dam,dam,geographic_entities > built_feature > dam,Dam
weir,structure_and_geography > weir,weir,geographic_entities > built_feature > dam > weir,Weir
botanical_garden,attractions_and_activities > botanical_garden,botanical_garden,geographic_entities > built_feature > garden > botanical_garden,Botanical Garden
community_gardens,professional_services > community_gardens,community_garden,geographic_entities > built_feature > garden > community_garden,Community Garden
lookout,attractions_and_activities > lookout,lookout,geographic_entities > built_feature > lookout,Lookout
marina,attractions_and_activities > marina,marina,geographic_entities > built_feature > marina,Marina
pier,structure_and_geography > pier,pier,geographic_entities > built_feature > pier,Pier
quay,structure_and_geography > quay,quay,geographic_entities > built_feature > quay,Quay
beach,attractions_and_activities > beach,beach,geographic_entities > land_feature > beach,Beach
beach_combing_area,attractions_and_activities > beach_combing_area,beach_combing_area,geographic_entities > land_feature > beach > beach_combing_area,Beach Combing Area
canyon,attractions_and_activities > canyon,canyon,geographic_entities > land_feature > canyon,Canyon
cave,attractions_and_activities > cave,cave,geographic_entities > land_feature > cave,Cave
crater,attractions_and_activities > crater,crater,geographic_entities > land_feature > crater,Crater
desert,structure_and_geography > desert,desert,geographic_entities > land_feature > desert,Desert
forest,structure_and_geography > forest,forest,geographic_entities > land_feature > forest,Forest
geologic_formation,structure_and_geography > geologic_formation,geologic_formation,geographic_entities > land_feature > geologic_formation,Geologic Formation
island,structure_and_geography > island,island,geographic_entities > land_feature > island,Island
mountain,structure_and_geography > mountain,mountain,geographic_entities > land_feature > mountain,Mountain
nature_reserve,structure_and_geography > nature_reserve,nature_reserve,geographic_entities > land_feature > nature_reserve,Nature Reserve
sand_dune,attractions_and_activities > sand_dune,sand_dune,geographic_entities > land_feature > sand_dune,Sand Dune
skyline,attractions_and_activities > skyline,skyline,geographic_entities > scenic_viewpoint > skyline,Skyline
stargazing_area,attractions_and_activities > stargazing_area,stargazing_area,geographic_entities > scenic_viewpoint > stargazing_area,Stargazing Area
canal,structure_and_geography > canal,canal,geographic_entities > water_feature > canal,Canal
hot_springs,attractions_and_activities > hot_springs,hot_springs,geographic_entities > water_feature > hot_springs,Hot Springs
lake,attractions_and_activities > lake,lake,geographic_entities > water_feature > lake,Lake
river,structure_and_geography > river,river,geographic_entities > water_feature > river,River
waterfall,attractions_and_activities > waterfall,waterfall,geographic_entities > water_feature > waterfall,Waterfall
health_and_medical,health_and_medical,health_care,health_care,Health Care
emergency_medicine,health_and_medical > doctor > emergency_medicine,emergency_or_urgent_care_facility,health_care > emergency_or_urgent_care_facility,Emergency or Urgent Care Facility
ambulance_and_ems_services,health_and_medical > ambulance_and_ems_services,ambulance_or_ems_service,health_care > emergency_or_urgent_care_facility > ambulance_or_ems_service,Ambulance or EMS Service
emergency_room,health_and_medical > emergency_room,emergency_department,health_care > emergency_or_urgent_care_facility > emergency_department,Emergency Department
urgent_care_clinic,health_and_medical > urgent_care_clinic,urgent_care_clinic,health_care > emergency_or_urgent_care_facility > urgent_care_clinic,Urgent Care Clinic
walk_in_clinic,health_and_medical > medical_center > walk_in_clinic,walk_in_clinic,health_care > emergency_or_urgent_care_facility > walk_in_clinic,Walk-In Clinic
hospital,health_and_medical > hospital,hospital,health_care > hospital,Hospital
childrens_hospital,health_and_medical > childrens_hospital,childrens_hospital,health_care > hospital > specialty_hospital > childrens_hospital,Children's Hospital
blood_and_plasma_donation_center,health_and_medical > blood_and_plasma_donation_center,blood_and_plasma_donation_center,health_care > medical_service > blood_and_plasma_donation_center,Blood and Plasma Donation Center
ems_training,active_life > sports_and_fitness_instruction > ems_training,ems_training,health_care > medical_service > ems_training,EMS Training
health_insurance_office,health_and_medical > health_insurance_office,health_insurance_office,health_care > medical_service > health_insurance_office,Health Insurance Office
home_health_care,health_and_medical > personal_care_service > home_health_care,home_health_care,health_care > medical_service > home_health_care,Home Health Care
hospice,health_and_medical > hospice,hospice,health_care > medical_service > hospice,Hospice
bulk_billing,health_and_medical > medical_center > bulk_billing,medical_billing,health_care > medical_service > medical_billing,Medical Billing
cannabis_clinic,health_and_medical > cannabis_clinic,cannabis_clinic,health_care > medical_service > medical_cannabis > cannabis_clinic,Cannabis Clinic
cannabis_collective,health_and_medical > cannabis_collective,cannabis_collective,health_care > medical_service > medical_cannabis > cannabis_collective,Cannabis Collective
medical_cannabis_referral,health_and_medical > medical_cannabis_referral,medical_cannabis_referral,health_care > medical_service > medical_cannabis > medical_cannabis_referral,Medical Cannabis Referral
medical_service_organizations,health_and_medical > medical_service_organizations,medical_service_organization,health_care > medical_service > medical_service_organization,Medical Service Organization
medical_transportation,health_and_medical > medical_transportation,medical_transportation,health_care > medical_service > medical_transportation,Medical Transportation
sperm_clinic,health_and_medical > sperm_clinic,sperm_clinic,health_care > medical_service > sperm_clinic,Sperm Clinic
medical_center,health_and_medical > medical_center,outpatient_care_facility,health_care > outpatient_care_facility,Outpatient Care Facility
counseling_and_mental_health,health_and_medical > counseling_and_mental_health,behavioral_or_mental_health_clinic,health_care > outpatient_care_facility > behavioral_or_mental_health_clinic,Behavioral or Mental Health Clinic
behavior_analyst,health_and_medical > behavior_analyst,behavior_analysis,health_care > outpatient_care_facility > behavioral_or_mental_health_clinic > behavioral_or_crisis_service > behavior_analysis,Behavior Analysis
crisis_intervention_services,health_and_medical > abuse_and_addiction_treatment > crisis_intervention_services,crisis_intervention_service,health_care > outpatient_care_facility > behavioral_or_mental_health_clinic > behavioral_or_crisis_service > crisis_intervention_service,Crisis Intervention Service
stress_management_services,health_and_medical > counseling_and_mental_health > stress_management_services,stress_management_service,health_care > outpatient_care_facility > behavioral_or_mental_health_clinic > behavioral_or_crisis_service > stress_management_service,Stress Management Service
suicide_prevention_services,health_and_medical > counseling_and_mental_health > suicide_prevention_services,suicide_prevention_service,health_care > outpatient_care_facility > behavioral_or_mental_health_clinic > behavioral_or_crisis_service > suicide_prevention_service,Suicide Prevention Service
family_counselor,health_and_medical > counseling_and_mental_health > family_counselor,family_counseling,health_care > outpatient_care_facility > behavioral_or_mental_health_clinic > counseling > family_counseling,Family Counseling
marriage_or_relationship_counselor,health_and_medical > counseling_and_mental_health > marriage_or_relationship_counselor,marriage_or_relationship_counseling,health_care > outpatient_care_facility > behavioral_or_mental_health_clinic > counseling > marriage_or_relationship_counseling,Marriage or Relationship Counseling
sex_therapist,health_and_medical > counseling_and_mental_health > sex_therapist,sex_therapy,health_care > outpatient_care_facility > behavioral_or_mental_health_clinic > counseling > sex_therapy,Sex Therapy
psychiatrist,health_and_medical > doctor > psychiatrist,psychiatry,health_care > outpatient_care_facility > behavioral_or_mental_health_clinic > psychiatry_or_psychology_service > psychiatry,Psychiatry
child_psychiatrist,health_and_medical > doctor > psychiatrist > child_psychiatrist,child_psychiatry,health_care > outpatient_care_facility > behavioral_or_mental_health_clinic > psychiatry_or_psychology_service > psychiatry > child_psychiatry,Child Psychiatry
geriatric_psychiatry,health_and_medical > doctor > geriatric_medicine > geriatric_psychiatry,geriatric_psychiatry,health_care > outpatient_care_facility > behavioral_or_mental_health_clinic > psychiatry_or_psychology_service > psychiatry > geriatric_psychiatry,Geriatric Psychiatry
psychoanalyst,health_and_medical > counseling_and_mental_health > psychoanalyst,psychoanalysis,health_care > outpatient_care_facility > behavioral_or_mental_health_clinic > psychiatry_or_psychology_service > psychoanalysis,Psychoanalysis
psychologist,health_and_medical > counseling_and_mental_health > psychologist,psychology,health_care > outpatient_care_facility > behavioral_or_mental_health_clinic > psychiatry_or_psychology_service > psychology,Psychology
sports_psychologist,health_and_medical > counseling_and_mental_health > sports_psychologist,sports_psychology,health_care > outpatient_care_facility > behavioral_or_mental_health_clinic > psychiatry_or_psychology_service > psychology > sports_psychology,Sports Psychology
psychotherapist,health_and_medical > counseling_and_mental_health > psychotherapist,psychotherapy,health_care > outpatient_care_facility > behavioral_or_mental_health_clinic > psychiatry_or_psychology_service > psychotherapy,Psychotherapy
hypnosis_hypnotherapy,health_and_medical > hypnosis_hypnotherapy,hypnotherapy,health_care > outpatient_care_facility > behavioral_or_mental_health_clinic > psychiatry_or_psychology_service > psychotherapy > hypnotherapy,Hypnotherapy
sophrologist,health_and_medical > counseling_and_mental_health > sophrologist,sophrology,health_care > outpatient_care_facility > behavioral_or_mental_health_clinic > sophrology,Sophrology
alternative_medicine,health_and_medical > alternative_medicine,complementary_and_alternative_medicine,health_care > outpatient_care_facility > complementary_and_alternative_medicine,Complementary and Alternative Medicine
acupuncture,health_and_medical > acupuncture,acupuncture,health_care > outpatient_care_facility > complementary_and_alternative_medicine > acupuncture,Acupuncture
aromatherapy,beauty_and_spa > aromatherapy,aromatherapy,health_care > outpatient_care_facility > complementary_and_alternative_medicine > aromatherapy,Aromatherapy
ayurveda,health_and_medical > ayurveda,ayurveda,health_care > outpatient_care_facility > complementary_and_alternative_medicine > ayurveda,Ayurveda
chiropractor,health_and_medical > chiropractor,chiropractic,health_care > outpatient_care_facility > complementary_and_alternative_medicine > chiropractic,Chiropractic
homeopathic_medicine,health_and_medical > doctor > homeopathic_medicine,homeopathy,health_care > outpatient_care_facility > complementary_and_alternative_medicine > homeopathy,Homeopathy
naturopathic_holistic,health_and_medical > doctor > naturopathic_holistic,naturopathic_medicine,health_care > outpatient_care_facility > complementary_and_alternative_medicine > naturopathic_medicine,Naturopathic Medicine
reflexology,health_and_medical > reflexology,reflexology,health_care > outpatient_care_facility > complementary_and_alternative_medicine > reflexology,Reflexology
reiki,health_and_medical > reiki,reiki,health_care > outpatient_care_facility > complementary_and_alternative_medicine > reiki,Reiki
traditional_chinese_medicine,health_and_medical > traditional_chinese_medicine,traditional_chinese_medicine,health_care > outpatient_care_facility > complementary_and_alternative_medicine > traditional_chinese_medicine,Traditional Chinese Medicine
tui_na,health_and_medical > traditional_chinese_medicine > tui_na,tui_na,health_care > outpatient_care_facility > complementary_and_alternative_medicine > traditional_chinese_medicine > tui_na,Tui Na
dentist,health_and_medical > dentist,dental_clinic,health_care > outpatient_care_facility > dental_clinic,Dental Clinic
cosmetic_dentist,health_and_medical > dentist > cosmetic_dentist,cosmetic_dentistry,health_care > outpatient_care_facility > dental_clinic > cosmetic_dentistry,Cosmetic Dentistry
dental_hygienist,health_and_medical > dental_hygienist,dental_hygiene,health_care > outpatient_care_facility > dental_clinic > dental_hygiene,Dental Hygiene
endodontist,health_and_medical > dentist > endodontist,endodontics,health_care > outpatient_care_facility > dental_clinic > endodontics,Endodontics
general_dentistry,health_and_medical > dentist > general_dentistry,general_dentistry,health_care > outpatient_care_facility > dental_clinic > general_dentistry,General Dentistry
orthodontist,health_and_medical > dentist > orthodontist,orthodontics,health_care > outpatient_care_facility > dental_clinic > orthodontics,Orthodontics
pediatric_dentist,health_and_medical > dentist > pediatric_dentist,pediatric_dentistry,health_care > outpatient_care_facility > dental_clinic > pediatric_dentistry,Pediatric Dentistry
periodontist,health_and_medical > dentist > periodontist,periodontics,health_care > outpatient_care_facility > dental_clinic > periodontics,Periodontics
prosthodontist,health_and_medical > prosthodontist,prosthodontics,health_care > outpatient_care_facility > dental_clinic > prosthodontics,Prosthodontics
diagnostic_imaging,health_and_medical > diagnostic_services > diagnostic_imaging,diagnostic_imaging,health_care > outpatient_care_facility > diagnostics_imaging_or_lab_service > diagnostic_imaging,Diagnostic Imaging
ultrasound_imaging_center,health_and_medical > ultrasound_imaging_center,ultrasound_imaging,health_care > outpatient_care_facility > diagnostics_imaging_or_lab_service > diagnostic_imaging > ultrasound_imaging,Ultrasound Imaging
diagnostic_services,health_and_medical > diagnostic_services,doctors_office,health_care > outpatient_care_facility > diagnostics_imaging_or_lab_service > doctors_office,Doctors Office
laboratory_testing,health_and_medical > diagnostic_services > laboratory_testing,laboratory_testing,health_care > outpatient_care_facility > diagnostics_imaging_or_lab_service > laboratory_testing,Laboratory Testing
paternity_tests_and_services,health_and_medical > paternity_tests_and_services,paternity_testing,health_care > outpatient_care_facility > diagnostics_imaging_or_lab_service > laboratory_testing > paternity_testing,Paternity Testing
pathologist,health_and_medical > doctor > pathologist,pathology,health_care > outpatient_care_facility > diagnostics_imaging_or_lab_service > pathology,Pathology
radiologist,health_and_medical > doctor > radiologist,radiology,health_care > outpatient_care_facility > diagnostics_imaging_or_lab_service > radiology,Radiology
pediatrician,health_and_medical > doctor > pediatrician,pediatric_clinic,health_care > outpatient_care_facility > pediatric_clinic,Pediatric Clinic
pediatric_anesthesiology,health_and_medical > doctor > pediatrician > pediatric_anesthesiology,pediatric_anesthesiology,health_care > outpatient_care_facility > pediatric_clinic > pediatric_anesthesiology,Pediatric Anesthesiology
pediatric_cardiology,health_and_medical > doctor > pediatrician > pediatric_cardiology,pediatric_cardiology,health_care > outpatient_care_facility > pediatric_clinic > pediatric_cardiology,Pediatric Cardiology
pediatric_endocrinology,health_and_medical > doctor > pediatrician > pediatric_endocrinology,pediatric_endocrinology,health_care > outpatient_care_facility > pediatric_clinic > pediatric_endocrinology,Pediatric Endocrinology
pediatric_gastroenterology,health_and_medical > doctor > pediatrician > pediatric_gastroenterology,pediatric_gastroenterology,health_care > outpatient_care_facility > pediatric_clinic > pediatric_gastroenterology,Pediatric Gastroenterology
pediatric_infectious_disease,health_and_medical > doctor > pediatrician > pediatric_infectious_disease,pediatric_infectious_disease,health_care > outpatient_care_facility > pediatric_clinic > pediatric_infectious_disease,Pediatric Infectious Disease
pediatric_nephrology,health_and_medical > doctor > pediatrician > pediatric_nephrology,pediatric_nephrology,health_care > outpatient_care_facility > pediatric_clinic > pediatric_nephrology,Pediatric Nephrology
pediatric_neurology,health_and_medical > doctor > pediatrician > pediatric_neurology,pediatric_neurology,health_care > outpatient_care_facility > pediatric_clinic > pediatric_neurology,Pediatric Neurology
pediatric_oncology,health_and_medical > doctor > pediatrician > pediatric_oncology,pediatric_oncology,health_care > outpatient_care_facility > pediatric_clinic > pediatric_oncology,Pediatric Oncology
pediatric_pulmonology,health_and_medical > doctor > pediatrician > pediatric_pulmonology,pediatric_pulmonology,health_care > outpatient_care_facility > pediatric_clinic > pediatric_pulmonology,Pediatric Pulmonology
pediatric_radiology,health_and_medical > doctor > pediatrician > pediatric_radiology,pediatric_radiology,health_care > outpatient_care_facility > pediatric_clinic > pediatric_radiology,Pediatric Radiology
animal_assisted_therapy,health_and_medical > animal_assisted_therapy,animal_assisted_therapy,health_care > outpatient_care_facility > physical_medicine_and_rehabilitation > animal_assisted_therapy,Animal Assisted Therapy
occupational_therapy,health_and_medical > occupational_therapy,occupational_therapy,health_care > outpatient_care_facility > physical_medicine_and_rehabilitation > occupational_therapy,Occupational Therapy
orthotics,health_and_medical > orthotics,orthotics,health_care > outpatient_care_facility > physical_medicine_and_rehabilitation > orthotics,Orthotics
physical_therapy,health_and_medical > physical_therapy,physical_therapy,health_care > outpatient_care_facility > physical_medicine_and_rehabilitation > physical_therapy,Physical Therapy
prosthetics,health_and_medical > prosthetics,prosthetics,health_care > outpatient_care_facility > physical_medicine_and_rehabilitation > prosthetics,Prosthetics
psychomotor_therapist,health_and_medical > psychomotor_therapist,psychomotor_therapy,health_care > outpatient_care_facility > physical_medicine_and_rehabilitation > psychomotor_therapy,Psychomotor Therapy
rehabilitation_center,health_and_medical > rehabilitation_center,rehabilitation_center,health_care > outpatient_care_facility > physical_medicine_and_rehabilitation > rehabilitation_center,Rehabilitation Center
addiction_rehabilitation_center,health_and_medical > rehabilitation_center > addiction_rehabilitation_center,addiction_rehabilitation_center,health_care > outpatient_care_facility > physical_medicine_and_rehabilitation > rehabilitation_center > addiction_rehabilitation_center,Addiction Rehabilitation Center
speech_therapist,health_and_medical > speech_therapist,speech_therapy,health_care > outpatient_care_facility > physical_medicine_and_rehabilitation > speech_therapy,Speech Therapy
community_health_center,health_and_medical > community_health_center,community_health_center,health_care > outpatient_care_facility > primary_care_or_general_clinic > community_health_center,Community Health Center
concierge_medicine,health_and_medical > concierge_medicine,concierge_medicine,health_care > outpatient_care_facility > primary_care_or_general_clinic > concierge_medicine,Concierge Medicine
family_practice,health_and_medical > doctor > family_practice,family_practice,health_care > outpatient_care_facility > primary_care_or_general_clinic > family_practice,Family Practice
mobile_clinic,health_and_medical > dental_hygienist > mobile_clinic,mobile_clinic,health_care > outpatient_care_facility > primary_care_or_general_clinic > mobile_clinic,Mobile Clinic
public_health_clinic,health_and_medical > public_health_clinic,public_health_clinic,health_care > outpatient_care_facility > primary_care_or_general_clinic > public_health_clinic,Public Health Clinic
storefront_clinic,health_and_medical > dental_hygienist > storefront_clinic,storefront_clinic,health_care > outpatient_care_facility > primary_care_or_general_clinic > storefront_clinic,Storefront Clinic
womens_health_clinic,health_and_medical > womens_health_clinic,reproductive_perinatal_and_womens_care,health_care > outpatient_care_facility > reproductive_perinatal_and_womens_care,Reproductive Perinatal and Women's Care
doula,health_and_medical > doula,doula_service,health_care > outpatient_care_facility > reproductive_perinatal_and_womens_care > doula_service,Doula Service
lactation_services,health_and_medical > lactation_services,lactation_service,health_care > outpatient_care_facility > reproductive_perinatal_and_womens_care > lactation_service,Lactation Service
maternity_centers,health_and_medical > maternity_centers,maternity_center,health_care > outpatient_care_facility > reproductive_perinatal_and_womens_care > maternity_center,Maternity Center
midwife,health_and_medical > midwife,midwifery,health_care > outpatient_care_facility > reproductive_perinatal_and_womens_care > midwifery,Midwifery
obstetrician_and_gynecologist,health_and_medical > doctor > obstetrician_and_gynecologist,obstetrics_and_gynecology,health_care > outpatient_care_facility > reproductive_perinatal_and_womens_care > obstetrics_and_gynecology,Obstetrics and Gynecology
prenatal_perinatal_care,health_and_medical > prenatal_perinatal_care,prenatal_and_perinatal_care,health_care > outpatient_care_facility > reproductive_perinatal_and_womens_care > prenatal_and_perinatal_care,Prenatal and Perinatal Care
physician_assistant,health_and_medical > doctor > physician_assistant,specialized_health_care,health_care > outpatient_care_facility > specialized_health_care,Specialized Health Care
cardiologist,health_and_medical > doctor > cardiologist,cardiology,health_care > outpatient_care_facility > specialized_health_care > cardiovascular_and_vascular_medicine > cardiology,Cardiology
phlebologist,health_and_medical > doctor > phlebologist,phlebology,health_care > outpatient_care_facility > specialized_health_care > cardiovascular_and_vascular_medicine > phlebology,Phlebology
vascular_medicine,health_and_medical > doctor > vascular_medicine,vascular_medicine,health_care > outpatient_care_facility > specialized_health_care > cardiovascular_and_vascular_medicine > vascular_medicine,Vascular Medicine
ear_nose_and_throat,health_and_medical > doctor > ear_nose_and_throat,ear_nose_and_throat,health_care > outpatient_care_facility > specialized_health_care > ear_nose_and_throat,Ear Nose and Throat
audiologist,health_and_medical > doctor > audiologist,audiology,health_care > outpatient_care_facility > specialized_health_care > ear_nose_and_throat > audiology,Audiology
neurotologist,health_and_medical > doctor > neurotologist,neurotology,health_care > outpatient_care_facility > specialized_health_care > ear_nose_and_throat > otolaryngology > neurotology,Neurotology
otologist,health_and_medical > doctor > otologist,otology,health_care > outpatient_care_facility > specialized_health_care > ear_nose_and_throat > otolaryngology > otology,Otology
endocrinologist,health_and_medical > doctor > endocrinologist,endocrinology,health_care > outpatient_care_facility > specialized_health_care > endocrinology,Endocrinology
gastroenterologist,health_and_medical > doctor > gastroenterologist,gastroenterology,health_care > outpatient_care_facility > specialized_health_care > gastroenterology,Gastroenterology
endoscopist,health_and_medical > doctor > endoscopist,endoscopy,health_care > outpatient_care_facility > specialized_health_care > gastroenterology > endoscopy,Endoscopy
hepatologist,health_and_medical > doctor > hepatologist,hepatology,health_care > outpatient_care_facility > specialized_health_care > gastroenterology > hepatology,Hepatology
proctologist,health_and_medical > doctor > proctologist,proctology,health_care > outpatient_care_facility > specialized_health_care > gastroenterology > proctology,Proctology
geneticist,health_and_medical > doctor > geneticist,genetics,health_care > outpatient_care_facility > specialized_health_care > genetics,Genetics
gerontologist,health_and_medical > doctor > gerontologist,gerontology,health_care > outpatient_care_facility > specialized_health_care > genetics > gerontology,Gerontology
geriatric_medicine,health_and_medical > doctor > geriatric_medicine,geriatric_medicine,health_care > outpatient_care_facility > specialized_health_care > geriatric_medicine,Geriatric Medicine
internal_medicine,health_and_medical > doctor > internal_medicine,internal_medicine,health_care > outpatient_care_facility > specialized_health_care > internal_medicine,Internal Medicine
allergist,health_and_medical > doctor > allergist,allergy_and_immunology,health_care > outpatient_care_facility > specialized_health_care > internal_medicine > allergy_and_immunology,Allergy and Immunology
infectious_disease_specialist,health_and_medical > doctor > infectious_disease_specialist,infectious_disease,health_care > outpatient_care_facility > specialized_health_care > internal_medicine > infectious_disease,Infectious Disease
tropical_medicine,health_and_medical > doctor > tropical_medicine,tropical_medicine,health_care > outpatient_care_facility > specialized_health_care > internal_medicine > infectious_disease > tropical_medicine,Tropical Medicine
oncologist,health_and_medical > doctor > oncologist,oncology,health_care > outpatient_care_facility > specialized_health_care > internal_medicine > oncology,Oncology
hematology,health_and_medical > doctor > internal_medicine > hematology,hematology,health_care > outpatient_care_facility > specialized_health_care > internal_medicine > oncology > hematology,Hematology
rheumatologist,health_and_medical > doctor > rheumatologist,rheumatology,health_care > outpatient_care_facility > specialized_health_care > internal_medicine > rheumatology,Rheumatology
aesthetician,health_and_medical > aesthetician,aesthetic_medicine,health_care > outpatient_care_facility > specialized_health_care > medical_skin_care > aesthetic_medicine,Aesthetic Medicine
body_contouring,health_and_medical > body_contouring,body_contouring,health_care > outpatient_care_facility > specialized_health_care > medical_skin_care > body_contouring,Body Contouring
dermatologist,health_and_medical > doctor > dermatologist,dermatology,health_care > outpatient_care_facility > specialized_health_care > medical_skin_care > dermatology,Dermatology
immunodermatologist,health_and_medical > doctor > immunodermatologist,immunodermatology,health_care > outpatient_care_facility > specialized_health_care > medical_skin_care > dermatology > immunodermatology,Immunodermatology
tattoo_removal,health_and_medical > doctor > tattoo_removal,tattoo_removal,health_care > outpatient_care_facility > specialized_health_care > medical_skin_care > tattoo_removal,Tattoo Removal
orthopedist,health_and_medical > doctor > orthopedist,orthopedics,health_care > outpatient_care_facility > specialized_health_care > musculoskeletal_medicine > orthopedics,Orthopedics
podiatry,health_and_medical > podiatry,podiatry,health_care > outpatient_care_facility > specialized_health_care > musculoskeletal_medicine > podiatry,Podiatry
nephrologist,health_and_medical > doctor > nephrologist,nephrology,health_care > outpatient_care_facility > specialized_health_care > nephrology,Nephrology
neurologist,health_and_medical > doctor > neurologist,neurology,health_care > outpatient_care_facility > specialized_health_care > neurology,Neurology
neuropathologist,health_and_medical > doctor > neuropathologist,neuropathology,health_care > outpatient_care_facility > specialized_health_care > neurology > neuropathology,Neuropathology
skilled_nursing,health_and_medical > skilled_nursing,nursing,health_care > outpatient_care_facility > specialized_health_care > nursing,Nursing
osteopath,health_and_medical > medical_center > osteopath,osteopathic_medicine,health_care > outpatient_care_facility > specialized_health_care > osteopathic_medicine,Osteopathic Medicine
pain_management,health_and_medical > doctor > pain_management,pain_management,health_care > outpatient_care_facility > specialized_health_care > pain_management,Pain Management
anesthesiologist,health_and_medical > doctor > anesthesiologist,anesthesiology,health_care > outpatient_care_facility > specialized_health_care > pain_management > anesthesiology,Anesthesiology
preventive_medicine,health_and_medical > doctor > preventive_medicine,preventive_medicine,health_care > outpatient_care_facility > specialized_health_care > preventive_medicine,Preventive Medicine
environmental_medicine,health_and_medical > environmental_medicine,environmental_medicine,health_care > outpatient_care_facility > specialized_health_care > preventive_medicine > environmental_medicine,Environmental Medicine
undersea_hyperbaric_medicine,health_and_medical > doctor > undersea_hyperbaric_medicine,hyperbaric_medicine,health_care > outpatient_care_facility > specialized_health_care > preventive_medicine > hyperbaric_medicine,Hyperbaric Medicine
occupational_medicine,health_and_medical > occupational_medicine,occupational_medicine,health_care > outpatient_care_facility > specialized_health_care > preventive_medicine > occupational_medicine,Occupational Medicine
toxicologist,health_and_medical > doctor > toxicologist,toxicology,health_care > outpatient_care_facility > specialized_health_care > preventive_medicine > toxicology,Toxicology
pulmonologist,health_and_medical > doctor > pulmonologist,pulmonology,health_care > outpatient_care_facility > specialized_health_care > pulmonology,Pulmonology
sleep_specialist,health_and_medical > sleep_specialist,sleep_medicine,health_care > outpatient_care_facility > specialized_health_care > pulmonology > sleep_medicine,Sleep Medicine
sports_medicine,health_and_medical > doctor > sports_medicine,sports_medicine,health_care > outpatient_care_facility > specialized_health_care > sports_medicine,Sports Medicine
urologist,health_and_medical > doctor > urologist,urology,health_care > outpatient_care_facility > specialized_health_care > urology,Urology
eye_care_clinic,health_and_medical > eye_care_clinic,vision_or_eye_care_clinic,health_care > outpatient_care_facility > vision_or_eye_care_clinic,Vision or Eye Care Clinic
ophthalmologist,health_and_medical > doctor > ophthalmologist,ophthalmology,health_care > outpatient_care_facility > vision_or_eye_care_clinic > ophthalmology,Ophthalmology
laser_eye_surgery_lasik,health_and_medical > laser_eye_surgery_lasik,refractive_surgery_or_lasik,health_care > outpatient_care_facility > vision_or_eye_care_clinic > ophthalmology > refractive_surgery_or_lasik,Refractive Surgery or Lasik
retina_specialist,health_and_medical > doctor > ophthalmologist > retina_specialist,retina_services,health_care > outpatient_care_facility > vision_or_eye_care_clinic > ophthalmology > retina_services,Retina Services
optometrist,health_and_medical > optometrist,optometry,health_care > outpatient_care_facility > vision_or_eye_care_clinic > optometry,Optometry
abortion_clinic,health_and_medical > abortion_clinic,abortion_clinic,health_care > specialized_medical_facility > abortion_clinic,Abortion Clinic
abuse_and_addiction_treatment,health_and_medical > abuse_and_addiction_treatment,abuse_and_addiction_treatment_center,health_care > specialized_medical_facility > abuse_and_addiction_treatment_center,Abuse and Addiction Treatment Center
alcohol_and_drug_treatment_center,health_and_medical > alcohol_and_drug_treatment_center,alcohol_and_drug_treatment_center,health_care > specialized_medical_facility > abuse_and_addiction_treatment_center > alcohol_and_drug_treatment_center,Alcohol and Drug Treatment Center
cancer_treatment_center,health_and_medical > cancer_treatment_center,cancer_treatment_center,health_care > specialized_medical_facility > cancer_treatment_center,Cancer Treatment Center
dialysis_clinic,health_and_medical > dialysis_clinic,dialysis_clinic,health_care > specialized_medical_facility > dialysis_clinic,Dialysis Clinic
eating_disorder_treatment_centers,health_and_medical > abuse_and_addiction_treatment > eating_disorder_treatment_centers,eating_disorder_treatment_center,health_care > specialized_medical_facility > eating_disorder_treatment_center,Eating Disorder Treatment Center
fertility,health_and_medical > doctor > fertility,fertility_clinic,health_care > specialized_medical_facility > fertility_clinic,Fertility Clinic
organ_and_tissue_donor_service,health_and_medical > organ_and_tissue_donor_service,organ_and_tissue_donor_service,health_care > specialized_medical_facility > organ_and_tissue_donor_service,Organ and Tissue Donor Service
surgeon,health_and_medical > doctor > surgeon,surgery,health_care > specialized_medical_facility > surgery,Surgery
cardiovascular_and_thoracic_surgeon,health_and_medical > doctor > surgeon > cardiovascular_and_thoracic_surgeon,cardiothoracic_surgery,health_care > specialized_medical_facility > surgery > cardiothoracic_surgery,Cardiothoracic Surgery
oral_surgeon,health_and_medical > dentist > oral_surgeon,oral_and_maxillofacial_surgery,health_care > specialized_medical_facility > surgery > oral_and_maxillofacial_surgery,Oral and Maxillofacial Surgery
pediatric_orthopedic_surgery,health_and_medical > doctor > pediatrician > pediatric_orthopedic_surgery,pediatric_orthopedic_surgery,health_care > specialized_medical_facility > surgery > orthopedic_surgery > pediatric_orthopedic_surgery,Pediatric Orthopedic Surgery
spine_surgeon,health_and_medical > doctor > spine_surgeon,spine_surgery,health_care > specialized_medical_facility > surgery > orthopedic_surgery > spine_surgery,Spine Surgery
pediatric_surgery,health_and_medical > doctor > pediatrician > pediatric_surgery,pediatric_surgery,health_care > specialized_medical_facility > surgery > pediatric_surgery,Pediatric Surgery
plastic_surgeon,health_and_medical > doctor > plastic_surgeon,plastic_and_reconstructive_surgery,health_care > specialized_medical_facility > surgery > plastic_and_reconstructive_surgery,Plastic and Reconstructive Surgery
cosmetic_surgeon,health_and_medical > doctor > cosmetic_surgeon,cosmetic_surgery,health_care > specialized_medical_facility > surgery > plastic_and_reconstructive_surgery > cosmetic_surgery,Cosmetic Surgery
surgical_center,health_and_medical > surgical_center,surgery_center,health_care > specialized_medical_facility > surgery > surgery_center,Surgery Center
pet_services,pets > pet_services,animal_or_pet_service,lifestyle_services > animal_or_pet_service,Animal or Pet Service
animal_rescue_service,pets > animal_rescue_service,animal_rescue_service,lifestyle_services > animal_or_pet_service > animal_adoption_or_rescue > animal_rescue_service,Animal Rescue Service
animal_shelter,pets > animal_shelter,animal_shelter,lifestyle_services > animal_or_pet_service > animal_adoption_or_rescue > animal_shelter,Animal Shelter
pet_adoption,pets > pet_adoption,pet_adoption,lifestyle_services > animal_or_pet_service > animal_adoption_or_rescue > pet_adoption,Pet Adoption
farrier_services,pets > pet_services > farrier_services,farrier_service,lifestyle_services > animal_or_pet_service > equine_service > farrier_service,Farrier Service
horse_boarding,pets > horse_boarding,horse_boarding,lifestyle_services > animal_or_pet_service > equine_service > horse_boarding,Horse Boarding
horse_trainer,pets > pet_services > pet_training > horse_trainer,horse_trainer,lifestyle_services > animal_or_pet_service > equine_service > horse_trainer,Horse Trainer
pet_breeder,pets > pet_services > pet_breeder,pet_breeder,lifestyle_services > animal_or_pet_service > pet_breeder,Pet Breeder
aquarium_services,pets > pet_services > aquarium_services,aquarium_service,lifestyle_services > animal_or_pet_service > pet_care_service > aquarium_service,Aquarium Service
dog_walkers,pets > pet_services > dog_walkers,dog_walker,lifestyle_services > animal_or_pet_service > pet_care_service > dog_walker,Dog Walker
pet_boarding,pets > pet_services > pet_sitting > pet_boarding,pet_boarding,lifestyle_services > animal_or_pet_service > pet_care_service > pet_boarding,Pet Boarding
pet_groomer,pets > pet_services > pet_groomer,pet_groomer,lifestyle_services > animal_or_pet_service > pet_care_service > pet_groomer,Pet Groomer
pet_sitting,pets > pet_services > pet_sitting,pet_sitting,lifestyle_services > animal_or_pet_service > pet_care_service > pet_sitting,Pet Sitting
pet_training,pets > pet_services > pet_training,pet_training,lifestyle_services > animal_or_pet_service > pet_care_service > pet_training,Pet Training
dog_trainer,pets > pet_services > pet_training > dog_trainer,dog_trainer,lifestyle_services > animal_or_pet_service > pet_care_service > pet_training > dog_trainer,Dog Trainer
pet_transportation,pets > pet_services > pet_transportation,pet_transportation,lifestyle_services > animal_or_pet_service > pet_care_service > pet_transportation,Pet Transportation
pet_waste_removal,pets > pet_services > pet_waste_removal,pet_waste_removal,lifestyle_services > animal_or_pet_service > pet_care_service > pet_waste_removal,Pet Waste Removal
pet_cemetery_and_crematorium_services,pets > pet_services > pet_cemetery_and_crematorium_services,pet_cemetery_and_crematorium_service,lifestyle_services > animal_or_pet_service > pet_cemetery_and_crematorium_service,Pet Cemetery and Crematorium Service
pet_insurance,pets > pet_services > pet_insurance,pet_insurance,lifestyle_services > animal_or_pet_service > pet_insurance,Pet Insurance
pet_photography,pets > pet_services > pet_photography,pet_photography,lifestyle_services > animal_or_pet_service > pet_photography,Pet Photography
animal_hospital,pets > pet_services > animal_hospital,animal_hospital,lifestyle_services > animal_or_pet_service > veterinary_care > animal_hospital,Animal Hospital
animal_physical_therapy,pets > pet_services > animal_physical_therapy,animal_physical_therapy,lifestyle_services > animal_or_pet_service > veterinary_care > animal_physical_therapy,Animal Physical Therapy
emergency_pet_hospital,pets > pet_services > emergency_pet_hospital,emergency_pet_hospital,lifestyle_services > animal_or_pet_service > veterinary_care > emergency_pet_hospital,Emergency Pet Hospital
holistic_animal_care,pets > pet_services > holistic_animal_care,holistic_animal_care,lifestyle_services > animal_or_pet_service > veterinary_care > holistic_animal_care,Holistic Animal Care
pet_hospice,pets > pet_services > pet_hospice,pet_hospice,lifestyle_services > animal_or_pet_service > veterinary_care > pet_hospice,Pet Hospice
veterinarian,pets > veterinarian,veterinarian,lifestyle_services > animal_or_pet_service > veterinary_care > veterinarian,Veterinarian
food_consultant,business_to_business > business_to_business_services > consultant_and_general_service > food_consultant,food_consultant,lifestyle_services > food_service > food_consultant,Food Consultant
food_delivery_service,retail > food > food_delivery_service,food_delivery_service,lifestyle_services > food_service > food_delivery_service,Food Delivery Service
pizza_delivery_service,retail > food > food_delivery_service > pizza_delivery_service,pizza_delivery_service,lifestyle_services > food_service > food_delivery_service > pizza_delivery_service,Pizza Delivery Service
personal_care_service,health_and_medical > personal_care_service,personal_or_beauty_service,lifestyle_services > personal_or_beauty_service,Personal or Beauty Service
acne_treatment,beauty_and_spa > acne_treatment,acne_treatment,lifestyle_services > personal_or_beauty_service > acne_treatment,Acne Treatment
barber,beauty_and_spa > barber,barber,lifestyle_services > personal_or_beauty_service > barber,Barber
beauty_salon,beauty_and_spa > beauty_salon,beauty_salon,lifestyle_services > personal_or_beauty_service > beauty_salon,Beauty Salon
tattoo_and_piercing,beauty_and_spa > tattoo_and_piercing,tattoo_and_piercing,lifestyle_services > personal_or_beauty_service > body_modification > tattoo_and_piercing,Tattoo and Piercing
piercing,beauty_and_spa > tattoo_and_piercing > piercing,piercing,lifestyle_services > personal_or_beauty_service > body_modification > tattoo_and_piercing > piercing,Piercing
tattoo,beauty_and_spa > tattoo_and_piercing > tattoo,tattoo,lifestyle_services > personal_or_beauty_service > body_modification > tattoo_and_piercing > tattoo,Tattoo
eyebrow_service,beauty_and_spa > eyebrow_service,eyebrow_service,lifestyle_services > personal_or_beauty_service > eyebrow_service,Eyebrow Service
eyelash_service,beauty_and_spa > eyelash_service,eyelash_service,lifestyle_services > personal_or_beauty_service > eyelash_service,Eyelash Service
foot_care,beauty_and_spa > foot_care,foot_care,lifestyle_services > personal_or_beauty_service > foot_care,Foot Care
hair_removal,beauty_and_spa > hair_removal,hair_removal,lifestyle_services > personal_or_beauty_service > hair_removal,Hair Removal
laser_hair_removal,beauty_and_spa > hair_removal > laser_hair_removal,laser_hair_removal,lifestyle_services > personal_or_beauty_service > hair_removal > laser_hair_removal,Laser Hair Removal
sugaring,beauty_and_spa > hair_removal > sugaring,sugaring,lifestyle_services > personal_or_beauty_service > hair_removal > sugaring,Sugaring
threading_service,beauty_and_spa > hair_removal > threading_service,threading_service,lifestyle_services > personal_or_beauty_service > hair_removal > threading_service,Threading Service
waxing,beauty_and_spa > hair_removal > waxing,waxing,lifestyle_services > personal_or_beauty_service > hair_removal > waxing,Waxing
hair_replacement,beauty_and_spa > hair_replacement,hair_replacement,lifestyle_services > personal_or_beauty_service > hair_replacement,Hair Replacement
hair_extensions,beauty_and_spa > hair_extensions,hair_extensions,lifestyle_services > personal_or_beauty_service > hair_replacement > hair_extensions,Hair Extensions
hair_loss_center,beauty_and_spa > hair_loss_center,hair_loss_center,lifestyle_services > personal_or_beauty_service > hair_replacement > hair_loss_center,Hair Loss Center
hair_salon,beauty_and_spa > hair_salon,hair_salon,lifestyle_services > personal_or_beauty_service > hair_salon,Hair Salon
blow_dry_blow_out_service,beauty_and_spa > hair_salon > blow_dry_blow_out_service,blow_dry_blow_out_service,lifestyle_services > personal_or_beauty_service > hair_salon > blow_dry_blow_out_service,Blow Dry Blow Out Service
hair_stylist,beauty_and_spa > hair_salon > hair_stylist,hair_stylist,lifestyle_services > personal_or_beauty_service > hair_salon > hair_stylist,Hair Stylist
kids_hair_salon,beauty_and_spa > hair_salon > kids_hair_salon,kids_hair_salon,lifestyle_services > personal_or_beauty_service > hair_salon > kids_hair_salon,Kids Hair Salon
image_consultant,beauty_and_spa > image_consultant,image_consultant,lifestyle_services > personal_or_beauty_service > image_consultant,Image Consultant
life_coach,professional_services > life_coach,life_coach,lifestyle_services > personal_or_beauty_service > life_coach,Life Coach
matchmaker,professional_services > matchmaker,matchmaker,lifestyle_services > personal_or_beauty_service > matchmaker,Matchmaker
nail_salon,beauty_and_spa > nail_salon,nail_salon,lifestyle_services > personal_or_beauty_service > nail_salon,Nail Salon
shoe_repair,professional_services > shoe_repair,shoe_repair,lifestyle_services > personal_or_beauty_service > shoe_repair,Shoe Repair
shoe_shining_service,professional_services > shoe_shining_service,shoe_shining_service,lifestyle_services > personal_or_beauty_service > shoe_shining_service,Shoe Shining Service
skin_care,beauty_and_spa > skin_care,skin_care_and_makeup,lifestyle_services > personal_or_beauty_service > skin_care_and_makeup,Skin Care and Makeup
esthetician,beauty_and_spa > skin_care > esthetician,esthetician,lifestyle_services > personal_or_beauty_service > skin_care_and_makeup > esthetician,Esthetician
makeup_artist,beauty_and_spa > makeup_artist,makeup_artist,lifestyle_services > personal_or_beauty_service > skin_care_and_makeup > makeup_artist,Makeup Artist
permanent_makeup,beauty_and_spa > permanent_makeup,permanent_makeup,lifestyle_services > personal_or_beauty_service > skin_care_and_makeup > permanent_makeup,Permanent Makeup
tanning_salon,beauty_and_spa > tanning_salon,tanning_salon,lifestyle_services > personal_or_beauty_service > tanning_salon,Tanning Salon
spray_tanning,beauty_and_spa > tanning_salon > spray_tanning,spray_tanning,lifestyle_services > personal_or_beauty_service > tanning_salon > spray_tanning,Spray Tanning
tanning_bed,beauty_and_spa > tanning_salon > tanning_bed,tanning_bed,lifestyle_services > personal_or_beauty_service > tanning_salon > tanning_bed,Tanning Bed
teeth_whitening,beauty_and_spa > teeth_whitening,teeth_whitening,lifestyle_services > personal_or_beauty_service > teeth_whitening,Teeth Whitening
wellness_program,health_and_medical > wellness_program,wellness_service,lifestyle_services > wellness_service,Wellness Service
colonics,health_and_medical > colonics,colonic_hydrotherapy,lifestyle_services > wellness_service > colonic_hydrotherapy,Colonic Hydrotherapy
cryotherapy,health_and_medical > cryotherapy,cryotherapy,lifestyle_services > wellness_service > cryotherapy,Cryotherapy
halotherapy,health_and_medical > halotherapy,halotherapy,lifestyle_services > wellness_service > halotherapy,Halotherapy
health_and_wellness_club,health_and_medical > health_and_wellness_club,health_and_wellness_club,lifestyle_services > wellness_service > health_and_wellness_club,Health and Wellness Club
health_coach,health_and_medical > health_coach,health_coaching,lifestyle_services > wellness_service > health_coaching,Health Coaching
hydrotherapy,health_and_medical > hydrotherapy,hydrotherapy,lifestyle_services > wellness_service > hydrotherapy,Hydrotherapy
iv_hydration,health_and_medical > iv_hydration,iv_hydration,lifestyle_services > wellness_service > iv_hydration,IV Hydration
massage_therapy,health_and_medical > massage_therapy,massage_therapy,lifestyle_services > wellness_service > massage_therapy,Massage Therapy
meditation_center,active_life > sports_and_fitness_instruction > meditation_center,meditation_center,lifestyle_services > wellness_service > meditation_center,Meditation Center
nutritionist,health_and_medical > nutritionist,nutrition_service,lifestyle_services > wellness_service > nutrition_service,Nutrition Service
oxygen_bar,health_and_medical > oxygen_bar,oxygen_bar,lifestyle_services > wellness_service > oxygen_bar,Oxygen Bar
public_bath_houses,beauty_and_spa > public_bath_houses,public_bath_house,lifestyle_services > wellness_service > public_bath_house,Public Bath House
onsen,beauty_and_spa > onsen,onsen,lifestyle_services > wellness_service > public_bath_house > onsen,Onsen
turkish_baths,beauty_and_spa > turkish_baths,turkish_bath,lifestyle_services > wellness_service > public_bath_house > turkish_bath,Turkish Bath
sauna,health_and_medical > sauna,sauna,lifestyle_services > wellness_service > sauna,Sauna
snuggle_service,professional_services > snuggle_service,snuggle_service,lifestyle_services > wellness_service > snuggle_service,Snuggle Service
spas,beauty_and_spa > spas,spa,lifestyle_services > wellness_service > spa,Spa
day_spa,beauty_and_spa > spas > day_spa,day_spa,lifestyle_services > wellness_service > spa > day_spa,Day Spa
float_spa,health_and_medical > float_spa,float_spa,lifestyle_services > wellness_service > spa > float_spa,Float Spa
health_spa,beauty_and_spa > health_spa,health_spa,lifestyle_services > wellness_service > spa > health_spa,Health Spa
medical_spa,beauty_and_spa > spas > medical_spa,medical_spa,lifestyle_services > wellness_service > spa > medical_spa,Medical Spa
weight_loss_center,health_and_medical > weight_loss_center,weight_loss_center,lifestyle_services > wellness_service > weight_loss_center,Weight Loss Center
accommodation,accommodation,lodging,lodging,Lodging
bed_and_breakfast,accommodation > bed_and_breakfast,bed_and_breakfast,lodging > bed_and_breakfast,Bed and Breakfast
cabin,accommodation > cabin,cabin,lodging > cabin,Cabin
campground,accommodation > campground,campground,lodging > campground,Campground
cottage,accommodation > cottage,cottage,lodging > cottage,Cottage
country_house,travel > country_house,country_house,lodging > country_house,Country House
holiday_park,real_estate > holiday_park,holiday_park,lodging > holiday_park,Holiday Park
hostel,accommodation > hostel,hostel,lodging > hostel,Hostel
hotel,accommodation > hotel,hotel,lodging > hotel,Hotel
motel,accommodation > hotel > motel,motel,lodging > hotel > motel,Motel
houseboat,travel > houseboat,houseboat,lodging > houseboat,Houseboat
inn,accommodation > inn,inn,lodging > inn,Inn
lodge,accommodation > lodge,lodge,lodging > lodge,Lodge
mountain_huts,accommodation > mountain_huts,mountain_hut,lodging > mountain_hut,Mountain Hut
guest_house,accommodation > guest_house,guest_house,lodging > private_lodging > guest_house,Guest House
holiday_rental_home,accommodation > holiday_rental_home,holiday_rental_home,lodging > private_lodging > holiday_rental_home,Holiday Rental Home
resort,accommodation > resort,resort,lodging > resort,Resort
beach_resort,accommodation > resort > beach_resort,beach_resort,lodging > resort > beach_resort,Beach Resort
ski_resort,travel > ski_resort,ski_resort,lodging > resort > ski_resort,Ski Resort
health_retreats,accommodation > health_retreats,health_retreat,lodging > retreat > health_retreat,Health Retreat
rv_park,accommodation > rv_park,rv_park,lodging > rv_park,RV Park
ryokan,travel > ryokan,ryokan,lodging > ryokan,Ryokan
self_catering_accommodation,travel > self_catering_accommodation,self_catering_accommodation,lodging > self_catering_accommodation,Self Catering Accommodation
service_apartments,accommodation > service_apartments,service_apartment,lodging > service_apartment,Service Apartment
agricultural_service,business_to_business > b2b_agriculture_and_food > agricultural_service,agricultural_service,services_and_business > agricultural_service,Agricultural Service
agriculture_association,public_service_and_government > organization > agriculture_association,agriculture_association,services_and_business > agricultural_service > agriculture_association,Agriculture Association
farm,arts_and_entertainment > farm,farm,services_and_business > agricultural_service > farm,Farm
dairy_farm,business_to_business > b2b_agriculture_and_food > b2b_farming > b2b_farms > dairy_farm,dairy_farm,services_and_business > agricultural_service > farm > dairy_farm,Dairy Farm
orchard,arts_and_entertainment > farm > orchard,orchard,services_and_business > agricultural_service > farm > orchard,Orchard
pig_farm,business_to_business > b2b_agriculture_and_food > b2b_farming > b2b_farms > pig_farm,pig_farm,services_and_business > agricultural_service > farm > pig_farm,Pig Farm
poultry_farm,arts_and_entertainment > farm > poultry_farm,poultry_farm,services_and_business > agricultural_service > farm > poultry_farm,Poultry Farm
ranch,arts_and_entertainment > farm > ranch,ranch,services_and_business > agricultural_service > farm > ranch,Ranch
urban_farm,business_to_business > b2b_agriculture_and_food > b2b_farming > b2b_farms > urban_farm,urban_farm,services_and_business > agricultural_service > farm > urban_farm,Urban Farm
farm_equipment_repair_service,professional_services > farm_equipment_repair_service,farm_equipment_repair_service,services_and_business > agricultural_service > farm_equipment_repair_service,Farm Equipment Repair Service
business_to_business,business_to_business,b2b_service,services_and_business > b2b_service,B2B Service
b2b_agriculture_and_food,business_to_business > b2b_agriculture_and_food,b2b_agriculture_service,services_and_business > b2b_service > b2b_agriculture_service,B2B Agriculture Service
agricultural_cooperatives,business_to_business > b2b_agriculture_and_food > agricultural_cooperatives,agricultural_cooperative,services_and_business > b2b_service > b2b_agriculture_service > agricultural_cooperative,Agricultural Cooperative
agriculture,business_to_business > b2b_agriculture_and_food > agriculture,agriculture,services_and_business > b2b_service > b2b_agriculture_service > agriculture,Agriculture
apiaries_and_beekeepers,business_to_business > b2b_agriculture_and_food > apiaries_and_beekeepers,apiary_beekeeper,services_and_business > b2b_service > b2b_agriculture_service > apiary_beekeeper,Apiary Beekeeper
b2b_dairies,business_to_business > b2b_agriculture_and_food > b2b_dairies,b2b_dairy,services_and_business > b2b_service > b2b_agriculture_service > b2b_dairy,B2B Dairy
b2b_farming,business_to_business > b2b_agriculture_and_food > b2b_farming,b2b_farming,services_and_business > b2b_service > b2b_agriculture_service > b2b_farming,B2B Farming
b2b_farms,business_to_business > b2b_agriculture_and_food > b2b_farming > b2b_farms,b2b_farm,services_and_business > b2b_service > b2b_agriculture_service > b2b_farming > b2b_farm,B2B Farm
farm_equipment_and_supply,business_to_business > b2b_agriculture_and_food > b2b_farming > farm_equipment_and_supply,farm_equipment_and_supply,services_and_business > b2b_service > b2b_agriculture_service > b2b_farming > farm_equipment_and_supply,Farm Equipment and Supply
fertilizer_store,business_to_business > b2b_agriculture_and_food > b2b_farming > farm_equipment_and_supply > fertilizer_store,fertilizer_store,services_and_business > b2b_service > b2b_agriculture_service > b2b_farming > farm_equipment_and_supply > fertilizer_store,Fertilizer Store
grain_elevators,business_to_business > b2b_agriculture_and_food > b2b_farming > farm_equipment_and_supply > grain_elevators,grain_elevator,services_and_business > b2b_service > b2b_agriculture_service > b2b_farming > farm_equipment_and_supply > grain_elevator,Grain Elevator
greenhouses,business_to_business > b2b_agriculture_and_food > b2b_farming > farm_equipment_and_supply > greenhouses,greenhouse,services_and_business > b2b_service > b2b_agriculture_service > b2b_farming > farm_equipment_and_supply > greenhouse,Greenhouse
farming_services,business_to_business > b2b_agriculture_and_food > b2b_farming > farming_services,farming_service,services_and_business > b2b_service > b2b_agriculture_service > b2b_farming > farming_service,Farming Service
b2b_food_products,business_to_business > b2b_agriculture_and_food > b2b_food_products,b2b_food_products,services_and_business > b2b_service > b2b_agriculture_service > b2b_food_products,B2B Food Products
crops_production,business_to_business > b2b_agriculture_and_food > crops_production,crops_production,services_and_business > b2b_service > b2b_agriculture_service > crops_production,Crops Production
grain_production,business_to_business > b2b_agriculture_and_food > crops_production > grain_production,grain_production,services_and_business > b2b_service > b2b_agriculture_service > crops_production > grain_production,Grain Production
orchards_production,business_to_business > b2b_agriculture_and_food > crops_production > orchards_production,orchards_production,services_and_business > b2b_service > b2b_agriculture_service > crops_production > orchards_production,Orchards Production
fish_farms_and_hatcheries,business_to_business > b2b_agriculture_and_food > fish_farms_and_hatcheries,fish_farm_hatchery,services_and_business > b2b_service > b2b_agriculture_service > fish_farm_hatchery,Fish Farm Hatchery
fish_farm,business_to_business > b2b_agriculture_and_food > fish_farms_and_hatcheries > fish_farm,fish_farm,services_and_business > b2b_service > b2b_agriculture_service > fish_farm_hatchery > fish_farm,Fish Farm
livestock_breeder,business_to_business > b2b_agriculture_and_food > livestock_breeder,livestock_breeder,services_and_business > b2b_service > b2b_agriculture_service > livestock_breeder,Livestock Breeder
livestock_dealers,business_to_business > b2b_agriculture_and_food > livestock_dealers,livestock_dealer,services_and_business > b2b_service > b2b_agriculture_service > livestock_dealer,Livestock Dealer
poultry_farming,business_to_business > b2b_agriculture_and_food > poultry_farming,poultry_farming,services_and_business > b2b_service > b2b_agriculture_service > poultry_farming,Poultry Farming
b2b_energy_and_mining,business_to_business > b2b_energy_and_mining,b2b_energy_and_utility_service,services_and_business > b2b_service > b2b_energy_and_utility_service,B2B Energy and Utility Service
mining,business_to_business > b2b_energy_and_mining > mining,b2b_mining,services_and_business > b2b_service > b2b_energy_and_utility_service > b2b_mining,B2B Mining
coal_and_coke,business_to_business > b2b_energy_and_mining > mining > coal_and_coke,b2b_coal_and_coke,services_and_business > b2b_service > b2b_energy_and_utility_service > b2b_mining > b2b_coal_and_coke,B2B Coal and Coke
quarries,business_to_business > b2b_energy_and_mining > mining > quarries,b2b_quarry,services_and_business > b2b_service > b2b_energy_and_utility_service > b2b_mining > b2b_quarry,B2B Quarry
oil_and_gas,business_to_business > b2b_energy_and_mining > oil_and_gas,b2b_oil_and_gas,services_and_business > b2b_service > b2b_energy_and_utility_service > b2b_oil_and_gas,B2B Oil and Gas
oil_and_gas_field_equipment_and_services,business_to_business > b2b_energy_and_mining > oil_and_gas > oil_and_gas_field_equipment_and_services,b2b_oil_and_gas_equipment,services_and_business > b2b_service > b2b_energy_and_utility_service > b2b_oil_and_gas > b2b_oil_and_gas_equipment,B2B Oil and Gas Equipment
oil_and_gas_exploration_and_development,business_to_business > b2b_energy_and_mining > oil_and_gas > oil_and_gas_exploration_and_development,b2b_oil_and_gas_exploration_and_development,services_and_business > b2b_service > b2b_energy_and_utility_service > b2b_oil_and_gas > b2b_oil_and_gas_exploration_and_development,B2B Oil and Gas Exploration and Development
b2b_oil_and_gas_extraction_and_services,business_to_business > b2b_energy_and_mining > oil_and_gas > b2b_oil_and_gas_extraction_and_services,b2b_oil_and_gas_extraction,services_and_business > b2b_service > b2b_energy_and_utility_service > b2b_oil_and_gas > b2b_oil_and_gas_extraction,B2B Oil and Gas Extraction
oil_refiners,business_to_business > b2b_energy_and_mining > oil_and_gas > oil_refiners,b2b_oil_refinery,services_and_business > b2b_service > b2b_energy_and_utility_service > b2b_oil_and_gas > b2b_oil_refinery,B2B Oil Refinery
power_plants_and_power_plant_service,business_to_business > b2b_energy_and_mining > power_plants_and_power_plant_service,b2b_power_plants_and_power_plant_service,services_and_business > b2b_service > b2b_energy_and_utility_service > b2b_power_plants_and_power_plant_service,B2B Power Plants and Power Plant Service
energy_management_and_conservation_consultants,business_to_business > business_to_business_services > environmental_and_ecological_services_for_businesses > energy_management_and_conservation_consultants,energy_management_service,services_and_business > b2b_service > b2b_energy_and_utility_service > energy_management_service,Energy Management Service
wood_and_pulp,business_to_business > business_manufacturing_and_supply > wood_and_pulp,b2b_environmental_service,services_and_business > b2b_service > b2b_environmental_service,B2B Environmental Service
b2b_cleaning_and_waste_management,business_to_business > business_to_business_services > environmental_and_ecological_services_for_businesses > b2b_cleaning_and_waste_management,b2b_cleaning_and_waste_management,services_and_business > b2b_service > b2b_environmental_service > b2b_cleaning_and_waste_management,B2B Cleaning and Waste Management
water_treatment_equipment_and_services,business_to_business > business_to_business_services > environmental_and_ecological_services_for_businesses > b2b_cleaning_and_waste_management > water_treatment_equipment_and_services,b2b_water_treatment_service,services_and_business > b2b_service > b2b_environmental_service > b2b_water_treatment_service,B2B Water Treatment Service
geological_services,business_to_business > business_to_business_services > environmental_and_ecological_services_for_businesses > geological_services,geological_service,services_and_business > b2b_service > b2b_environmental_service > geological_service,Geological Service
logging_contractor,business_to_business > business_manufacturing_and_supply > wood_and_pulp > logging_contractor,logging_contractor,services_and_business > b2b_service > b2b_environmental_service > logging_contractor,Logging Contractor
logging_equipment_and_supplies,business_to_business > business_manufacturing_and_supply > wood_and_pulp > logging_equipment_and_supplies,logging_equipment_and_supplies,services_and_business > b2b_service > b2b_environmental_service > logging_equipment_and_supplies,Logging Equipment and Supplies
logging_services,business_to_business > business_manufacturing_and_supply > wood_and_pulp > logging_services,logging_service,services_and_business > b2b_service > b2b_environmental_service > logging_service,Logging Service
scrap_metals,business_to_business > business_manufacturing_and_supply > metals > scrap_metals,b2b_industrial_and_machine_service,services_and_business > b2b_service > b2b_industrial_and_machine_service,B2B Industrial and Machine Service
automation_services,business_to_business > commercial_industrial > automation_services,automation_service,services_and_business > b2b_service > b2b_industrial_and_machine_service > automation_service,Automation Service
b2b_equipment_maintenance_and_repair,business_to_business > business_manufacturing_and_supply > b2b_machinery_and_tools > b2b_equipment_maintenance_and_repair,b2b_equipment_maintenance_and_repair,services_and_business > b2b_service > b2b_industrial_and_machine_service > b2b_equipment_maintenance_and_repair,B2B Equipment Maintenance and Repair
casting_molding_and_machining,business_to_business > business_manufacturing_and_supply > casting_molding_and_machining,casting_molding_service,services_and_business > b2b_service > b2b_industrial_and_machine_service > casting_molding_service,Casting Molding Service
chemical_plant,business_to_business > business_manufacturing_and_supply > chemical_plant,chemical_plant,services_and_business > b2b_service > b2b_industrial_and_machine_service > chemical_plant,Chemical Plant
inventory_control_service,business_to_business > commercial_industrial > inventory_control_service,inventory_control_service,services_and_business > b2b_service > b2b_industrial_and_machine_service > inventory_control_service,Inventory Control Service
laser_cutting_service_provider,business_to_business > business_to_business_services > laser_cutting_service_provider,laser_cutting_service,services_and_business > b2b_service > b2b_industrial_and_machine_service > laser_cutting_service,Laser Cutting Service
manufacturing_and_industrial_consultant,business_to_business > business_to_business_services > consultant_and_general_service > manufacturing_and_industrial_consultant,manufacturing_and_industrial_consultant,services_and_business > b2b_service > b2b_industrial_and_machine_service > manufacturing_and_industrial_consultant,Manufacturing and Industrial Consultant
metal_plating_service,business_to_business > business_manufacturing_and_supply > metals > metal_plating_service,metal_plating_service,services_and_business > b2b_service > b2b_industrial_and_machine_service > metal_plating_service,Metal Plating Service
occupational_safety,business_to_business > commercial_industrial > occupational_safety,occupational_safety,services_and_business > b2b_service > b2b_industrial_and_machine_service > occupational_safety,Occupational Safety
plastic_injection_molding_workshop,business_to_business > business_manufacturing_and_supply > plastic_injection_molding_workshop,plastic_injection_molding_service,services_and_business > b2b_service > b2b_industrial_and_machine_service > plastic_injection_molding_service,Plastic Injection Molding Service
turnery,business_to_business > business_manufacturing_and_supply > turnery,turnery,services_and_business > b2b_service > b2b_industrial_and_machine_service > turnery,Turnery
audio_visual_production_and_design,business_to_business > business_to_business_services > audio_visual_production_and_design,b2b_audio_visual_production,services_and_business > b2b_service > b2b_media_service > b2b_audio_visual_production,B2B Audio Visual Production
b2b_medical_support_services,business_to_business > b2b_medical_support_services,b2b_medical_support_service,services_and_business > b2b_service > b2b_medical_support_service,B2B Medical Support Service
clinical_laboratories,business_to_business > b2b_medical_support_services > clinical_laboratories,b2b_clinical_lab,services_and_business > b2b_service > b2b_medical_support_service > b2b_clinical_lab,B2B Clinical Lab
dental_laboratories,business_to_business > b2b_medical_support_services > dental_laboratories,b2b_dental_lab,services_and_business > b2b_service > b2b_medical_support_service > b2b_dental_lab,B2B Dental Lab
hospital_equipment_and_supplies,business_to_business > b2b_medical_support_services > hospital_equipment_and_supplies,b2b_hospital_equipment_and_supplies,services_and_business > b2b_service > b2b_medical_support_service > b2b_hospital_equipment_and_supplies,B2B Hospital Equipment and Supplies
surgical_appliances_and_supplies,business_to_business > b2b_medical_support_services > surgical_appliances_and_supplies,b2b_surgical_appliances_and_supplies,services_and_business > b2b_service > b2b_medical_support_service > b2b_surgical_appliances_and_supplies,B2B Surgical Appliances and Supplies
business_advertising,business_to_business > business_advertising,b2b_advertising_and_marketing_service,services_and_business > b2b_service > b2b_office_and_professional_service > b2b_advertising_and_marketing_service,B2B Advertising and Marketing Service
direct_mail_advertising,business_to_business > business_advertising > direct_mail_advertising,b2b_direct_mail_advertising,services_and_business > b2b_service > b2b_office_and_professional_service > b2b_advertising_and_marketing_service > b2b_direct_mail_advertising,B2B Direct Mail Advertising
marketing_consultant,business_to_business > business_advertising > marketing_consultant,b2b_marketing_consultant,services_and_business > b2b_service > b2b_office_and_professional_service > b2b_advertising_and_marketing_service > b2b_marketing_consultant,B2B Marketing Consultant
newspaper_advertising,business_to_business > business_advertising > newspaper_advertising,b2b_newspaper_advertising,services_and_business > b2b_service > b2b_office_and_professional_service > b2b_advertising_and_marketing_service > b2b_newspaper_advertising,B2B Newspaper Advertising
outdoor_advertising,business_to_business > business_advertising > outdoor_advertising,b2b_outdoor_advertising,services_and_business > b2b_service > b2b_office_and_professional_service > b2b_advertising_and_marketing_service > b2b_outdoor_advertising,B2B Outdoor Advertising
promotional_products_and_services,business_to_business > business_advertising > promotional_products_and_services,b2b_promotional_products_and_services,services_and_business > b2b_service > b2b_office_and_professional_service > b2b_advertising_and_marketing_service > b2b_promotional_products_and_services,B2B Promotional Products and Services
publicity_service,business_to_business > business_advertising > publicity_service,b2b_publicity_service,services_and_business > b2b_service > b2b_office_and_professional_service > b2b_advertising_and_marketing_service > b2b_publicity_service,B2B Publicity Service
radio_and_television_commercials,business_to_business > business_advertising > radio_and_television_commercials,b2b_radio_and_television_commercials,services_and_business > b2b_service > b2b_office_and_professional_service > b2b_advertising_and_marketing_service > b2b_radio_and_television_commercials,B2B Radio and Television Commercials
business_signage,business_to_business > business_advertising > business_signage,b2b_signage_service,services_and_business > b2b_service > b2b_office_and_professional_service > b2b_advertising_and_marketing_service > b2b_signage_service,B2B Signage Service
telemarketing_services,business_to_business > business_advertising > telemarketing_services,b2b_telemarketing_service,services_and_business > b2b_service > b2b_office_and_professional_service > b2b_advertising_and_marketing_service > b2b_telemarketing_service,B2B Telemarketing Service
background_check_services,business_to_business > business_to_business_services > human_resource_services > background_check_services,b2b_background_check_service,services_and_business > b2b_service > b2b_office_and_professional_service > b2b_background_check_service,B2B Background Check Service
business_management_services,business_to_business > business_to_business_services > consultant_and_general_service > business_management_services,b2b_business_management_service,services_and_business > b2b_service > b2b_office_and_professional_service > b2b_business_management_service,B2B Business Management Service
executive_search_consultants,business_to_business > business_to_business_services > consultant_and_general_service > executive_search_consultants,b2b_executive_search_consultants,services_and_business > b2b_service > b2b_office_and_professional_service > b2b_business_management_service > b2b_executive_search_consultants,B2B Executive Search Consultants
secretarial_services,business_to_business > business_to_business_services > consultant_and_general_service > secretarial_services,b2b_secretarial_service,services_and_business > b2b_service > b2b_office_and_professional_service > b2b_business_management_service > b2b_secretarial_service,B2B Secretarial Service
domestic_business_and_trade_organizations,business_to_business > business_to_business_services > domestic_business_and_trade_organizations,b2b_domestic_trade_service,services_and_business > b2b_service > b2b_office_and_professional_service > b2b_domestic_trade_service,B2B Domestic Trade Service
human_resource_services,business_to_business > business_to_business_services > human_resource_services,b2b_human_resource_service,services_and_business > b2b_service > b2b_office_and_professional_service > b2b_human_resource_service,B2B Human Resource Service
international_business_and_trade_services,business_to_business > business_to_business_services > international_business_and_trade_services,b2b_international_trade_service,services_and_business > b2b_service > b2b_office_and_professional_service > b2b_international_trade_service,B2B International Trade Service
business_records_storage_and_management,business_to_business > business_to_business_services > business_records_storage_and_management,b2b_records_storage_service,services_and_business > b2b_service > b2b_office_and_professional_service > b2b_records_storage_service,B2B Records Storage Service
restaurant_management,business_to_business > business_to_business_services > restaurant_management,restaurant_management,services_and_business > b2b_service > b2b_office_and_professional_service > restaurant_management,Restaurant Management
transcription_services,business_to_business > business_to_business_services > transcription_services,transcription_service,services_and_business > b2b_service > b2b_office_and_professional_service > transcription_service,Transcription Service
translating_and_interpreting_services,business_to_business > business_to_business_services > translating_and_interpreting_services,translating_and_interpreting_service,services_and_business > b2b_service > b2b_office_and_professional_service > translating_and_interpreting_service,Translating and Interpreting Service
b2b_science_and_technology,business_to_business > b2b_science_and_technology,b2b_science_and_technology_service,services_and_business > b2b_service > b2b_science_and_technology_service,B2B Science and Technology Service
b2b_scientific_equipment,business_to_business > b2b_science_and_technology > b2b_scientific_equipment,b2b_scientific_equipment,services_and_business > b2b_service > b2b_science_and_technology_service > b2b_scientific_equipment,B2B Scientific Equipment
scientific_laboratories,business_to_business > b2b_science_and_technology > scientific_laboratories,b2b_scientific_lab,services_and_business > b2b_service > b2b_science_and_technology_service > b2b_scientific_lab,B2B Scientific Lab
tower_communication_service,business_to_business > business_to_business_services > tower_communication_service,tower_communication_service,services_and_business > b2b_service > b2b_telecommunications_service > tower_communication_service,Tower Communication Service
business_storage_and_transportation,business_to_business > business_storage_and_transportation,b2b_transportation_and_storage_service,services_and_business > b2b_service > b2b_transportation_and_storage_service,B2B Transportation and Storage Service
b2b_storage_and_warehouses,business_to_business > business_storage_and_transportation > b2b_storage_and_warehouses,b2b_storage,services_and_business > b2b_service > b2b_transportation_and_storage_service > b2b_storage,B2B Storage
warehouses,business_to_business > business_storage_and_transportation > b2b_storage_and_warehouses > warehouses,warehouse,services_and_business > b2b_service > b2b_transportation_and_storage_service > b2b_storage > warehouse,Warehouse
warehouse_rental_services_and_yards,business_to_business > business_storage_and_transportation > b2b_storage_and_warehouses > warehouse_rental_services_and_yards,warehouse_rental_service_yard,services_and_business > b2b_service > b2b_transportation_and_storage_service > b2b_storage > warehouse_rental_service_yard,Warehouse Rental Service Yard
freight_and_cargo_service,business_to_business > business_storage_and_transportation > freight_and_cargo_service,freight_and_cargo_service,services_and_business > b2b_service > b2b_transportation_and_storage_service > freight_and_cargo_service,Freight and Cargo Service
distribution_services,business_to_business > business_storage_and_transportation > freight_and_cargo_service > distribution_services,distribution_service,services_and_business > b2b_service > b2b_transportation_and_storage_service > freight_and_cargo_service > distribution_service,Distribution Service
freight_forwarding_agency,business_to_business > business_storage_and_transportation > freight_and_cargo_service > freight_forwarding_agency,freight_forwarding_agency,services_and_business > b2b_service > b2b_transportation_and_storage_service > freight_and_cargo_service > freight_forwarding_agency,Freight Forwarding Agency
motor_freight_trucking,business_to_business > business_storage_and_transportation > motor_freight_trucking,motor_freight_trucking,services_and_business > b2b_service > b2b_transportation_and_storage_service > motor_freight_trucking,Motor Freight Trucking
pipeline_transportation,business_to_business > business_storage_and_transportation > pipeline_transportation,pipeline_transportation,services_and_business > b2b_service > b2b_transportation_and_storage_service > pipeline_transportation,Pipeline Transportation
railroad_freight,business_to_business > business_storage_and_transportation > railroad_freight,railroad_freight,services_and_business > b2b_service > b2b_transportation_and_storage_service > railroad_freight,Railroad Freight
trucks_and_industrial_vehicles,business_to_business > business_storage_and_transportation > trucks_and_industrial_vehicles,truck_and_industrial_vehicle_services,services_and_business > b2b_service > b2b_transportation_and_storage_service > truck_and_industrial_vehicle_services,Truck and Industrial Vehicle Services
b2b_tractor_dealers,business_to_business > business_storage_and_transportation > trucks_and_industrial_vehicles > b2b_tractor_dealers,tractor_dealer,services_and_business > b2b_service > b2b_transportation_and_storage_service > truck_and_industrial_vehicle_services > tractor_dealer,Tractor Dealer
b2b_truck_equipment_parts_and_accessories,business_to_business > business_storage_and_transportation > trucks_and_industrial_vehicles > b2b_truck_equipment_parts_and_accessories,truck_parts_and_accessories,services_and_business > b2b_service > b2b_transportation_and_storage_service > truck_and_industrial_vehicle_services > truck_parts_and_accessories,Truck Parts and Accessories
commercial_industrial,business_to_business > commercial_industrial,commercial_industrial,services_and_business > b2b_service > commercial_industrial,Commercial Industrial
business_manufacturing_and_supply,business_to_business > business_manufacturing_and_supply,manufacturer,services_and_business > b2b_service > manufacturer,Manufacturer
b2b_apparel,business_to_business > business_manufacturing_and_supply > b2b_apparel,apparel_manufacturer,services_and_business > b2b_service > manufacturer > apparel_manufacturer,Apparel Manufacturer
shoe_factory,business_to_business > business_manufacturing_and_supply > shoe_factory,shoe_factory_manufacturer,services_and_business > b2b_service > manufacturer > apparel_manufacturer > shoe_factory_manufacturer,Shoe Factory Manufacturer
appliance_manufacturer,business_to_business > business_manufacturing_and_supply > appliance_manufacturer,appliance_manufacturer,services_and_business > b2b_service > manufacturer > appliance_manufacturer,Appliance Manufacturer
cosmetic_products_manufacturer,business_to_business > business_manufacturing_and_supply > cosmetic_products_manufacturer,cosmetic_products_manufacturer,services_and_business > b2b_service > manufacturer > cosmetic_products_manufacturer,Cosmetic Products Manufacturer
furniture_manufacturers,business_to_business > business_manufacturing_and_supply > b2b_furniture_and_housewares > furniture_manufacturers,furniture_manufacturer,services_and_business > b2b_service > manufacturer > furniture_manufacturer,Furniture Manufacturer
glass_manufacturer,business_to_business > business_manufacturing_and_supply > glass_manufacturer,glass_manufacturer,services_and_business > b2b_service > manufacturer > glass_manufacturer,Glass Manufacturer
b2b_hardware,business_to_business > business_manufacturing_and_supply > b2b_hardware,hardware_and_fastener_manufacturer,services_and_business > b2b_service > manufacturer > hardware_and_fastener_manufacturer,Hardware and Fastener Manufacturer
jewelry_and_watches_manufacturer,business_to_business > business_manufacturing_and_supply > jewelry_and_watches_manufacturer,jewelry_and_watches_manufacturer,services_and_business > b2b_service > manufacturer > jewelry_and_watches_manufacturer,Jewelry and Watches Manufacturer
jewelry_manufacturer,business_to_business > business_manufacturing_and_supply > jewelry_manufacturer,jewelry_manufacturer,services_and_business > b2b_service > manufacturer > jewelry_manufacturer,Jewelry Manufacturer
leather_products_manufacturer,business_to_business > business_manufacturing_and_supply > leather_products_manufacturer,leather_products_manufacturer,services_and_business > b2b_service > manufacturer > leather_products_manufacturer,Leather Products Manufacturer
lighting_fixture_manufacturers,business_to_business > business_manufacturing_and_supply > lighting_fixture_manufacturers,lighting_fixture_manufacturer,services_and_business > b2b_service > manufacturer > lighting_fixture_manufacturer,Lighting Fixture Manufacturer
b2b_machinery_and_tools,business_to_business > business_manufacturing_and_supply > b2b_machinery_and_tools,machinery_and_tool_manufacturer,services_and_business > b2b_service > manufacturer > machinery_and_tool_manufacturer,Machinery and Tool Manufacturer
industrial_equipment,business_to_business > business_manufacturing_and_supply > b2b_machinery_and_tools > industrial_equipment,industrial_equipment_manufacturer,services_and_business > b2b_service > manufacturer > machinery_and_tool_manufacturer > industrial_equipment_manufacturer,Industrial Equipment Manufacturer
mattress_manufacturing,business_to_business > business_manufacturing_and_supply > mattress_manufacturing,mattress_manufacturing,services_and_business > b2b_service > manufacturer > mattress_manufacturing,Mattress Manufacturing
metal_fabricator,business_to_business > business_manufacturing_and_supply > metals > metal_fabricator,metal_fabricator,services_and_business > b2b_service > manufacturer > metal_fabricator,Metal Fabricator
sheet_metal,business_to_business > business_manufacturing_and_supply > metals > sheet_metal,sheet_metal_fabricator,services_and_business > b2b_service > manufacturer > metal_fabricator > sheet_metal_fabricator,Sheet Metal Fabricator
steel_fabricators,business_to_business > business_manufacturing_and_supply > metals > steel_fabricators,steel_fabricator,services_and_business > b2b_service > manufacturer > metal_fabricator > steel_fabricator,Steel Fabricator
mills,business_to_business > business_manufacturing_and_supply > mills,mill,services_and_business > b2b_service > manufacturer > mill,Mill
cotton_mill,business_to_business > business_manufacturing_and_supply > mills > cotton_mill,cotton_mill,services_and_business > b2b_service > manufacturer > mill > cotton_mill,Cotton Mill
flour_mill,business_to_business > business_manufacturing_and_supply > mills > flour_mill,flour_mill,services_and_business > b2b_service > manufacturer > mill > flour_mill,Flour Mill
paper_mill,business_to_business > business_manufacturing_and_supply > mills > paper_mill,paper_mill,services_and_business > b2b_service > manufacturer > mill > paper_mill,Paper Mill
rice_mill,business_to_business > business_manufacturing_and_supply > mills > rice_mill,rice_mill,services_and_business > b2b_service > manufacturer > mill > rice_mill,Rice Mill
saw_mill,business_to_business > business_manufacturing_and_supply > mills > saw_mill,sawmill,services_and_business > b2b_service > manufacturer > mill > sawmill,Sawmill
textile_mill,business_to_business > business_manufacturing_and_supply > mills > textile_mill,textile_mill,services_and_business > b2b_service > manufacturer > mill > textile_mill,Textile Mill
weaving_mill,business_to_business > business_manufacturing_and_supply > mills > weaving_mill,weaving_mill,services_and_business > b2b_service > manufacturer > mill > weaving_mill,Weaving Mill
plastic_manufacturer,business_to_business > business_manufacturing_and_supply > b2b_rubber_and_plastics > plastic_manufacturer,plastic_manufacturer,services_and_business > b2b_service > manufacturer > plastic_manufacturer,Plastic Manufacturer
b2b_rubber_and_plastics,business_to_business > business_manufacturing_and_supply > b2b_rubber_and_plastics,rubber_and_plastics_manufacturer,services_and_business > b2b_service > manufacturer > rubber_and_plastics_manufacturer,Rubber and Plastics Manufacturer
b2b_sporting_and_recreation_goods,business_to_business > business_manufacturing_and_supply > b2b_sporting_and_recreation_goods,sporting_goods_manufacturer,services_and_business > b2b_service > manufacturer > sporting_goods_manufacturer,Sporting Goods Manufacturer
b2b_textiles,business_to_business > business_manufacturing_and_supply > b2b_textiles,textile_manufacturer,services_and_business > b2b_service > manufacturer > textile_manufacturer,Textile Manufacturer
b2b_autos_and_vehicles,business_to_business > business_manufacturing_and_supply > b2b_autos_and_vehicles,vehicle_manufacturer,services_and_business > b2b_service > manufacturer > vehicle_manufacturer,Vehicle Manufacturer
aircraft_manufacturer,business_to_business > business_manufacturing_and_supply > aircraft_manufacturer,aircraft_manufacturer,services_and_business > b2b_service > manufacturer > vehicle_manufacturer > aircraft_manufacturer,Aircraft Manufacturer
auto_manufacturers_and_distributors,business_to_business > business_manufacturing_and_supply > b2b_autos_and_vehicles > auto_manufacturers_and_distributors,auto_manufacturer,services_and_business > b2b_service > manufacturer > vehicle_manufacturer > auto_manufacturer,Auto Manufacturer
boat_builder,business_to_business > business_to_business_services > boat_builder,boat_and_ship_manufacturer,services_and_business > b2b_service > manufacturer > vehicle_manufacturer > boat_and_ship_manufacturer,Boat and Ship Manufacturer
motorcycle_manufacturer,automotive > motorcycle_manufacturer,motorcycle_manufacturer,services_and_business > b2b_service > manufacturer > vehicle_manufacturer > motorcycle_manufacturer,Motorcycle Manufacturer
b2b_tires,business_to_business > business_manufacturing_and_supply > b2b_autos_and_vehicles > b2b_tires,tires_manufacturer,services_and_business > b2b_service > manufacturer > vehicle_parts_manufacturer > tires_manufacturer,Tires Manufacturer
business_equipment_and_supply,business_to_business > business_equipment_and_supply,supplier_or_distributor,services_and_business > b2b_service > supplier_or_distributor,Supplier or Distributor
abrasives_supplier,business_to_business > business_manufacturing_and_supply > abrasives_supplier,abrasives_supplier,services_and_business > b2b_service > supplier_or_distributor > abrasives_supplier,Abrasives Supplier
aggregate_supplier,business_to_business > business_manufacturing_and_supply > aggregate_supplier,aggregate_supplier,services_and_business > b2b_service > supplier_or_distributor > aggregate_supplier,Aggregate Supplier
aluminum_supplier,business_to_business > business_manufacturing_and_supply > aluminum_supplier,aluminum_supplier,services_and_business > b2b_service > supplier_or_distributor > aluminum_supplier,Aluminum Supplier
awning_supplier,professional_services > awning_supplier,awning_supplier,services_and_business > b2b_service > supplier_or_distributor > awning_supplier,Awning Supplier
battery_inverter_supplier,business_to_business > business_manufacturing_and_supply > battery_inverter_supplier,battery_inverter_supplier,services_and_business > b2b_service > supplier_or_distributor > battery_inverter_supplier,Battery Inverter Supplier
bearing_supplier,business_to_business > business_manufacturing_and_supply > bearing_supplier,bearing_supplier,services_and_business > b2b_service > supplier_or_distributor > bearing_supplier,Bearing Supplier
beauty_product_supplier,business_to_business > business_equipment_and_supply > beauty_product_supplier,beauty_product_supplier,services_and_business > b2b_service > supplier_or_distributor > beauty_product_supplier,Beauty Product Supplier
beverage_supplier,business_to_business > business_equipment_and_supply > beverage_supplier,beverage_supplier,services_and_business > b2b_service > supplier_or_distributor > beverage_supplier,Beverage Supplier
box_lunch_supplier,retail > food > box_lunch_supplier,box_lunch_supplier,services_and_business > b2b_service > supplier_or_distributor > box_lunch_supplier,Box Lunch Supplier
business_office_supplies_and_stationery,business_to_business > business_equipment_and_supply > business_office_supplies_and_stationery,business_office_supplies_and_stationery,services_and_business > b2b_service > supplier_or_distributor > business_office_supplies_and_stationery,Business Office Supplies and Stationery
cement_supplier,business_to_business > business_manufacturing_and_supply > cement_supplier,cement_supplier,services_and_business > b2b_service > supplier_or_distributor > cement_supplier,Cement Supplier
cleaning_products_supplier,business_to_business > business_manufacturing_and_supply > cleaning_products_supplier,cleaning_products_supplier,services_and_business > b2b_service > supplier_or_distributor > cleaning_products_supplier,Cleaning Products Supplier
corporate_gift_supplier,private_establishments_and_corporates > corporate_gift_supplier,corporate_gift_supplier,services_and_business > b2b_service > supplier_or_distributor > corporate_gift_supplier,Corporate Gift Supplier
b2b_electronic_equipment,business_to_business > business_manufacturing_and_supply > b2b_electronic_equipment,electronic_equipment_supplier,services_and_business > b2b_service > supplier_or_distributor > electronic_equipment_supplier,Electronic Equipment Supplier
electronic_parts_supplier,business_to_business > business_equipment_and_supply > electronic_parts_supplier,electronic_parts_supplier,services_and_business > b2b_service > supplier_or_distributor > electronic_parts_supplier,Electronic Parts Supplier
fastener_supplier,business_to_business > business_manufacturing_and_supply > fastener_supplier,fastener_supplier,services_and_business > b2b_service > supplier_or_distributor > fastener_supplier,Fastener Supplier
food_beverage_service_distribution,business_to_business > business > food_beverage_service_distribution,food_beverage_distributor,services_and_business > b2b_service > supplier_or_distributor > food_beverage_distributor,Food Beverage Distributor
granite_supplier,business_to_business > business_manufacturing_and_supply > granite_supplier,granite_supplier,services_and_business > b2b_service > supplier_or_distributor > granite_supplier,Granite Supplier
hotel_supply_service,business_to_business > business > hotel_supply_service,hotel_supply_service,services_and_business > b2b_service > supplier_or_distributor > hotel_supply_service,Hotel Supply Service
hvac_supplier,business_to_business > business_manufacturing_and_supply > hvac_supplier,hvac_supplier,services_and_business > b2b_service > supplier_or_distributor > hvac_supplier,HVAC Supplier
hydraulic_equipment_supplier,business_to_business > business_equipment_and_supply > hydraulic_equipment_supplier,hydraulic_equipment_supplier,services_and_business > b2b_service > supplier_or_distributor > hydraulic_equipment_supplier,Hydraulic Equipment Supplier
ice_supplier,professional_services > ice_supplier,ice_supplier,services_and_business > b2b_service > supplier_or_distributor > ice_supplier,Ice Supplier
importer_and_exporter,business_to_business > business_to_business_services > international_business_and_trade_services > importer_and_exporter,import_export_service,services_and_business > b2b_service > supplier_or_distributor > import_export_service,Import Export Service
exporters,business_to_business > business_to_business_services > international_business_and_trade_services > importer_and_exporter > exporters,exporter,services_and_business > b2b_service > supplier_or_distributor > import_export_service > exporter,Exporter
food_and_beverage_exporter,business_to_business > business_to_business_services > international_business_and_trade_services > importer_and_exporter > exporters > food_and_beverage_exporter,food_and_beverage_exporter,services_and_business > b2b_service > supplier_or_distributor > import_export_service > exporter > food_and_beverage_exporter,Food and Beverage Exporter
importers,business_to_business > business_to_business_services > international_business_and_trade_services > importer_and_exporter > importers,importer,services_and_business > b2b_service > supplier_or_distributor > import_export_service > importer,Importer
laboratory_equipment_supplier,business_to_business > business_equipment_and_supply > laboratory_equipment_supplier,laboratory_equipment_supplier,services_and_business > b2b_service > supplier_or_distributor > laboratory_equipment_supplier,Laboratory Equipment Supplier
metal_supplier,business_to_business > business_manufacturing_and_supply > metals > metal_supplier,metal_supplier,services_and_business > b2b_service > supplier_or_distributor > metal_supplier,Metal Supplier
pipe_supplier,business_to_business > business_manufacturing_and_supply > pipe_supplier,pipe_supplier,services_and_business > b2b_service > supplier_or_distributor > pipe_supplier,Pipe Supplier
playground_equipment_supplier,retail > shopping > home_and_garden > playground_equipment_supplier,playground_equipment_supplier,services_and_business > b2b_service > supplier_or_distributor > playground_equipment_supplier,Playground Equipment Supplier
printing_equipment_and_supply,business_to_business > business_manufacturing_and_supply > printing_equipment_and_supply,printing_equipment_supplier,services_and_business > b2b_service > supplier_or_distributor > printing_equipment_supplier,Printing Equipment Supplier
propane_supplier,professional_services > propane_supplier,propane_supplier,services_and_business > b2b_service > supplier_or_distributor > propane_supplier,Propane Supplier
restaurant_equipment_and_supply,business_to_business > business_equipment_and_supply > restaurant_equipment_and_supply,restaurant_equipment_and_supply,services_and_business > b2b_service > supplier_or_distributor > restaurant_equipment_and_supply,Restaurant Equipment and Supply
retaining_wall_supplier,business_to_business > business_manufacturing_and_supply > retaining_wall_supplier,retaining_wall_supplier,services_and_business > b2b_service > supplier_or_distributor > retaining_wall_supplier,Retaining Wall Supplier
sand_and_gravel_supplier,business_to_business > business_manufacturing_and_supply > sand_and_gravel_supplier,sand_and_gravel_supplier,services_and_business > b2b_service > supplier_or_distributor > sand_and_gravel_supplier,Sand and Gravel Supplier
scale_supplier,business_to_business > business_manufacturing_and_supply > scale_supplier,scale_supplier,services_and_business > b2b_service > supplier_or_distributor > scale_supplier,Scale Supplier
seal_and_hanko_dealers,business_to_business > business_manufacturing_and_supply > seal_and_hanko_dealers,seal_and_hanko_supplier,services_and_business > b2b_service > supplier_or_distributor > seal_and_hanko_supplier,Seal and Hanko Supplier
spring_supplier,business_to_business > business_manufacturing_and_supply > spring_supplier,spring_supplier,services_and_business > b2b_service > supplier_or_distributor > spring_supplier,Spring Supplier
stone_supplier,business_to_business > business_manufacturing_and_supply > stone_supplier,stone_supplier,services_and_business > b2b_service > supplier_or_distributor > stone_supplier,Stone Supplier
tableware_supplier,retail > shopping > home_and_garden > tableware_supplier,tableware_supplier,services_and_business > b2b_service > supplier_or_distributor > tableware_supplier,Tableware Supplier
tent_house_supplier,professional_services > tent_house_supplier,tent_house_supplier,services_and_business > b2b_service > supplier_or_distributor > tent_house_supplier,Tent House Supplier
thread_supplier,business_to_business > business_equipment_and_supply > thread_supplier,thread_supplier,services_and_business > b2b_service > supplier_or_distributor > thread_supplier,Thread Supplier
vending_machine_supplier,business_to_business > business_equipment_and_supply > vending_machine_supplier,vending_machine_supplier,services_and_business > b2b_service > supplier_or_distributor > vending_machine_supplier,Vending Machine Supplier
water_softening_equipment_supplier,business_to_business > business_equipment_and_supply > water_softening_equipment_supplier,water_softening_equipment_supplier,services_and_business > b2b_service > supplier_or_distributor > water_softening_equipment_supplier,Water Softening Equipment Supplier
window_supplier,business_to_business > business_manufacturing_and_supply > window_supplier,window_supplier,services_and_business > b2b_service > supplier_or_distributor > window_supplier,Window Supplier
wholesaler,business_to_business > business_equipment_and_supply > wholesaler,wholesaler,services_and_business > b2b_service > wholesaler,Wholesaler
computer_wholesaler,business_to_business > business_equipment_and_supply > wholesaler > computer_wholesaler,computer_wholesaler,services_and_business > b2b_service > wholesaler > computer_wholesaler,Computer Wholesaler
electrical_wholesaler,business_to_business > business_equipment_and_supply > wholesaler > electrical_wholesaler,electrical_wholesaler,services_and_business > b2b_service > wholesaler > electrical_wholesaler,Electrical Wholesaler
fabric_wholesaler,business_to_business > business_equipment_and_supply > wholesaler > fabric_wholesaler,fabric_wholesaler,services_and_business > b2b_service > wholesaler > fabric_wholesaler,Fabric Wholesaler
fitness_equipment_wholesaler,business_to_business > business_equipment_and_supply > wholesaler > fitness_equipment_wholesaler,fitness_equipment_wholesaler,services_and_business > b2b_service > wholesaler > fitness_equipment_wholesaler,Fitness Equipment Wholesaler
fmcg_wholesaler,business_to_business > business_equipment_and_supply > wholesaler > fmcg_wholesaler,fmcg_wholesaler,services_and_business > b2b_service > wholesaler > fmcg_wholesaler,Fmcg Wholesaler
footwear_wholesaler,business_to_business > business_equipment_and_supply > wholesaler > footwear_wholesaler,footwear_wholesaler,services_and_business > b2b_service > wholesaler > footwear_wholesaler,Footwear Wholesaler
furniture_wholesalers,business_to_business > business_manufacturing_and_supply > b2b_furniture_and_housewares > furniture_wholesalers,furniture_wholesaler,services_and_business > b2b_service > wholesaler > furniture_wholesaler,Furniture Wholesaler
greengrocer,business_to_business > business_equipment_and_supply > wholesaler > greengrocer,greengrocer,services_and_business > b2b_service > wholesaler > greengrocer,Greengrocer
industrial_spares_and_products_wholesaler,business_to_business > business_equipment_and_supply > wholesaler > industrial_spares_and_products_wholesaler,industrial_spares_and_products_wholesaler,services_and_business > b2b_service > wholesaler > industrial_spares_and_products_wholesaler,Industrial Spares and Products Wholesaler
iron_and_steel_store,business_to_business > business_equipment_and_supply > wholesaler > iron_and_steel_store,iron_and_steel_store,services_and_business > b2b_service > wholesaler > iron_and_steel_store,Iron and Steel Store
lingerie_wholesaler,business_to_business > business_equipment_and_supply > wholesaler > lingerie_wholesaler,lingerie_wholesaler,services_and_business > b2b_service > wholesaler > lingerie_wholesaler,Lingerie Wholesaler
meat_wholesaler,business_to_business > business_equipment_and_supply > wholesaler > meat_wholesaler,meat_wholesaler,services_and_business > b2b_service > wholesaler > meat_wholesaler,Meat Wholesaler
optical_wholesaler,business_to_business > business_equipment_and_supply > wholesaler > optical_wholesaler,optical_wholesaler,services_and_business > b2b_service > wholesaler > optical_wholesaler,Optical Wholesaler
pharmaceutical_products_wholesaler,business_to_business > business_equipment_and_supply > wholesaler > pharmaceutical_products_wholesaler,pharmaceutical_products_wholesaler,services_and_business > b2b_service > wholesaler > pharmaceutical_products_wholesaler,Pharmaceutical Products Wholesaler
produce_wholesaler,business_to_business > business_equipment_and_supply > wholesaler > produce_wholesaler,produce_wholesaler,services_and_business > b2b_service > wholesaler > produce_wholesaler,Produce Wholesaler
restaurant_wholesale,business_to_business > business_equipment_and_supply > wholesaler > restaurant_wholesale,restaurant_wholesale,services_and_business > b2b_service > wholesaler > restaurant_wholesale,Restaurant Wholesale
seafood_wholesaler,business_to_business > business_equipment_and_supply > wholesaler > seafood_wholesaler,seafood_wholesaler,services_and_business > b2b_service > wholesaler > seafood_wholesaler,Seafood Wholesaler
spices_wholesaler,business_to_business > business_equipment_and_supply > wholesaler > fmcg_wholesaler > spices_wholesaler,spices_wholesaler,services_and_business > b2b_service > wholesaler > spices_wholesaler,Spices Wholesaler
tea_wholesaler,business_to_business > business_equipment_and_supply > wholesaler > tea_wholesaler,tea_wholesaler,services_and_business > b2b_service > wholesaler > tea_wholesaler,Tea Wholesaler
threads_and_yarns_wholesaler,business_to_business > business_equipment_and_supply > wholesaler > threads_and_yarns_wholesaler,threads_and_yarns_wholesaler,services_and_business > b2b_service > wholesaler > threads_and_yarns_wholesaler,Threads and Yarns Wholesaler
tools_wholesaler,business_to_business > business_equipment_and_supply > wholesaler > tools_wholesaler,tools_wholesaler,services_and_business > b2b_service > wholesaler > tools_wholesaler,Tools Wholesaler
wholesale_florist,business_to_business > business_equipment_and_supply > wholesaler > wholesale_florist,wholesale_florist,services_and_business > b2b_service > wholesaler > wholesale_florist,Wholesale Florist
wholesale_grocer,business_to_business > business_equipment_and_supply > wholesaler > wholesale_grocer,wholesale_grocer,services_and_business > b2b_service > wholesaler > wholesale_grocer,Wholesale Grocer
wine_wholesaler,business_to_business > business_equipment_and_supply > wholesaler > wine_wholesaler,wine_wholesaler,services_and_business > b2b_service > wholesaler > wine_wholesaler,Wine Wholesaler
construction_services,professional_services > construction_services,building_or_construction_service,services_and_business > building_or_construction_service,Building or Construction Service
blacksmiths,professional_services > construction_services > metal_materials_and_experts > blacksmiths,blacksmith,services_and_business > building_or_construction_service > blacksmith,Blacksmith
blueprinters,professional_services > construction_services > blueprinters,blueprinter,services_and_business > building_or_construction_service > blueprinter,Blueprinter
civil_engineers,professional_services > construction_services > engineering_services > civil_engineers,civil_engineer,services_and_business > building_or_construction_service > civil_engineer,Civil Engineer
construction_management,professional_services > construction_services > construction_management,construction_management,services_and_business > building_or_construction_service > construction_management,Construction Management
crane_services,professional_services > crane_services,crane_service,services_and_business > building_or_construction_service > crane_service,Crane Service
engineering_services,professional_services > construction_services > engineering_services,engineering_service,services_and_business > building_or_construction_service > engineering_service,Engineering Service
gravel_professionals,professional_services > construction_services > stone_and_masonry > gravel_professionals,gravel_professional,services_and_business > building_or_construction_service > gravel_professional,Gravel Professional
inspection_services,professional_services > construction_services > inspection_services,inspection_service,services_and_business > building_or_construction_service > inspection_service,Inspection Service
instrumentation_engineers,professional_services > construction_services > engineering_services > instrumentation_engineers,instrumentation_engineer,services_and_business > building_or_construction_service > instrumentation_engineer,Instrumentation Engineer
ironworkers,professional_services > construction_services > metal_materials_and_experts > ironworkers,ironworker,services_and_business > building_or_construction_service > ironworker,Ironworker
lime_professionals,professional_services > construction_services > stone_and_masonry > lime_professionals,lime_professional,services_and_business > building_or_construction_service > lime_professional,Lime Professional
marble_and_granite_professionals,professional_services > construction_services > stone_and_masonry > marble_and_granite_professionals,marble_and_granite_professional,services_and_business > building_or_construction_service > marble_and_granite_professional,Marble and Granite Professional
masonry_contractors,professional_services > construction_services > stone_and_masonry > masonry_contractors,masonry_contractor,services_and_business > building_or_construction_service > masonry_contractor,Masonry Contractor
mechanical_engineers,professional_services > construction_services > engineering_services > mechanical_engineers,mechanical_engineer,services_and_business > building_or_construction_service > mechanical_engineer,Mechanical Engineer
metal_materials_and_experts,professional_services > construction_services > metal_materials_and_experts,metal_material_expert,services_and_business > building_or_construction_service > metal_material_expert,Metal Material Expert
road_contractor,professional_services > construction_services > road_contractor,road_contractor,services_and_business > building_or_construction_service > road_contractor,Road Contractor
stone_and_masonry,professional_services > construction_services > stone_and_masonry,stone_and_masonry,services_and_business > building_or_construction_service > stone_and_masonry,Stone and Masonry
welders,professional_services > construction_services > metal_materials_and_experts > welders,welder,services_and_business > building_or_construction_service > welder,Welder
corporate_office,private_establishments_and_corporates > corporate_office,corporate_or_business_office,services_and_business > corporate_or_business_office,Corporate or Business Office
auto_company,automotive > auto_company,auto_company,services_and_business > corporate_or_business_office > auto_company,Auto Company
bags_luggage_company,business_to_business > business > bags_luggage_company,bags_luggage_company,services_and_business > corporate_or_business_office > bags_luggage_company,Bags Luggage Company
biotechnology_company,business_to_business > b2b_medical_support_services > biotechnology_company,biotechnology_company,services_and_business > corporate_or_business_office > biotechnology_company,Biotechnology Company
bottled_water_company,business_to_business > business > bottled_water_company,bottled_water_company,services_and_business > corporate_or_business_office > bottled_water_company,Bottled Water Company
clothing_company,business_to_business > business > clothing_company,clothing_company,services_and_business > corporate_or_business_office > clothing_company,Clothing Company
energy_company,public_service_and_government > public_utility_company > energy_company,energy_company,services_and_business > corporate_or_business_office > energy_company,Energy Company
ferry_boat_company,business_to_business > business > ferry_boat_company,ferry_boat_company,services_and_business > corporate_or_business_office > ferry_boat_company,Ferry Boat Company
industrial_company,business_to_business > commercial_industrial > industrial_company,industrial_company,services_and_business > corporate_or_business_office > industrial_company,Industrial Company
information_technology_company,business_to_business > business_to_business_services > information_technology_company,information_technology_company,services_and_business > corporate_or_business_office > information_technology_company,Information Technology Company
pharmaceutical_companies,business_to_business > b2b_medical_support_services > pharmaceutical_companies,pharmaceutical_company,services_and_business > corporate_or_business_office > pharmaceutical_company,Pharmaceutical Company
plastic_company,business_to_business > business_manufacturing_and_supply > b2b_rubber_and_plastics > plastic_company,plastics_company,services_and_business > corporate_or_business_office > plastics_company,Plastics Company
private_association,public_service_and_government > organization > private_association,private_association,services_and_business > corporate_or_business_office > private_association,Private Association
telecommunications_company,business_to_business > business_to_business_services > telecommunications_company,telecommunications_company,services_and_business > corporate_or_business_office > telecommunications_company,Telecommunications Company
tobacco_company,business_to_business > business > tobacco_company,tobacco_company,services_and_business > corporate_or_business_office > tobacco_company,Tobacco Company
travel_company,business_to_business > business > travel_company,travel_company,services_and_business > corporate_or_business_office > travel_company,Travel Company
architect,professional_services > architect,architect,services_and_business > design_service > architect,Architect
architectural_designer,professional_services > architectural_designer,architectural_designer,services_and_business > design_service > architectural_designer,Architectural Designer
graphic_designer,professional_services > graphic_designer,graphic_designer,services_and_business > design_service > graphic_designer,Graphic Designer
product_design,professional_services > product_design,product_design,services_and_business > design_service > product_design,Product Design
sign_making,professional_services > sign_making,sign_making,services_and_business > design_service > sign_making,Sign Making
web_designer,professional_services > web_designer,web_designer,services_and_business > design_service > web_designer,Web Designer
environmental_and_ecological_services_for_businesses,business_to_business > business_to_business_services > environmental_and_ecological_services_for_businesses,environmental_or_ecological_service,services_and_business > environmental_or_ecological_service,Environmental or Ecological Service
environmental_abatement_services,professional_services > environmental_abatement_services,environmental_abatement_service,services_and_business > environmental_or_ecological_service > environmental_abatement_service,Environmental Abatement Service
environmental_conservation_organization,public_service_and_government > organization > environmental_conservation_organization,environmental_conservation_organization,services_and_business > environmental_or_ecological_service > environmental_conservation_organization,Environmental Conservation Organization
environmental_testing,professional_services > environmental_testing,environmental_testing_service,services_and_business > environmental_or_ecological_service > environmental_testing_service,Environmental Testing Service
forestry_service,professional_services > forestry_service,forestry_service,services_and_business > environmental_or_ecological_service > forestry_service,Forestry Service
wildlife_control,professional_services > wildlife_control,wildlife_control,services_and_business > environmental_or_ecological_service > wildlife_control,Wildlife Control
event_planning,professional_services > event_planning,event_or_party_service,services_and_business > event_or_party_service,Event or Party Service
audiovisual_equipment_rental,professional_services > event_planning > party_equipment_rental > audiovisual_equipment_rental,audiovisual_equipment_rental,services_and_business > event_or_party_service > audiovisual_equipment_rental,Audiovisual Equipment Rental
balloon_services,professional_services > event_planning > balloon_services,balloon_service,services_and_business > event_or_party_service > balloon_service,Balloon Service
bartender,professional_services > event_planning > bartender,bartender,services_and_business > event_or_party_service > bartender,Bartender
boat_charter,professional_services > event_planning > boat_charter,boat_charter,services_and_business > event_or_party_service > boat_charter,Boat Charter
bounce_house_rental,professional_services > event_planning > party_equipment_rental > bounce_house_rental,bounce_house_rental,services_and_business > event_or_party_service > bounce_house_rental,Bounce House Rental
caricature,professional_services > event_planning > caricature,caricature,services_and_business > event_or_party_service > caricature,Caricature
caterer,professional_services > event_planning > caterer,caterer,services_and_business > event_or_party_service > caterer,Caterer
clown,professional_services > event_planning > clown,clown,services_and_business > event_or_party_service > clown,Clown
dj_service,professional_services > event_planning > dj_service,dj_service,services_and_business > event_or_party_service > dj_service,DJ Service
event_technology_service,professional_services > event_planning > event_technology_service,event_technology_service,services_and_business > event_or_party_service > event_technology_service,Event Technology Service
face_painting,professional_services > event_planning > face_painting,face_painting,services_and_business > event_or_party_service > face_painting,Face Painting
floral_designer,professional_services > event_planning > floral_designer,floral_designer,services_and_business > event_or_party_service > floral_designer,Floral Designer
game_truck_rental,professional_services > event_planning > game_truck_rental,game_truck_rental,services_and_business > event_or_party_service > game_truck_rental,Game Truck Rental
golf_cart_rental,professional_services > event_planning > golf_cart_rental,golf_cart_rental,services_and_business > event_or_party_service > golf_cart_rental,Golf Cart Rental
henna_artist,professional_services > event_planning > henna_artist,henna_artist,services_and_business > event_or_party_service > henna_artist,Henna Artist
karaoke_rental,professional_services > event_planning > party_equipment_rental > karaoke_rental,karaoke_rental,services_and_business > event_or_party_service > karaoke_rental,Karaoke Rental
kids_recreation_and_party,professional_services > event_planning > kids_recreation_and_party,kids_recreation_and_party,services_and_business > event_or_party_service > kids_recreation_and_party,Kids Recreation and Party
magician,professional_services > event_planning > magician,magician,services_and_business > event_or_party_service > magician,Magician
mohel,professional_services > event_planning > mohel,mohel,services_and_business > event_or_party_service > mohel,Mohel
musician,professional_services > event_planning > musician,musician,services_and_business > event_or_party_service > musician,Musician
officiating_services,professional_services > event_planning > officiating_services,officiating_service,services_and_business > event_or_party_service > officiating_service,Officiating Service
party_and_event_planning,professional_services > event_planning > party_and_event_planning,party_and_event_planning,services_and_business > event_or_party_service > party_and_event_planning,Party and Event Planning
party_bike_rental,professional_services > event_planning > party_bike_rental,party_bike_rental,services_and_business > event_or_party_service > party_bike_rental,Party Bike Rental
party_bus_rental,professional_services > event_planning > party_bus_rental,party_bus_rental,services_and_business > event_or_party_service > party_bus_rental,Party Bus Rental
party_character,professional_services > event_planning > party_character,party_character,services_and_business > event_or_party_service > party_character,Party Character
party_equipment_rental,professional_services > event_planning > party_equipment_rental,party_equipment_rental,services_and_business > event_or_party_service > party_equipment_rental,Party Equipment Rental
personal_chef,professional_services > event_planning > personal_chef,personal_chef,services_and_business > event_or_party_service > personal_chef,Personal Chef
photo_booth_rental,professional_services > event_planning > photo_booth_rental,photo_booth_rental,services_and_business > event_or_party_service > photo_booth_rental,Photo Booth Rental
silent_disco,professional_services > event_planning > silent_disco,silent_disco,services_and_business > event_or_party_service > silent_disco,Silent Disco
sommelier_service,professional_services > event_planning > sommelier_service,sommelier_service,services_and_business > event_or_party_service > sommelier_service,Sommelier Service
team_building_activity,professional_services > event_planning > team_building_activity,team_building_activity,services_and_business > event_or_party_service > team_building_activity,Team Building Activity
trivia_host,professional_services > event_planning > trivia_host,trivia_host,services_and_business > event_or_party_service > trivia_host,Trivia Host
valet_service,professional_services > event_planning > valet_service,valet_service,services_and_business > event_or_party_service > valet_service,Valet Service
videographer,professional_services > event_planning > videographer,videographer,services_and_business > event_or_party_service > videographer,Videographer
wedding_chapel,professional_services > event_planning > wedding_chapel,wedding_chapel,services_and_business > event_or_party_service > wedding_chapel,Wedding Chapel
wedding_planning,professional_services > event_planning > wedding_planning,wedding_planning,services_and_business > event_or_party_service > wedding_planning,Wedding Planning
adoption_services,professional_services > adoption_services,adoption_service,services_and_business > family_service > adoption_service,Adoption Service
child_care_and_day_care,professional_services > child_care_and_day_care,child_care_and_day_care,services_and_business > family_service > child_care_and_day_care,Child Care and Day Care
day_care_preschool,professional_services > child_care_and_day_care > day_care_preschool,day_care_preschool,services_and_business > family_service > child_care_and_day_care > day_care_preschool,Day Care Preschool
elder_care_planning,professional_services > elder_care_planning,elder_care_planning,services_and_business > family_service > elder_care_planning,Elder Care Planning
family_service_center,public_service_and_government > family_service_center,family_service_center,services_and_business > family_service > family_service_center,Family Service Center
funeral_services_and_cemeteries,professional_services > funeral_services_and_cemeteries,funeral_service,services_and_business > family_service > funeral_service,Funeral Service
cremation_services,professional_services > funeral_services_and_cemeteries > cremation_services,cremation_service,services_and_business > family_service > funeral_service > cremation_service,Cremation Service
mortuary_services,professional_services > funeral_services_and_cemeteries > mortuary_services,mortuary_service,services_and_business > family_service > funeral_service > mortuary_service,Mortuary Service
genealogists,professional_services > genealogists,genealogist,services_and_business > family_service > genealogist,Genealogist
mobility_equipment_services,professional_services > mobility_equipment_services,mobility_equipment_service,services_and_business > family_service > mobility_equipment_service,Mobility Equipment Service
nanny_services,professional_services > nanny_services,nanny_service,services_and_business > family_service > nanny_service,Nanny Service
financial_service,financial_service,financial_service,services_and_business > financial_service,Financial Service
accountant,financial_service > accountant,accountant,services_and_business > financial_service > accountant,Accountant
appraisal_services,professional_services > appraisal_services,appraisal_service,services_and_business > financial_service > appraisal_service,Appraisal Service
atms,financial_service > atms,atm,services_and_business > financial_service > atm,ATM
bank_credit_union,financial_service > bank_credit_union,bank_or_credit_union,services_and_business > financial_service > bank_or_credit_union,Bank or Credit Union
banks,financial_service > bank_credit_union > banks,bank,services_and_business > financial_service > bank_or_credit_union > bank,Bank
credit_union,financial_service > bank_credit_union > credit_union,credit_union,services_and_business > financial_service > bank_or_credit_union > credit_union,Credit Union
brokers,financial_service > brokers,broker,services_and_business > financial_service > broker,Broker
business_brokers,financial_service > brokers > business_brokers,business_broker,services_and_business > financial_service > broker > business_broker,Business Broker
stock_and_bond_brokers,financial_service > brokers > stock_and_bond_brokers,stock_and_bond_broker,services_and_business > financial_service > broker > stock_and_bond_broker,Stock and Bond Broker
business_banking_service,financial_service > business_banking_service,business_banking_service,services_and_business > financial_service > business_banking_service,Business Banking Service
business_financing,financial_service > business_financing,business_financing,services_and_business > financial_service > business_financing,Business Financing
check_cashing_payday_loans,financial_service > check_cashing_payday_loans,check_cashing_payday_loans,services_and_business > financial_service > check_cashing_payday_loans,Check Cashing Payday Loans
coin_dealers,financial_service > coin_dealers,coin_dealer,services_and_business > financial_service > coin_dealer,Coin Dealer
collection_agencies,financial_service > collection_agencies,collection_agency,services_and_business > financial_service > collection_agency,Collection Agency
credit_and_debt_counseling,financial_service > credit_and_debt_counseling,credit_and_debt_counseling,services_and_business > financial_service > credit_and_debt_counseling,Credit and Debt Counseling
currency_exchange,financial_service > currency_exchange,currency_exchange,services_and_business > financial_service > currency_exchange,Currency Exchange
customs_broker,professional_services > customs_broker,customs_broker,services_and_business > financial_service > customs_broker,Customs Broker
debt_relief_services,financial_service > debt_relief_services,debt_relief_service,services_and_business > financial_service > debt_relief_service,Debt Relief Service
financial_advising,financial_service > financial_advising,financial_advising,services_and_business > financial_service > financial_advising,Financial Advising
gold_buyer,retail > shopping > gold_buyer,gold_buyer,services_and_business > financial_service > gold_buyer,Gold Buyer
holding_companies,financial_service > holding_companies,holding_company,services_and_business > financial_service > holding_company,Holding Company
installment_loans,financial_service > installment_loans,installment_loans,services_and_business > financial_service > installment_loans,Installment Loans
auto_loan_provider,financial_service > installment_loans > auto_loan_provider,auto_loan_provider,services_and_business > financial_service > installment_loans > auto_loan_provider,Auto Loan Provider
mortgage_lender,financial_service > installment_loans > mortgage_lender,mortgage_lender,services_and_business > financial_service > installment_loans > mortgage_lender,Mortgage Lender
insurance_agency,financial_service > insurance_agency,insurance_agency,services_and_business > financial_service > insurance_agency,Insurance Agency
auto_insurance,financial_service > insurance_agency > auto_insurance,auto_insurance,services_and_business > financial_service > insurance_agency > auto_insurance,Auto Insurance
farm_insurance,financial_service > insurance_agency > farm_insurance,farm_insurance,services_and_business > financial_service > insurance_agency > farm_insurance,Farm Insurance
fidelity_and_surety_bonds,financial_service > insurance_agency > fidelity_and_surety_bonds,fidelity_and_surety_bonds,services_and_business > financial_service > insurance_agency > fidelity_and_surety_bonds,Fidelity and Surety Bonds
home_and_rental_insurance,financial_service > insurance_agency > home_and_rental_insurance,home_and_rental_insurance,services_and_business > financial_service > insurance_agency > home_and_rental_insurance,Home and Rental Insurance
life_insurance,financial_service > insurance_agency > life_insurance,life_insurance,services_and_business > financial_service > insurance_agency > life_insurance,Life Insurance
investing,financial_service > investing,investing,services_and_business > financial_service > investing,Investing
investment_management_company,financial_service > investment_management_company,investment_management_company,services_and_business > financial_service > investment_management_company,Investment Management Company
money_transfer_services,financial_service > money_transfer_services,money_transfer_service,services_and_business > financial_service > money_transfer_service,Money Transfer Service
mortgage_broker,real_estate > mortgage_broker,mortgage_broker,services_and_business > financial_service > mortgage_broker,Mortgage Broker
private_equity_firm,private_establishments_and_corporates > private_equity_firm,private_equity_firm,services_and_business > financial_service > private_equity_firm,Private Equity Firm
public_adjuster,professional_services > public_adjuster,public_adjuster,services_and_business > financial_service > public_adjuster,Public Adjuster
real_estate_investment,real_estate > real_estate_investment,real_estate_investment,services_and_business > financial_service > real_estate_investment,Real Estate Investment
tax_services,financial_service > tax_services,tax_service,services_and_business > financial_service > tax_service,Tax Service
trusts,financial_service > trusts,trusts,services_and_business > financial_service > trusts,Trusts
home_service,home_service,home_service,services_and_business > home_service,Home Service
air_duct_cleaning_service,professional_services > air_duct_cleaning_service,air_duct_cleaning_service,services_and_business > home_service > air_duct_cleaning_service,Air Duct Cleaning Service
antenna_service,professional_services > antenna_service,antenna_service,services_and_business > home_service > antenna_service,Antenna Service
appliance_repair_service,professional_services > appliance_repair_service,appliance_repair_service,services_and_business > home_service > appliance_repair_service,Appliance Repair Service
artificial_turf,home_service > artificial_turf,artificial_turf,services_and_business > home_service > artificial_turf,Artificial Turf
bathroom_remodeling,home_service > bathroom_remodeling,bathroom_remodeling,services_and_business > home_service > bathroom_remodeling,Bathroom Remodeling
bathtub_and_sink_repairs,home_service > bathtub_and_sink_repairs,bathtub_and_sink_repair,services_and_business > home_service > bathtub_and_sink_repair,Bathtub and Sink Repair
cabinet_sales_service,home_service > cabinet_sales_service,cabinet_sales_service,services_and_business > home_service > cabinet_sales_service,Cabinet Sales Service
carpenter,home_service > carpenter,carpenter,services_and_business > home_service > carpenter,Carpenter
carpet_cleaning,home_service > carpet_cleaning,carpet_cleaning,services_and_business > home_service > carpet_cleaning,Carpet Cleaning
carpet_dyeing,professional_services > carpet_dyeing,carpet_dyeing,services_and_business > home_service > carpet_dyeing,Carpet Dyeing
carpet_installation,home_service > carpet_installation,carpet_installation,services_and_business > home_service > carpet_installation,Carpet Installation
ceiling_and_roofing_repair_and_service,home_service > ceiling_and_roofing_repair_and_service,ceiling_and_roofing_repair_and_service,services_and_business > home_service > ceiling_and_roofing_repair_and_service,Ceiling and Roofing Repair and Service
ceiling_service,home_service > ceiling_and_roofing_repair_and_service > ceiling_service,ceiling_service,services_and_business > home_service > ceiling_and_roofing_repair_and_service > ceiling_service,Ceiling Service
roofing,home_service > ceiling_and_roofing_repair_and_service > roofing,roofing,services_and_business > home_service > ceiling_and_roofing_repair_and_service > roofing,Roofing
childproofing,home_service > childproofing,childproofing,services_and_business > home_service > childproofing,Childproofing
chimney_service,home_service > chimney_service,chimney_service,services_and_business > home_service > chimney_service,Chimney Service
chimney_sweep,home_service > chimney_service > chimney_sweep,chimney_sweep,services_and_business > home_service > chimney_service > chimney_sweep,Chimney Sweep
clock_repair_service,professional_services > clock_repair_service,clock_repair_service,services_and_business > home_service > clock_repair_service,Clock Repair Service
closet_remodeling,home_service > closet_remodeling,closet_remodeling,services_and_business > home_service > closet_remodeling,Closet Remodeling
community_book_boxes,professional_services > community_book_boxes,community_book_box,services_and_business > home_service > community_book_box,Community Book Box
contractor,home_service > contractor,contractor,services_and_business > home_service > contractor,Contractor
altering_and_remodeling_contractor,home_service > contractor > altering_and_remodeling_contractor,altering_and_remodeling_contractor,services_and_business > home_service > contractor > altering_and_remodeling_contractor,Altering and Remodeling Contractor
building_contractor,home_service > contractor > building_contractor,building_contractor,services_and_business > home_service > contractor > building_contractor,Building Contractor
flooring_contractors,home_service > contractor > flooring_contractors,flooring_contractor,services_and_business > home_service > contractor > flooring_contractor,Flooring Contractor
paving_contractor,home_service > contractor > paving_contractor,paving_contractor,services_and_business > home_service > contractor > paving_contractor,Paving Contractor
countertop_installation,home_service > countertop_installation,countertop_installation,services_and_business > home_service > countertop_installation,Countertop Installation
damage_restoration,home_service > damage_restoration,damage_restoration,services_and_business > home_service > damage_restoration,Damage Restoration
fire_and_water_damage_restoration,home_service > damage_restoration > fire_and_water_damage_restoration,fire_and_water_damage_restoration,services_and_business > home_service > damage_restoration > fire_and_water_damage_restoration,Fire and Water Damage Restoration
deck_and_railing_sales_service,home_service > deck_and_railing_sales_service,deck_and_railing_sales_service,services_and_business > home_service > deck_and_railing_sales_service,Deck and Railing Sales Service
demolition_service,home_service > demolition_service,demolition_service,services_and_business > home_service > demolition_service,Demolition Service
donation_center,professional_services > donation_center,donation_center,services_and_business > home_service > donation_center,Donation Center
door_sales_service,home_service > door_sales_service,door_sales_service,services_and_business > home_service > door_sales_service,Door Sales Service
drywall_services,home_service > drywall_services,drywall_service,services_and_business > home_service > drywall_service,Drywall Service
electrician,home_service > electrician,electrician,services_and_business > home_service > electrician,Electrician
excavation_service,home_service > excavation_service,excavation_service,services_and_business > home_service > excavation_service,Excavation Service
exterior_design,home_service > exterior_design,exterior_design,services_and_business > home_service > exterior_design,Exterior Design
fence_and_gate_sales_service,home_service > fence_and_gate_sales_service,fence_and_gate_sales_service,services_and_business > home_service > fence_and_gate_sales_service,Fence and Gate Sales Service
feng_shui,professional_services > feng_shui,feng_shui,services_and_business > home_service > feng_shui,Feng Shui
fire_protection_service,home_service > fire_protection_service,fire_protection_service,services_and_business > home_service > fire_protection_service,Fire Protection Service
fireplace_service,home_service > fireplace_service,fireplace_service,services_and_business > home_service > fireplace_service,Fireplace Service
firewood,home_service > firewood,firewood,services_and_business > home_service > firewood,Firewood
foundation_repair,home_service > foundation_repair,foundation_repair,services_and_business > home_service > foundation_repair,Foundation Repair
furniture_assembly,home_service > furniture_assembly,furniture_assembly,services_and_business > home_service > furniture_assembly,Furniture Assembly
furniture_rental_service,professional_services > furniture_rental_service,furniture_rental_service,services_and_business > home_service > furniture_rental_service,Furniture Rental Service
furniture_repair,professional_services > furniture_repair,furniture_repair,services_and_business > home_service > furniture_repair,Furniture Repair
furniture_reupholstery,professional_services > furniture_reupholstery,furniture_reupholstery,services_and_business > home_service > furniture_reupholstery,Furniture Reupholstery
garage_door_service,home_service > garage_door_service,garage_door_service,services_and_business > home_service > garage_door_service,Garage Door Service
glass_and_mirror_sales_service,home_service > glass_and_mirror_sales_service,glass_and_mirror_sales_service,services_and_business > home_service > glass_and_mirror_sales_service,Glass and Mirror Sales Service
grout_service,home_service > grout_service,grout_service,services_and_business > home_service > grout_service,Grout Service
gutter_service,home_service > gutter_service,gutter_service,services_and_business > home_service > gutter_service,Gutter Service
handyman,home_service > handyman,handyman,services_and_business > home_service > handyman,Handyman
holiday_decorating,home_service > holiday_decorating,holiday_decorating_service,services_and_business > home_service > holiday_decorating_service,Holiday Decorating Service
home_automation,home_service > home_automation,home_automation,services_and_business > home_service > home_automation,Home Automation
home_cleaning,home_service > home_cleaning,home_cleaning,services_and_business > home_service > home_cleaning,Home Cleaning
home_energy_auditor,home_service > home_energy_auditor,home_energy_auditor,services_and_business > home_service > home_energy_auditor,Home Energy Auditor
home_inspector,home_service > home_inspector,home_inspector,services_and_business > home_service > home_inspector,Home Inspector
home_network_installation,home_service > home_network_installation,home_network_installation,services_and_business > home_service > home_network_installation,Home Network Installation
home_security,home_service > home_security,home_security,services_and_business > home_service > home_security,Home Security
home_window_tinting,home_service > home_window_tinting,home_window_tinting,services_and_business > home_service > home_window_tinting,Home Window Tinting
house_sitting,home_service > house_sitting,house_sitting,services_and_business > home_service > house_sitting,House Sitting
hvac_services,home_service > hvac_services,hvac_service,services_and_business > home_service > hvac_service,HVAC Service
hydro_jetting,professional_services > hydro_jetting,hydro_jetting,services_and_business > home_service > hydro_jetting,Hydro Jetting
indoor_landscaping,professional_services > indoor_landscaping,indoor_landscaping,services_and_business > home_service > indoor_landscaping,Indoor Landscaping
insulation_installation,home_service > insulation_installation,insulation_installation,services_and_business > home_service > insulation_installation,Insulation Installation
interior_design,home_service > interior_design,interior_design,services_and_business > home_service > interior_design,Interior Design
irrigation,home_service > irrigation,irrigation_service,services_and_business > home_service > irrigation_service,Irrigation Service
junk_removal_and_hauling,professional_services > junk_removal_and_hauling,junk_removal_and_hauling,services_and_business > home_service > junk_removal_and_hauling,Junk Removal and Hauling
key_and_locksmith,home_service > key_and_locksmith,key_and_locksmith,services_and_business > home_service > key_and_locksmith,Key and Locksmith
kitchen_remodeling,home_service > kitchen_remodeling,kitchen_remodeling,services_and_business > home_service > kitchen_remodeling,Kitchen Remodeling
knife_sharpening,professional_services > knife_sharpening,knife_sharpening,services_and_business > home_service > knife_sharpening,Knife Sharpening
landscaping,home_service > landscaping,landscaping,services_and_business > home_service > landscaping,Landscaping
gardener,home_service > landscaping > gardener,gardener,services_and_business > home_service > landscaping > gardener,Gardener
landscape_architect,home_service > landscaping > landscape_architect,landscape_architect,services_and_business > home_service > landscaping > landscape_architect,Landscape Architect
lawn_service,home_service > landscaping > lawn_service,lawn_service,services_and_business > home_service > landscaping > lawn_service,Lawn Service
tree_services,home_service > landscaping > tree_services,tree_service,services_and_business > home_service > landscaping > tree_service,Tree Service
lawn_mower_repair_service,professional_services > lawn_mower_repair_service,lawn_mower_repair_service,services_and_business > home_service > lawn_mower_repair_service,Lawn Mower Repair Service
lighting_fixtures_and_equipment,home_service > lighting_fixtures_and_equipment,lighting_fixtures_and_equipment,services_and_business > home_service > lighting_fixtures_and_equipment,Lighting Fixtures and Equipment
masonry_concrete,home_service > masonry_concrete,masonry_concrete,services_and_business > home_service > masonry_concrete,Masonry Concrete
misting_system_services,professional_services > misting_system_services,misting_system_service,services_and_business > home_service > misting_system_service,Misting System Service
mobile_home_repair,home_service > mobile_home_repair,mobile_home_repair,services_and_business > home_service > mobile_home_repair,Mobile Home Repair
movers,home_service > movers,mover,services_and_business > home_service > mover,Mover
packing_services,home_service > packing_services,packing_service,services_and_business > home_service > packing_service,Packing Service
painting,home_service > painting,painting,services_and_business > home_service > painting,Painting
patio_covers,home_service > patio_covers,patio_covers,services_and_business > home_service > patio_covers,Patio Covers
personal_assistant,professional_services > personal_assistant,personal_assistant,services_and_business > home_service > personal_assistant,Personal Assistant
pest_control_service,professional_services > pest_control_service,pest_control_service,services_and_business > home_service > pest_control_service,Pest Control Service
plasterer,home_service > plasterer,plasterer,services_and_business > home_service > plasterer,Plasterer
plumbing,home_service > plumbing,plumbing,services_and_business > home_service > plumbing,Plumbing
backflow_services,home_service > plumbing > backflow_services,backflow_service,services_and_business > home_service > plumbing > backflow_service,Backflow Service
pool_and_hot_tub_services,home_service > pool_and_hot_tub_services,pool_and_hot_tub_service,services_and_business > home_service > pool_and_hot_tub_service,Pool and Hot Tub Service
pool_cleaning,home_service > pool_cleaning,pool_cleaning,services_and_business > home_service > pool_cleaning,Pool Cleaning
pressure_washing,home_service > pressure_washing,pressure_washing,services_and_business > home_service > pressure_washing,Pressure Washing
recycling_center,professional_services > recycling_center,recycling_center,services_and_business > home_service > recycling_center,Recycling Center
refinishing_services,home_service > refinishing_services,refinishing_service,services_and_business > home_service > refinishing_service,Refinishing Service
security_systems,home_service > security_systems,security_systems,services_and_business > home_service > security_systems,Security Systems
sewing_and_alterations,professional_services > sewing_and_alterations,sewing_and_alterations,services_and_business > home_service > sewing_and_alterations,Sewing and Alterations
gents_tailor,professional_services > sewing_and_alterations > gents_tailor,tailor,services_and_business > home_service > sewing_and_alterations > tailor,Tailor
shades_and_blinds,home_service > shades_and_blinds,shades_and_blinds,services_and_business > home_service > shades_and_blinds,Shades and Blinds
shutters,home_service > shutters,shutters,services_and_business > home_service > shutters,Shutters
siding,home_service > siding,siding,services_and_business > home_service > siding,Siding
snow_removal_service,professional_services > snow_removal_service,snow_removal_service,services_and_business > home_service > snow_removal_service,Snow Removal Service
solar_installation,home_service > solar_installation,solar_installation,services_and_business > home_service > solar_installation,Solar Installation
solar_panel_cleaning,home_service > solar_panel_cleaning,solar_panel_cleaning,services_and_business > home_service > solar_panel_cleaning,Solar Panel Cleaning
structural_engineer,home_service > structural_engineer,structural_engineer,services_and_business > home_service > structural_engineer,Structural Engineer
stucco_services,home_service > stucco_services,stucco_service,services_and_business > home_service > stucco_service,Stucco Service
television_service_providers,home_service > television_service_providers,television_service_provider,services_and_business > home_service > television_service_provider,Television Service Provider
tiling,home_service > tiling,tiling,services_and_business > home_service > tiling,Tiling
tv_mounting,professional_services > tv_mounting,tv_mounting,services_and_business > home_service > tv_mounting,TV Mounting
wallpaper_installers,home_service > wallpaper_installers,wallpaper_installer,services_and_business > home_service > wallpaper_installer,Wallpaper Installer
washer_and_dryer_repair_service,home_service > washer_and_dryer_repair_service,washer_and_dryer_repair_service,services_and_business > home_service > washer_and_dryer_repair_service,Washer and Dryer Repair Service
water_delivery,professional_services > water_delivery,water_delivery,services_and_business > home_service > water_delivery,Water Delivery
water_heater_installation_repair,home_service > water_heater_installation_repair,water_heater_installation_repair,services_and_business > home_service > water_heater_installation_repair,Water Heater Installation Repair
water_purification_services,home_service > water_purification_services,water_purification_service,services_and_business > home_service > water_purification_service,Water Purification Service
waterproofing,home_service > waterproofing,waterproofing,services_and_business > home_service > waterproofing,Waterproofing
well_drilling,professional_services > well_drilling,well_drilling,services_and_business > home_service > well_drilling,Well Drilling
window_washing,home_service > window_washing,window_washing,services_and_business > home_service > window_washing,Window Washing
windows_installation,home_service > windows_installation,windows_installation,services_and_business > home_service > windows_installation,Windows Installation
skylight_installation,home_service > windows_installation > skylight_installation,skylight_installation,services_and_business > home_service > windows_installation > skylight_installation,Skylight Installation
apartments,real_estate > apartments,apartment,services_and_business > housing_or_property_service > apartment,Apartment
condominium,real_estate > condominium,condominium,services_and_business > housing_or_property_service > condominium,Condominium
halfway_house,health_and_medical > halfway_house,halfway_house,services_and_business > housing_or_property_service > halfway_house,Halfway House
low_income_housing,public_service_and_government > low_income_housing,low_income_housing,services_and_business > housing_or_property_service > low_income_housing,Low Income Housing
mobile_home_park,real_estate > mobile_home_park,mobile_home_park,services_and_business > housing_or_property_service > mobile_home_park,Mobile Home Park
assisted_living_facility,health_and_medical > assisted_living_facility,assisted_living_facility,services_and_business > housing_or_property_service > senior_living_facility > assisted_living_facility,Assisted Living Facility
memory_care,health_and_medical > memory_care,memory_care_facility,services_and_business > housing_or_property_service > senior_living_facility > memory_care_facility,Memory Care Facility
retirement_home,public_service_and_government > retirement_home,retirement_home,services_and_business > housing_or_property_service > senior_living_facility > retirement_home,Retirement Home
university_housing,real_estate > university_housing,university_housing,services_and_business > housing_or_property_service > university_housing,University Housing
hazardous_waste_disposal,professional_services > hazardous_waste_disposal,hazardous_waste_disposal,services_and_business > industrial_facility_or_service > hazardous_waste_disposal,Hazardous Waste Disposal
powder_coating_service,professional_services > powder_coating_service,powder_coating_service,services_and_business > industrial_facility_or_service > powder_coating_service,Powder Coating Service
sandblasting_service,professional_services > sandblasting_service,sandblasting_service,services_and_business > industrial_facility_or_service > sandblasting_service,Sandblasting Service
laundry_services,professional_services > laundry_services,laundry_service,services_and_business > laundry_service,Laundry Service
dry_cleaning,professional_services > laundry_services > dry_cleaning,dry_cleaning,services_and_business > laundry_service > dry_cleaning,Dry Cleaning
laundromat,professional_services > laundry_services > laundromat,laundromat,services_and_business > laundry_service > laundromat,Laundromat
legal_services,professional_services > legal_services,legal_service,services_and_business > legal_service,Legal Service
lawyer,professional_services > lawyer,attorney_or_law_firm,services_and_business > legal_service > attorney_or_law_firm,Attorney or Law Firm
appellate_practice_lawyers,professional_services > lawyer > appellate_practice_lawyers,appellate_practice_lawyer,services_and_business > legal_service > attorney_or_law_firm > appellate_practice_lawyer,Appellate Practice Lawyer
bankruptcy_law,professional_services > lawyer > bankruptcy_law,bankruptcy_law,services_and_business > legal_service > attorney_or_law_firm > bankruptcy_law,Bankruptcy Law
business_law,professional_services > lawyer > business_law,business_law,services_and_business > legal_service > attorney_or_law_firm > business_law,Business Law
civil_rights_lawyers,professional_services > lawyer > civil_rights_lawyers,civil_rights_lawyer,services_and_business > legal_service > attorney_or_law_firm > civil_rights_lawyer,Civil Rights Lawyer
contract_law,professional_services > lawyer > contract_law,contract_law,services_and_business > legal_service > attorney_or_law_firm > contract_law,Contract Law
criminal_defense_law,professional_services > lawyer > criminal_defense_law,criminal_defense_law,services_and_business > legal_service > attorney_or_law_firm > criminal_defense_law,Criminal Defense Law
disability_law,professional_services > lawyer > disability_law,disability_law,services_and_business > legal_service > attorney_or_law_firm > disability_law,Disability Law
divorce_and_family_law,professional_services > lawyer > divorce_and_family_law,divorce_and_family_law,services_and_business > legal_service > attorney_or_law_firm > divorce_and_family_law,Divorce and Family Law
dui_law,professional_services > lawyer > dui_law,dui_law,services_and_business > legal_service > attorney_or_law_firm > dui_law,DUI Law
employment_law,professional_services > lawyer > employment_law,employment_law,services_and_business > legal_service > attorney_or_law_firm > employment_law,Employment Law
entertainment_law,professional_services > lawyer > entertainment_law,entertainment_law,services_and_business > legal_service > attorney_or_law_firm > entertainment_law,Entertainment Law
estate_planning_law,professional_services > lawyer > estate_planning_law,estate_planning_law,services_and_business > legal_service > attorney_or_law_firm > estate_planning_law,Estate Planning Law
general_litigation,professional_services > lawyer > general_litigation,general_litigation,services_and_business > legal_service > attorney_or_law_firm > general_litigation,General Litigation
immigration_law,professional_services > lawyer > immigration_law,immigration_law,services_and_business > legal_service > attorney_or_law_firm > immigration_law,Immigration Law
ip_and_internet_law,professional_services > lawyer > ip_and_internet_law,ip_and_internet_law,services_and_business > legal_service > attorney_or_law_firm > ip_and_internet_law,Ip and Internet Law
medical_law,professional_services > lawyer > medical_law,medical_law,services_and_business > legal_service > attorney_or_law_firm > medical_law,Medical Law
paralegal_services,professional_services > lawyer > paralegal_services,paralegal_service,services_and_business > legal_service > attorney_or_law_firm > paralegal_service,Paralegal Service
personal_injury_law,professional_services > lawyer > personal_injury_law,personal_injury_law,services_and_business > legal_service > attorney_or_law_firm > personal_injury_law,Personal Injury Law
real_estate_law,professional_services > lawyer > real_estate_law,real_estate_law,services_and_business > legal_service > attorney_or_law_firm > real_estate_law,Real Estate Law
social_security_law,professional_services > lawyer > social_security_law,social_security_law,services_and_business > legal_service > attorney_or_law_firm > social_security_law,Social Security Law
tax_law,professional_services > lawyer > tax_law,tax_law,services_and_business > legal_service > attorney_or_law_firm > tax_law,Tax Law
traffic_ticketing_law,professional_services > lawyer > traffic_ticketing_law,traffic_ticketing_law,services_and_business > legal_service > attorney_or_law_firm > traffic_ticketing_law,Traffic Ticketing Law
wills_trusts_and_probate,professional_services > lawyer > estate_planning_law > wills_trusts_and_probate,wills_trusts_and_probate,services_and_business > legal_service > attorney_or_law_firm > wills_trusts_and_probate,Wills Trusts and Probate
workers_compensation_law,professional_services > lawyer > workers_compensation_law,workers_compensation_law,services_and_business > legal_service > attorney_or_law_firm > workers_compensation_law,Workers Compensation Law
bail_bonds_service,professional_services > bail_bonds_service,bail_bonds_service,services_and_business > legal_service > bail_bonds_service,Bail Bonds Service
court_reporter,professional_services > legal_services > court_reporter,court_reporter,services_and_business > legal_service > court_reporter,Court Reporter
mediator,professional_services > mediator,mediator,services_and_business > legal_service > mediator,Mediator
notary_public,professional_services > notary_public,notary_public,services_and_business > legal_service > notary_public,Notary Public
patent_law,professional_services > patent_law,patent_law,services_and_business > legal_service > patent_law,Patent Law
private_investigation,professional_services > private_investigation,private_investigation,services_and_business > legal_service > private_investigation,Private Investigation
process_servers,professional_services > legal_services > process_servers,process_server,services_and_business > legal_service > process_server,Process Server
tenant_and_eviction_law,professional_services > tenant_and_eviction_law,tenant_and_eviction_law,services_and_business > legal_service > tenant_and_eviction_law,Tenant and Eviction Law
mass_media,mass_media,media_service,services_and_business > media_service,Media Service
art_restoration_service,professional_services > art_restoration_service,art_restoration_service,services_and_business > media_service > art_restoration_service,Art Restoration Service
bookbinding,professional_services > bookbinding,bookbinding,services_and_business > media_service > bookbinding,Bookbinding
calligraphy,professional_services > calligraphy,calligraphy,services_and_business > media_service > calligraphy,Calligraphy
commissioned_artist,professional_services > commissioned_artist,commissioned_artist,services_and_business > media_service > commissioned_artist,Commissioned Artist
corporate_entertainment_services,private_establishments_and_corporates > corporate_entertainment_services,corporate_entertainment_service,services_and_business > media_service > corporate_entertainment_service,Corporate Entertainment Service
digitizing_services,professional_services > digitizing_services,digitizing_service,services_and_business > media_service > digitizing_service,Digitizing Service
engraving,professional_services > engraving,engraving,services_and_business > media_service > engraving,Engraving
media_critic,mass_media > media_critic,media_critic,services_and_business > media_service > media_critic,Media Critic
movie_critic,mass_media > media_critic > movie_critic,movie_critic,services_and_business > media_service > media_critic > movie_critic,Movie Critic
music_critic,mass_media > media_critic > music_critic,music_critic,services_and_business > media_service > media_critic > music_critic,Music Critic
video_game_critic,mass_media > media_critic > video_game_critic,video_game_critic,services_and_business > media_service > media_critic > video_game_critic,Video Game Critic
media_news_company,mass_media > media_news_company,media_news_company,services_and_business > media_service > media_news_company,Media News Company
animation_studio,mass_media > media_news_company > animation_studio,animation_studio,services_and_business > media_service > media_news_company > animation_studio,Animation Studio
book_magazine_distribution,mass_media > media_news_company > book_magazine_distribution,book_magazine_distribution,services_and_business > media_service > media_news_company > book_magazine_distribution,Book Magazine Distribution
broadcasting_media_production,mass_media > media_news_company > broadcasting_media_production,broadcasting_media_production,services_and_business > media_service > media_news_company > broadcasting_media_production,Broadcasting Media Production
game_publisher,mass_media > media_news_company > game_publisher,game_publisher,services_and_business > media_service > media_news_company > game_publisher,Game Publisher
media_agency,mass_media > media_news_company > media_agency,media_agency,services_and_business > media_service > media_news_company > media_agency,Media Agency
movie_television_studio,mass_media > media_news_company > movie_television_studio,movie_television_studio,services_and_business > media_service > media_news_company > movie_television_studio,Movie Television Studio
music_production,mass_media > media_news_company > music_production,music_production,services_and_business > media_service > media_news_company > music_production,Music Production
topic_publisher,mass_media > media_news_company > topic_publisher,publisher,services_and_business > media_service > media_news_company > publisher,Publisher
radio_station,mass_media > media_news_company > radio_station,radio_station,services_and_business > media_service > media_news_company > radio_station,Radio Station
social_media_company,mass_media > media_news_company > social_media_company,social_media_company,services_and_business > media_service > media_news_company > social_media_company,Social Media Company
television_station,mass_media > media_news_company > television_station,television_station,services_and_business > media_service > media_news_company > television_station,Television Station
weather_forecast_services,mass_media > media_news_company > weather_forecast_services,weather_forecast_service,services_and_business > media_service > media_news_company > weather_forecast_service,Weather Forecast Service
media_news_website,mass_media > media_news_website,media_news_website,services_and_business > media_service > media_news_website,Media News Website
media_restoration_service,mass_media > media_restoration_service,media_restoration_service,services_and_business > media_service > media_restoration_service,Media Restoration Service
music_production_services,professional_services > music_production_services,music_production_service,services_and_business > media_service > music_production_service,Music Production Service
musical_instrument_services,professional_services > musical_instrument_services,musical_instrument_service,services_and_business > media_service > musical_instrument_service,Musical Instrument Service
piano_services,professional_services > musical_instrument_services > piano_services,piano_service,services_and_business > media_service > musical_instrument_service > piano_service,Piano Service
vocal_coach,professional_services > musical_instrument_services > vocal_coach,vocal_coach,services_and_business > media_service > musical_instrument_service > vocal_coach,Vocal Coach
photographer,professional_services > event_planning > photographer,photography_service,services_and_business > media_service > photography_service,Photography Service
boudoir_photography,professional_services > event_planning > photographer > boudoir_photography,boudoir_photography_service,services_and_business > media_service > photography_service > boudoir_photography_service,Boudoir Photography Service
event_photography,professional_services > event_planning > photographer > event_photography,event_photography_service,services_and_business > media_service > photography_service > event_photography_service,Event Photography Service
session_photography,professional_services > event_planning > photographer > session_photography,session_photography_service,services_and_business > media_service > photography_service > session_photography_service,Session Photography Service
print_media,mass_media > print_media,print_media,services_and_business > media_service > print_media,Print Media
record_label,professional_services > record_label,record_label,services_and_business > media_service > record_label,Record Label
recording_and_rehearsal_studio,professional_services > recording_and_rehearsal_studio,recording_and_rehearsal_studio,services_and_business > media_service > recording_and_rehearsal_studio,Recording and Rehearsal Studio
studio_taping,arts_and_entertainment > studio_taping,studio_taping,services_and_business > media_service > studio_taping,Studio Taping
theatrical_productions,mass_media > theatrical_productions,theatrical_production,services_and_business > media_service > theatrical_production,Theatrical Production
video_film_production,professional_services > video_film_production,video_film_production,services_and_business > media_service > video_film_production,Video Film Production
weather_station,public_service_and_government > weather_station,weather_station,services_and_business > media_service > weather_station,Weather Station
printing_services,professional_services > printing_services,printing_service,services_and_business > printing_service,Printing Service
3d_printing_service,professional_services > 3d_printing_service,3d_printing_service,services_and_business > printing_service > 3d_printing_service,3d Printing Service
commercial_printer,professional_services > commercial_printer,commercial_printer,services_and_business > printing_service > commercial_printer,Commercial Printer
duplication_services,professional_services > duplication_services,duplication_service,services_and_business > printing_service > duplication_service,Duplication Service
screen_printing_t_shirt_printing,professional_services > screen_printing_t_shirt_printing,t_shirt_printing_service,services_and_business > printing_service > screen_printing_service > t_shirt_printing_service,T-shirt Printing Service
professional_services,professional_services,professional_service,services_and_business > professional_service,Professional Service
advertising_agency,professional_services > advertising_agency,advertising_agency,services_and_business > professional_service > advertising_agency,Advertising Agency
bank_equipment_service,professional_services > bank_equipment_service,bank_equipment_service,services_and_business > professional_service > bank_equipment_service,Bank Equipment Service
billing_services,professional_services > billing_services,billing_service,services_and_business > professional_service > billing_service,Billing Service
bookkeeper,professional_services > bookkeeper,bookkeeper,services_and_business > professional_service > bookkeeper,Bookkeeper
business_consulting,professional_services > business_consulting,business_consulting,services_and_business > professional_service > business_consulting,Business Consulting
career_counseling,professional_services > career_counseling,career_counseling,services_and_business > professional_service > career_counseling,Career Counseling
certification_agency,professional_services > certification_agency,certification_agency,services_and_business > professional_service > certification_agency,Certification Agency
cleaning_services,professional_services > cleaning_services,cleaning_service,services_and_business > professional_service > cleaning_service,Cleaning Service
industrial_cleaning_services,professional_services > cleaning_services > industrial_cleaning_services,industrial_cleaning_service,services_and_business > professional_service > cleaning_service > industrial_cleaning_service,Industrial Cleaning Service
janitorial_services,professional_services > cleaning_services > janitorial_services,janitorial_service,services_and_business > professional_service > cleaning_service > janitorial_service,Janitorial Service
office_cleaning,professional_services > cleaning_services > office_cleaning,office_cleaning,services_and_business > professional_service > cleaning_service > office_cleaning,Office Cleaning
copywriting_service,professional_services > copywriting_service,copywriting_service,services_and_business > professional_service > copywriting_service,Copywriting Service
coworking_space,business_to_business > business_to_business_services > coworking_space,coworking_space,services_and_business > professional_service > coworking_space,Coworking Space
e_commerce_service,professional_services > e_commerce_service,e_commerce_service,services_and_business > professional_service > e_commerce_service,E-commerce Service
editorial_services,professional_services > editorial_services,editorial_service,services_and_business > professional_service > editorial_service,Editorial Service
employment_agencies,professional_services > employment_agencies,employment_agency,services_and_business > professional_service > employment_agency,Employment Agency
temp_agency,professional_services > employment_agencies > temp_agency,temp_agency,services_and_business > professional_service > employment_agency > temp_agency,Temp Agency
food_and_beverage_consultant,professional_services > food_and_beverage_consultant,food_and_beverage_consultant,services_and_business > professional_service > food_and_beverage_consultant,Food and Beverage Consultant
immigration_assistance_services,professional_services > immigration_assistance_services,immigration_assistance_service,services_and_business > professional_service > immigration_assistance_service,Immigration Assistance Service
internet_marketing_service,professional_services > internet_marketing_service,internet_marketing_service,services_and_business > professional_service > internet_marketing_service,Internet Marketing Service
marketing_agency,professional_services > marketing_agency,marketing_agency,services_and_business > professional_service > marketing_agency,Marketing Agency
merchandising_service,professional_services > merchandising_service,merchandising_service,services_and_business > professional_service > merchandising_service,Merchandising Service
payroll_services,professional_services > payroll_services,payroll_service,services_and_business > professional_service > payroll_service,Payroll Service
public_relations,professional_services > public_relations,public_relations,services_and_business > professional_service > public_relations,Public Relations
shredding_services,professional_services > shredding_services,shredding_service,services_and_business > professional_service > shredding_service,Shredding Service
social_media_agency,professional_services > social_media_agency,social_media_agency,services_and_business > professional_service > social_media_agency,Social Media Agency
talent_agency,professional_services > talent_agency,talent_agency,services_and_business > professional_service > talent_agency,Talent Agency
translation_services,professional_services > translation_services,translation_service,services_and_business > professional_service > translation_service,Translation Service
typing_services,professional_services > typing_services,typing_service,services_and_business > professional_service > typing_service,Typing Service
writing_service,professional_services > writing_service,writing_service,services_and_business > professional_service > writing_service,Writing Service
real_estate_service,real_estate > real_estate_service,real_estate_service,services_and_business > real_estate_service,Real Estate Service
builders,real_estate > builders,builder,services_and_business > real_estate_service > builder,Builder
home_developer,real_estate > builders > home_developer,home_developer,services_and_business > real_estate_service > builder > home_developer,Home Developer
commercial_real_estate,real_estate > commercial_real_estate,commercial_real_estate,services_and_business > real_estate_service > commercial_real_estate,Commercial Real Estate
display_home_center,real_estate > display_home_center,display_home_center,services_and_business > real_estate_service > display_home_center,Display Home Center
escrow_services,real_estate > real_estate_service > escrow_services,escrow_service,services_and_business > real_estate_service > escrow_service,Escrow Service
estate_liquidation,real_estate > estate_liquidation,estate_liquidation,services_and_business > real_estate_service > estate_liquidation,Estate Liquidation
home_organization,public_service_and_government > organization > home_organization,home_organization,services_and_business > real_estate_service > home_organization,Home Organization
home_staging,real_estate > home_staging,home_staging,services_and_business > real_estate_service > home_staging,Home Staging
homeowner_association,real_estate > homeowner_association,homeowner_association,services_and_business > real_estate_service > homeowner_association,Homeowner Association
housing_cooperative,real_estate > housing_cooperative,housing_cooperative,services_and_business > real_estate_service > housing_cooperative,Housing Cooperative
kitchen_incubator,real_estate > kitchen_incubator,kitchen_incubator,services_and_business > real_estate_service > kitchen_incubator,Kitchen Incubator
land_surveying,real_estate > real_estate_service > land_surveying,land_surveying,services_and_business > real_estate_service > land_surveying,Land Surveying
mobile_home_dealer,real_estate > mobile_home_dealer,mobile_home_dealer,services_and_business > real_estate_service > mobile_home_dealer,Mobile Home Dealer
property_management,real_estate > property_management,property_management,services_and_business > real_estate_service > property_management,Property Management
real_estate_agent,real_estate > real_estate_agent,real_estate_agent,services_and_business > real_estate_service > real_estate_agent,Real Estate Agent
apartment_agent,real_estate > real_estate_agent > apartment_agent,apartment_agent,services_and_business > real_estate_service > real_estate_agent > apartment_agent,Apartment Agent
real_estate_photography,real_estate > real_estate_service > real_estate_photography,real_estate_photography,services_and_business > real_estate_service > real_estate_photography,Real Estate Photography
shared_office_space,real_estate > shared_office_space,shared_office_space,services_and_business > real_estate_service > shared_office_space,Shared Office Space
rental_service,travel > rental_service,rental_service,services_and_business > rental_service,Rental Service
art_space_rental,real_estate > art_space_rental,art_space_rental,services_and_business > rental_service > art_space_rental,Art Space Rental
bus_rentals,professional_services > bus_rentals,bus_rental,services_and_business > rental_service > bus_rental,Bus Rental
clothing_rental,retail > shopping > fashion > clothing_store > clothing_rental,clothing_rental,services_and_business > rental_service > clothing_rental,Clothing Rental
dumpster_rentals,professional_services > junk_removal_and_hauling > dumpster_rentals,dumpster_rental,services_and_business > rental_service > dumpster_rental,Dumpster Rental
machine_and_tool_rentals,professional_services > machine_and_tool_rentals,machine_and_tool_rental,services_and_business > rental_service > machine_and_tool_rental,Machine and Tool Rental
rental_kiosks,retail > shopping > rental_kiosks,rental_kiosk,services_and_business > rental_service > rental_kiosk,Rental Kiosk
car_rental_agency,travel > rental_service > car_rental_agency,car_rental_service,services_and_business > rental_service > vehicle_rental_service > car_rental_service,Car Rental Service
motorcycle_rentals,travel > rental_service > motorcycle_rentals,motorcycle_rental_service,services_and_business > rental_service > vehicle_rental_service > motorcycle_rental_service,Motorcycle Rental Service
rv_rentals,travel > rental_service > rv_rentals,rv_rental_service,services_and_business > rental_service > vehicle_rental_service > rv_rental_service,RV Rental Service
trailer_rentals,travel > rental_service > trailer_rentals,trailer_rental_service,services_and_business > rental_service > vehicle_rental_service > trailer_rental_service,Trailer Rental Service
truck_rentals,travel > rental_service > truck_rentals,truck_rental_service,services_and_business > rental_service > vehicle_rental_service > truck_rental_service,Truck Rental Service
security_services,professional_services > security_services,security_service,services_and_business > security_service,Security Service
fingerprinting_service,professional_services > fingerprinting_service,fingerprinting_service,services_and_business > security_service > fingerprinting_service,Fingerprinting Service
courier_and_delivery_services,professional_services > courier_and_delivery_services,courier_and_delivery_service,services_and_business > shipping_or_delivery_service > courier_and_delivery_service,Courier and Delivery Service
mailbox_center,professional_services > mailbox_center,mailbox_center,services_and_business > shipping_or_delivery_service > mailbox_center,Mailbox Center
packaging_contractors_and_service,professional_services > packaging_contractors_and_service,packaging_contractors_and_service,services_and_business > shipping_or_delivery_service > packaging_contractors_and_service,Packaging Contractors and Service
post_office,public_service_and_government > post_office,post_office,services_and_business > shipping_or_delivery_service > post_office,Post Office
shipping_center,professional_services > shipping_center,shipping_center,services_and_business > shipping_or_delivery_service > shipping_center,Shipping Center
shipping_collection_services,public_service_and_government > post_office > shipping_collection_services,shipping_collection_service,services_and_business > shipping_or_delivery_service > shipping_collection_service,Shipping Collection Service
vehicle_shipping,automotive > automotive_services_and_repair > vehicle_shipping,vehicle_shipping,services_and_business > shipping_or_delivery_service > vehicle_shipping,Vehicle Shipping
storage_facility,professional_services > storage_facility,storage_facility,services_and_business > storage_facility,Storage Facility
automotive_storage_facility,automotive > automotive_services_and_repair > automotive_storage_facility,automotive_storage_facility,services_and_business > storage_facility > automotive_storage_facility,Automotive Storage Facility
boat_storage_facility,professional_services > storage_facility > rv_and_boat_storage_facility > boat_storage_facility,boat_storage_facility,services_and_business > storage_facility > boat_storage_facility,Boat Storage Facility
package_locker,professional_services > package_locker,package_locker,services_and_business > storage_facility > package_locker,Package Locker
rv_storage_facility,professional_services > storage_facility > rv_and_boat_storage_facility > rv_storage_facility,rv_storage_facility,services_and_business > storage_facility > rv_storage_facility,RV Storage Facility
self_storage_facility,professional_services > storage_facility > self_storage_facility,self_storage_facility,services_and_business > storage_facility > self_storage_facility,Self Storage Facility
acoustical_consultant,professional_services > acoustical_consultant,acoustical_consultant,services_and_business > technical_service > acoustical_consultant,Acoustical Consultant
bike_repair_maintenance,professional_services > bike_repair_maintenance,bike_repair_maintenance,services_and_business > technical_service > bike_repair_maintenance,Bike Repair Maintenance
commercial_refrigeration,professional_services > commercial_refrigeration,commercial_refrigeration,services_and_business > technical_service > commercial_refrigeration,Commercial Refrigeration
computer_hardware_company,professional_services > computer_hardware_company,computer_hardware_company,services_and_business > technical_service > computer_hardware_company,Computer Hardware Company
electronics_repair_shop,professional_services > electronics_repair_shop,electronics_repair_shop,services_and_business > technical_service > electronics_repair_shop,Electronics Repair Shop
elevator_service,professional_services > elevator_service,elevator_service,services_and_business > technical_service > elevator_service,Elevator Service
generator_installation_repair,professional_services > generator_installation_repair,generator_installation_repair,services_and_business > technical_service > generator_installation_repair,Generator Installation Repair
hydraulic_repair_service,professional_services > hydraulic_repair_service,hydraulic_repair_service,services_and_business > technical_service > hydraulic_repair_service,Hydraulic Repair Service
internet_service_provider,professional_services > internet_service_provider,internet_service_provider,services_and_business > technical_service > internet_service_provider,Internet Service Provider
web_hosting_service,professional_services > internet_service_provider > web_hosting_service,web_hosting_service,services_and_business > technical_service > internet_service_provider > web_hosting_service,Web Hosting Service
it_service_and_computer_repair,professional_services > it_service_and_computer_repair,it_service_and_computer_repair,services_and_business > technical_service > it_service_and_computer_repair,IT Service and Computer Repair
it_consultant,professional_services > it_service_and_computer_repair > it_consultant,it_consultant,services_and_business > technical_service > it_service_and_computer_repair > it_consultant,IT Consultant
mobile_phone_repair,professional_services > it_service_and_computer_repair > mobile_phone_repair,mobile_phone_repair,services_and_business > technical_service > it_service_and_computer_repair > mobile_phone_repair,Mobile Phone Repair
jewelry_repair_service,professional_services > jewelry_repair_service,jewelry_repair_service,services_and_business > technical_service > jewelry_repair_service,Jewelry Repair Service
laboratory,professional_services > laboratory,laboratory,services_and_business > technical_service > laboratory,Laboratory
machine_shop,professional_services > machine_shop,machine_shop,services_and_business > technical_service > machine_shop,Machine Shop
metal_detector_services,professional_services > metal_detector_services,metal_detector_service,services_and_business > technical_service > metal_detector_service,Metal Detector Service
software_development,professional_services > software_development,software_development,services_and_business > technical_service > software_development,Software Development
taxidermist,professional_services > taxidermist,taxidermist,services_and_business > technical_service > taxidermist,Taxidermist
telephone_services,professional_services > telephone_services,telephone_service,services_and_business > technical_service > telephone_service,Telephone Service
watch_repair_service,professional_services > watch_repair_service,watch_repair_service,services_and_business > technical_service > watch_repair_service,Watch Repair Service
telecommunications,professional_services > it_service_and_computer_repair > telecommunications,telecommunications_service,services_and_business > telecommunications_service,Telecommunications Service
wind_energy,professional_services > construction_services > wind_energy,wind_energy,services_and_business > utility_energy_infrastructure > wind_energy,Wind Energy
shopping,retail > shopping,shopping,shopping,Shopping
convenience_store,retail > shopping > convenience_store,convenience_store,shopping > convenience_store,Convenience Store
department_store,retail > shopping > department_store,department_store,shopping > department_store,Department Store
discount_store,retail > shopping > discount_store,discount_store,shopping > discount_store,Discount Store
fashion,retail > shopping > fashion,fashion_and_apparel_store,shopping > fashion_and_apparel_store,Fashion and Apparel Store
baby_gear_and_furniture,retail > shopping > baby_gear_and_furniture,baby_gear_and_nursery_store,shopping > fashion_and_apparel_store > baby_gear_and_nursery_store,Baby Gear and Nursery Store
clothing_store,retail > shopping > fashion > clothing_store,clothing_store,shopping > fashion_and_apparel_store > clothing_store,Clothing Store
bridal_shop,retail > shopping > bridal_shop,bridal_shop,shopping > fashion_and_apparel_store > clothing_store > bridal_shop,Bridal Shop
childrens_clothing_store,retail > shopping > fashion > clothing_store > childrens_clothing_store,childrens_clothing_store,shopping > fashion_and_apparel_store > clothing_store > childrens_clothing_store,Children's Clothing Store
custom_clothing,retail > shopping > custom_clothing,custom_clothing_store,shopping > fashion_and_apparel_store > clothing_store > custom_clothing_store,Custom Clothing Store
denim_wear_store,retail > shopping > fashion > clothing_store > denim_wear_store,denim_wear_store,shopping > fashion_and_apparel_store > clothing_store > denim_wear_store,Denim Wear Store
designer_clothing,retail > shopping > fashion > clothing_store > designer_clothing,designer_clothing,shopping > fashion_and_apparel_store > clothing_store > designer_clothing,Designer Clothing
formal_wear_store,retail > shopping > fashion > clothing_store > formal_wear_store,formal_wear_store,shopping > fashion_and_apparel_store > clothing_store > formal_wear_store,Formal Wear Store
fur_clothing,retail > shopping > fashion > clothing_store > fur_clothing,fur_clothing,shopping > fashion_and_apparel_store > clothing_store > fur_clothing,Fur Clothing
lingerie_store,retail > shopping > fashion > clothing_store > lingerie_store,lingerie_store,shopping > fashion_and_apparel_store > clothing_store > lingerie_store,Lingerie Store
maternity_wear,retail > shopping > fashion > clothing_store > maternity_wear,maternity_wear,shopping > fashion_and_apparel_store > clothing_store > maternity_wear,Maternity Wear
mens_clothing_store,retail > shopping > fashion > clothing_store > mens_clothing_store,mens_clothing_store,shopping > fashion_and_apparel_store > clothing_store > mens_clothing_store,Men's Clothing Store
plus_size_clothing,retail > shopping > fashion > plus_size_clothing,plus_size_clothing_store,shopping > fashion_and_apparel_store > clothing_store > plus_size_clothing_store,Plus Size Clothing Store
sleepwear,retail > shopping > fashion > sleepwear,sleepwear,shopping > fashion_and_apparel_store > clothing_store > sleepwear,Sleepwear
t_shirt_store,retail > shopping > fashion > clothing_store > t_shirt_store,t_shirt_store,shopping > fashion_and_apparel_store > clothing_store > t_shirt_store,T-shirt Store
custom_t_shirt_store,retail > shopping > fashion > clothing_store > t_shirt_store,custom_t_shirt_store,shopping > fashion_and_apparel_store > clothing_store > t_shirt_store > custom_t_shirt_store,Custom T-shirt Store
traditional_clothing,retail > shopping > fashion > clothing_store > traditional_clothing,traditional_clothing,shopping > fashion_and_apparel_store > clothing_store > traditional_clothing,Traditional Clothing
saree_shop,retail > shopping > fashion > saree_shop,saree_shop,shopping > fashion_and_apparel_store > clothing_store > traditional_clothing > saree_shop,Saree Shop
uniform_store,retail > shopping > uniform_store,uniform_store,shopping > fashion_and_apparel_store > clothing_store > uniform_store,Uniform Store
womens_clothing_store,retail > shopping > fashion > clothing_store > womens_clothing_store,womens_clothing_store,shopping > fashion_and_apparel_store > clothing_store > womens_clothing_store,Women's Clothing Store
eyewear_and_optician,retail > shopping > eyewear_and_optician,eyewear_store,shopping > fashion_and_apparel_store > eyewear_store,Eyewear Store
sunglasses_store,retail > shopping > eyewear_and_optician > sunglasses_store,sunglasses_store,shopping > fashion_and_apparel_store > eyewear_store > sunglasses_store,Sunglasses Store
fashion_accessories_store,retail > shopping > fashion > fashion_accessories_store,fashion_accessories_store,shopping > fashion_and_apparel_store > fashion_accessories_store,Fashion Accessories Store
handbag_stores,retail > shopping > fashion > fashion_accessories_store > handbag_stores,handbag_store,shopping > fashion_and_apparel_store > fashion_accessories_store > handbag_store,Handbag Store
hat_shop,retail > shopping > fashion > hat_shop,hat_store,shopping > fashion_and_apparel_store > fashion_accessories_store > hat_store,Hat Store
boutique,retail > shopping > boutique,fashion_boutique,shopping > fashion_and_apparel_store > fashion_boutique,Fashion Boutique
jewelry_store,retail > shopping > jewelry_store,jewelry_store,shopping > fashion_and_apparel_store > jewelry_store,Jewelry Store
diamond_dealer,professional_services > diamond_dealer,diamond_dealer,shopping > fashion_and_apparel_store > jewelry_store > diamond_dealer,Diamond Dealer
goldsmith,professional_services > goldsmith,goldsmith,shopping > fashion_and_apparel_store > jewelry_store > goldsmith,Goldsmith
watch_store,retail > shopping > watch_store,watch_store,shopping > fashion_and_apparel_store > jewelry_store > watch_store,Watch Store
leather_goods,retail > shopping > fashion > leather_goods,leather_goods_store,shopping > fashion_and_apparel_store > leather_goods_store,Leather Goods Store
luggage_store,retail > shopping > luggage_store,luggage_store,shopping > fashion_and_apparel_store > luggage_store,Luggage Store
shoe_store,retail > shopping > fashion > shoe_store,shoe_store,shopping > fashion_and_apparel_store > shoe_store,Shoe Store
orthopedic_shoe_store,retail > shopping > fashion > shoe_store > orthopedic_shoe_store,orthopedic_shoe_store,shopping > fashion_and_apparel_store > shoe_store > orthopedic_shoe_store,Orthopedic Shoe Store
food,retail > food,food_and_beverage_store,shopping > food_and_beverage_store,Food and Beverage Store
beer_wine_and_spirits,retail > food > beer_wine_and_spirits,beer_wine_spirits_store,shopping > food_and_beverage_store > beer_wine_spirits_store,Beer Wine Spirits Store
brewing_supply_store,retail > shopping > brewing_supply_store,brewing_supply_store,shopping > food_and_beverage_store > brewing_supply_store,Brewing Supply Store
butcher_shop,retail > food > butcher_shop,butcher_shop,shopping > food_and_beverage_store > butcher_shop,Butcher Shop
cheese_shop,retail > food > cheese_shop,cheese_shop,shopping > food_and_beverage_store > cheese_shop,Cheese Shop
coffee_and_tea_supplies,retail > food > coffee_and_tea_supplies,coffee_and_tea_supplies,shopping > food_and_beverage_store > coffee_and_tea_supplies,Coffee and Tea Supplies
csa_farm,retail > food > csa_farm,csa_farm,shopping > food_and_beverage_store > csa_farm,Csa Farm
fishmonger,retail > food > fishmonger,fishmonger,shopping > food_and_beverage_store > fishmonger,Fishmonger
grocery_store,retail > shopping > grocery_store,grocery_store,shopping > food_and_beverage_store > grocery_store,Grocery Store
asian_grocery_store,retail > shopping > grocery_store > asian_grocery_store,asian_grocery_store,shopping > food_and_beverage_store > grocery_store > asian_grocery_store,Asian Grocery Store
ethical_grocery,retail > shopping > grocery_store > ethical_grocery,ethical_grocery_store,shopping > food_and_beverage_store > grocery_store > ethical_grocery_store,Ethical Grocery Store
indian_grocery_store,retail > shopping > grocery_store > indian_grocery_store,indian_grocery_store,shopping > food_and_beverage_store > grocery_store > indian_grocery_store,Indian Grocery Store
international_grocery_store,retail > shopping > international_grocery_store,international_grocery_store,shopping > food_and_beverage_store > grocery_store > international_grocery_store,International Grocery Store
japanese_grocery_store,retail > shopping > grocery_store > japanese_grocery_store,japanese_grocery_store,shopping > food_and_beverage_store > grocery_store > japanese_grocery_store,Japanese Grocery Store
korean_grocery_store,retail > shopping > grocery_store > korean_grocery_store,korean_grocery_store,shopping > food_and_beverage_store > grocery_store > korean_grocery_store,Korean Grocery Store
kosher_grocery_store,retail > shopping > grocery_store > kosher_grocery_store,kosher_grocery_store,shopping > food_and_beverage_store > grocery_store > kosher_grocery_store,Kosher Grocery Store
mexican_grocery_store,retail > shopping > grocery_store > mexican_grocery_store,mexican_grocery_store,shopping > food_and_beverage_store > grocery_store > mexican_grocery_store,Mexican Grocery Store
organic_grocery_store,retail > shopping > grocery_store > organic_grocery_store,organic_grocery_store,shopping > food_and_beverage_store > grocery_store > organic_grocery_store,Organic Grocery Store
russian_grocery_store,retail > shopping > grocery_store > russian_grocery_store,russian_grocery_store,shopping > food_and_beverage_store > grocery_store > russian_grocery_store,Russian Grocery Store
health_food_store,retail > food > health_food_store,health_food_store,shopping > food_and_beverage_store > health_food_store,Health Food Store
herb_and_spice_shop,retail > herb_and_spice_shop,herb_and_spice_store,shopping > food_and_beverage_store > herb_and_spice_store,Herb and Spice Store
honey_farm_shop,retail > honey_farm_shop,honey_farm_shop,shopping > food_and_beverage_store > honey_farm_shop,Honey Farm Shop
imported_food,retail > food > imported_food,imported_food_store,shopping > food_and_beverage_store > imported_food_store,Imported Food Store
liquor_store,retail > food > liquor_store,liquor_store,shopping > food_and_beverage_store > liquor_store,Liquor Store
olive_oil,retail > olive_oil,olive_oil_store,shopping > food_and_beverage_store > olive_oil_store,Olive Oil Store
patisserie_cake_shop,retail > food > patisserie_cake_shop,patisserie_cake_shop,shopping > food_and_beverage_store > patisserie_cake_shop,Patisserie Cake Shop
custom_cakes_shop,retail > food > patisserie_cake_shop > custom_cakes_shop,custom_cakes_shop,shopping > food_and_beverage_store > patisserie_cake_shop > custom_cakes_shop,Custom Cakes Shop
pick_your_own_farm,arts_and_entertainment > farm > pick_your_own_farm,pick_your_own_farm,shopping > food_and_beverage_store > pick_your_own_farm,Pick Your Own Farm
seafood_market,retail > seafood_market,seafood_market,shopping > food_and_beverage_store > seafood_market,Seafood Market
smokehouse,retail > food > smokehouse,smokehouse,shopping > food_and_beverage_store > smokehouse,Smokehouse
specialty_foods,retail > food > specialty_foods,specialty_foods_store,shopping > food_and_beverage_store > specialty_foods_store,Specialty Foods Store
dairy_stores,retail > shopping > grocery_store > dairy_stores,dairy_store,shopping > food_and_beverage_store > specialty_foods_store > dairy_store,Dairy Store
frozen_foods,retail > food > specialty_foods > frozen_foods,frozen_foods_store,shopping > food_and_beverage_store > specialty_foods_store > frozen_foods_store,Frozen Foods Store
pasta_shop,retail > food > specialty_foods > pasta_shop,pasta_store,shopping > food_and_beverage_store > specialty_foods_store > pasta_store,Pasta Store
fruits_and_vegetables,retail > food > fruits_and_vegetables,produce_store,shopping > food_and_beverage_store > specialty_foods_store > produce_store,Produce Store
rice_shop,retail > shopping > grocery_store > rice_shop,rice_store,shopping > food_and_beverage_store > specialty_foods_store > rice_store,Rice Store
tobacco_shop,retail > shopping > tobacco_shop,tobacco_shop,shopping > food_and_beverage_store > tobacco_shop,Tobacco Shop
vitamins_and_supplements,retail > shopping > vitamins_and_supplements,vitamin_and_supplement_store,shopping > food_and_beverage_store > vitamin_and_supplement_store,Vitamin and Supplement Store
water_store,retail > water_store,water_store,shopping > food_and_beverage_store > water_store,Water Store
kiosk,retail > food > kiosk,kiosk,shopping > kiosk,Kiosk
bazaars,retail > shopping > bazaars,bazaar,shopping > market > bazaar,Bazaar
farmers_market,retail > shopping > farmers_market,farmers_market,shopping > market > farmers_market,Farmers Market
health_market,retail > health_market,health_market,shopping > market > health_market,Health Market
holiday_market,arts_and_entertainment > festival > holiday_market,holiday_market,shopping > market > holiday_market,Holiday Market
market_stall,retail > shopping > market_stall,market_stall,shopping > market > market_stall,Market Stall
night_market,retail > shopping > night_market,night_market,shopping > market > night_market,Night Market
public_market,retail > shopping > public_market,public_market,shopping > market > public_market,Public Market
shopping_passage,retail > shopping > shopping_passage,shopping_passage,shopping > market > shopping_passage,Shopping Passage
street_vendor,retail > food > street_vendor,street_vendor,shopping > market > street_vendor,Street Vendor
thrift_store,retail > shopping > thrift_store,second_hand_store,shopping > second_hand_store,Second Hand Store
antique_store,retail > shopping > antique_store,antique_store,shopping > second_hand_store > antique_store,Antique Store
flea_market,retail > shopping > flea_market,flea_market,shopping > second_hand_store > flea_market,Flea Market
junkyard,professional_services > junkyard,junkyard,shopping > second_hand_store > junkyard,Junkyard
pawn_shop,retail > shopping > pawn_shop,pawn_shop,shopping > second_hand_store > pawn_shop,Pawn Shop
used_vintage_and_consignment,retail > shopping > fashion > used_vintage_and_consignment,second_hand_clothing_store,shopping > second_hand_store > second_hand_clothing_store,Second Hand Clothing Store
shopping_center,retail > shopping > shopping_center,shopping_mall,shopping > shopping_mall,Shopping Mall
personal_shopper,retail > shopping > personal_shopper,personal_shopper,shopping > shopping_service > personal_shopper,Personal Shopper
props,retail > shopping > props,specialty_store,shopping > specialty_store,Specialty Store
adult_store,retail > shopping > adult_store,adult_store,shopping > specialty_store > adult_store,Adult Store
horse_equipment_shop,retail > shopping > horse_equipment_shop,horse_equipment_shop,shopping > specialty_store > animal_and_pet_store > horse_equipment_shop,Horse Equipment Shop
livestock_feed_and_supply_store,retail > shopping > livestock_feed_and_supply_store,livestock_feed_and_supply_store,shopping > specialty_store > animal_and_pet_store > livestock_feed_and_supply_store,Livestock Feed and Supply Store
pet_store,retail > shopping > pet_store,pet_store,shopping > specialty_store > animal_and_pet_store > pet_store,Pet Store
aquatic_pet_store,retail > shopping > pet_store > aquatic_pet_store,aquatic_pet_store,shopping > specialty_store > animal_and_pet_store > pet_store > aquatic_pet_store,Aquatic Pet Store
bird_shop,retail > shopping > pet_store > bird_shop,bird_store,shopping > specialty_store > animal_and_pet_store > pet_store > bird_store,Bird Store
reptile_shop,retail > shopping > pet_store > reptile_shop,reptile_store,shopping > specialty_store > animal_and_pet_store > pet_store > reptile_store,Reptile Store
arts_and_crafts,retail > shopping > arts_and_crafts,arts_crafts_and_hobby_store,shopping > specialty_store > arts_crafts_and_hobby_store,Arts Crafts and Hobby Store
art_supply_store,retail > shopping > arts_and_crafts > art_supply_store,art_supply_store,shopping > specialty_store > arts_crafts_and_hobby_store > art_supply_store,Art Supply Store
atelier,retail > shopping > arts_and_crafts > atelier,atelier,shopping > specialty_store > arts_crafts_and_hobby_store > atelier,Atelier
cooking_classes,retail > shopping > arts_and_crafts > cooking_classes,cooking_classes,shopping > specialty_store > arts_crafts_and_hobby_store > cooking_classes,Cooking Classes
costume_store,retail > shopping > arts_and_crafts > costume_store,costume_store,shopping > specialty_store > arts_crafts_and_hobby_store > costume_store,Costume Store
craft_shop,retail > shopping > arts_and_crafts > craft_shop,craft_store,shopping > specialty_store > arts_crafts_and_hobby_store > craft_store,Craft Store
embroidery_and_crochet,retail > shopping > arts_and_crafts > embroidery_and_crochet,embroidery_and_crochet_store,shopping > specialty_store > arts_crafts_and_hobby_store > craft_store > embroidery_and_crochet_store,Embroidery and Crochet Store
knitting_supply,retail > shopping > knitting_supply,knitting_supply_store,shopping > specialty_store > arts_crafts_and_hobby_store > craft_store > knitting_supply_store,Knitting Supply Store
fabric_store,retail > shopping > arts_and_crafts > fabric_store,fabric_store,shopping > specialty_store > arts_crafts_and_hobby_store > fabric_store,Fabric Store
framing_store,retail > shopping > arts_and_crafts > framing_store,framing_store,shopping > specialty_store > arts_crafts_and_hobby_store > framing_store,Framing Store
hobby_shop,retail > shopping > hobby_shop,hobby_shop,shopping > specialty_store > arts_crafts_and_hobby_store > hobby_shop,Hobby Shop
auction_house,retail > shopping > auction_house,auction_house,shopping > specialty_store > auction_house,Auction House
car_auction,retail > shopping > auction_house > car_auction,car_auction,shopping > specialty_store > auction_house > car_auction,Car Auction
books_mags_music_and_video,retail > shopping > books_mags_music_and_video,books_music_and_video_store,shopping > specialty_store > books_music_and_video_store,Books Music and Video Store
bookstore,retail > shopping > books_mags_music_and_video > bookstore,bookstore,shopping > specialty_store > books_music_and_video_store > bookstore,Bookstore
academic_bookstore,retail > shopping > books_mags_music_and_video > academic_bookstore,academic_bookstore,shopping > specialty_store > books_music_and_video_store > bookstore > academic_bookstore,Academic Bookstore
comic_books_store,retail > shopping > books_mags_music_and_video > comic_books_store,comic_books_store,shopping > specialty_store > books_music_and_video_store > bookstore > comic_books_store,Comic Books Store
used_bookstore,retail > shopping > used_bookstore,used_bookstore,shopping > specialty_store > books_music_and_video_store > bookstore > used_bookstore,Used Bookstore
music_and_dvd_store,retail > shopping > books_mags_music_and_video > music_and_dvd_store,music_and_dvd_store,shopping > specialty_store > books_music_and_video_store > music_and_dvd_store,Music and DVD Store
newspaper_and_magazines_store,retail > shopping > books_mags_music_and_video > newspaper_and_magazines_store,newspaper_and_magazines_store,shopping > specialty_store > books_music_and_video_store > newspaper_and_magazines_store,Newspaper and Magazines Store
video_and_video_game_rentals,retail > shopping > books_mags_music_and_video > video_and_video_game_rentals,video_and_video_game_rental,shopping > specialty_store > books_music_and_video_store > video_and_video_game_rental,Video and Video Game Rental
video_game_store,retail > shopping > books_mags_music_and_video > video_game_store,video_game_store,shopping > specialty_store > books_music_and_video_store > video_game_store,Video Game Store
vinyl_record_store,retail > shopping > books_mags_music_and_video > vinyl_record_store,vinyl_record_store,shopping > specialty_store > books_music_and_video_store > vinyl_record_store,Vinyl Record Store
cards_and_stationery_store,retail > shopping > cards_and_stationery_store,cards_and_stationery_store,shopping > specialty_store > cards_and_stationery_store,Cards and Stationery Store
customized_merchandise,retail > shopping > customized_merchandise,customized_merchandise_store,shopping > specialty_store > customized_merchandise_store,Customized Merchandise Store
duty_free_shop,retail > shopping > duty_free_shop,duty_free_store,shopping > specialty_store > duty_free_store,Duty Free Store
educational_supply_store,retail > shopping > educational_supply_store,educational_supply_store,shopping > specialty_store > educational_supply_store,Educational Supply Store
electronics,retail > shopping > electronics,electronics_store,shopping > specialty_store > electronics_store,Electronics Store
audio_visual_equipment_store,retail > shopping > audio_visual_equipment_store,audio_visual_equipment_store,shopping > specialty_store > electronics_store > audio_visual_equipment_store,Audio Visual Equipment Store
battery_store,retail > shopping > battery_store,battery_store,shopping > specialty_store > electronics_store > battery_store,Battery Store
photography_store_and_services,retail > shopping > photography_store_and_services,camera_and_photography_store,shopping > specialty_store > electronics_store > camera_and_photography_store,Camera and Photography Store
car_stereo_store,automotive > automotive_parts_and_accessories > car_stereo_store,car_stereo_store,shopping > specialty_store > electronics_store > car_stereo_store,Car Stereo Store
computer_store,retail > shopping > computer_store,computer_store,shopping > specialty_store > electronics_store > computer_store,Computer Store
drone_store,retail > shopping > drone_store,drone_store,shopping > specialty_store > electronics_store > drone_store,Drone Store
home_theater_systems_stores,retail > shopping > home_theater_systems_stores,home_theater_systems_stores,shopping > specialty_store > electronics_store > home_theater_systems_stores,Home Theater Systems Stores
mobile_phone_accessories,retail > shopping > mobile_phone_accessories,mobile_phone_accessory_store,shopping > specialty_store > electronics_store > mobile_phone_accessory_store,Mobile Phone Accessory Store
mobile_phone_store,retail > shopping > mobile_phone_store,mobile_phone_store,shopping > specialty_store > electronics_store > mobile_phone_store,Mobile Phone Store
agricultural_seed_store,retail > shopping > agricultural_seed_store,agricultural_seed_store,shopping > specialty_store > farming_equipment_and_supply_store > agricultural_seed_store,Agricultural Seed Store
farming_equipment_store,retail > shopping > farming_equipment_store,farming_equipment_store,shopping > specialty_store > farming_equipment_and_supply_store > farming_equipment_store,Farming Equipment Store
firework_retailer,retail > shopping > firework_retailer,fireworks_store,shopping > specialty_store > fireworks_store,Fireworks Store
flowers_and_gifts_shop,retail > shopping > flowers_and_gifts_shop,flowers_and_gifts_store,shopping > specialty_store > flowers_and_gifts_store,Flowers and Gifts Store
florist,retail > shopping > flowers_and_gifts_shop > florist,florist,shopping > specialty_store > flowers_and_gifts_store > florist,Florist
flower_markets,retail > shopping > flower_markets,flower_market,shopping > specialty_store > flowers_and_gifts_store > flower_market,Flower Market
gift_shop,retail > shopping > flowers_and_gifts_shop > gift_shop,gift_shop,shopping > specialty_store > flowers_and_gifts_store > gift_shop,Gift Shop
gemstone_and_mineral,retail > shopping > gemstone_and_mineral,gemstone_and_mineral_store,shopping > specialty_store > gemstone_and_mineral_store,Gemstone and Mineral Store
gun_and_ammo,retail > shopping > gun_and_ammo,gun_and_ammo_store,shopping > specialty_store > gun_and_ammo_store,Gun and Ammo Store
gunsmith,professional_services > gunsmith,gunsmith,shopping > specialty_store > gun_and_ammo_store > gunsmith,Gunsmith
home_and_garden,retail > shopping > home_and_garden,hardware_home_and_garden_store,shopping > specialty_store > hardware_home_and_garden_store,Hardware Home and Garden Store
appliance_store,retail > shopping > home_and_garden > appliance_store,appliance_store,shopping > specialty_store > hardware_home_and_garden_store > appliance_store,Appliance Store
bedding_and_bath_stores,retail > shopping > home_and_garden > bedding_and_bath_stores,bedding_and_bath_store,shopping > specialty_store > hardware_home_and_garden_store > bedding_and_bath_store,Bedding and Bath Store
building_supply_store,retail > shopping > building_supply_store,building_supply_store,shopping > specialty_store > hardware_home_and_garden_store > building_supply_store,Building Supply Store
lumber_store,retail > shopping > building_supply_store > lumber_store,lumber_store,shopping > specialty_store > hardware_home_and_garden_store > building_supply_store > lumber_store,Lumber Store
candle_store,retail > shopping > home_and_garden > candle_store,candle_store,shopping > specialty_store > hardware_home_and_garden_store > candle_store,Candle Store
carpet_store,retail > carpet_store,carpet_store,shopping > specialty_store > hardware_home_and_garden_store > carpet_store,Carpet Store
christmas_trees,retail > shopping > home_and_garden > christmas_trees,christmas_tree_store,shopping > specialty_store > hardware_home_and_garden_store > christmas_tree_store,Christmas Tree Store
do_it_yourself_store,retail > shopping > do_it_yourself_store,do_it_yourself_store,shopping > specialty_store > hardware_home_and_garden_store > do_it_yourself_store,Do IT Yourself Store
electrical_supply_store,retail > shopping > home_and_garden > electrical_supply_store,electrical_supply_store,shopping > specialty_store > hardware_home_and_garden_store > electrical_supply_store,Electrical Supply Store
flooring_store,retail > flooring_store,flooring_store,shopping > specialty_store > hardware_home_and_garden_store > flooring_store,Flooring Store
furniture_accessory_store,retail > shopping > home_and_garden > furniture_accessory_store,furniture_accessory_store,shopping > specialty_store > hardware_home_and_garden_store > furniture_accessory_store,Furniture Accessory Store
furniture_store,retail > shopping > home_and_garden > furniture_store,furniture_store,shopping > specialty_store > hardware_home_and_garden_store > furniture_store,Furniture Store
grilling_equipment,retail > shopping > home_and_garden > grilling_equipment,grilling_equipment_store,shopping > specialty_store > hardware_home_and_garden_store > grilling_equipment_store,Grilling Equipment Store
hardware_store,retail > shopping > home_and_garden > hardware_store,hardware_store,shopping > specialty_store > hardware_home_and_garden_store > hardware_store,Hardware Store
welding_supply_store,retail > shopping > home_and_garden > hardware_store > welding_supply_store,welding_supply_store,shopping > specialty_store > hardware_home_and_garden_store > hardware_store > welding_supply_store,Welding Supply Store
holiday_decor,retail > shopping > home_and_garden > holiday_decor,holiday_decor_store,shopping > specialty_store > hardware_home_and_garden_store > holiday_decor_store,Holiday Decor Store
home_decor,retail > shopping > home_and_garden > home_decor,home_decor_store,shopping > specialty_store > hardware_home_and_garden_store > home_decor_store,Home Decor Store
home_goods_store,retail > shopping > home_and_garden > home_goods_store,home_goods_store,shopping > specialty_store > hardware_home_and_garden_store > home_goods_store,Home Goods Store
home_improvement_store,retail > shopping > home_and_garden > home_improvement_store,home_improvement_store,shopping > specialty_store > hardware_home_and_garden_store > home_improvement_store,Home Improvement Store
hot_tubs_and_pools,retail > shopping > home_and_garden > hot_tubs_and_pools,hot_tub_and_pool_store,shopping > specialty_store > hardware_home_and_garden_store > hot_tub_and_pool_store,Hot Tub and Pool Store
kitchen_and_bath,retail > shopping > home_and_garden > kitchen_and_bath,kitchen_and_bath_store,shopping > specialty_store > hardware_home_and_garden_store > kitchen_and_bath_store,Kitchen and Bath Store
bathroom_fixture_stores,retail > shopping > home_and_garden > kitchen_and_bath > bathroom_fixture_stores,bathroom_fixture_store,shopping > specialty_store > hardware_home_and_garden_store > kitchen_and_bath_store > bathroom_fixture_store,Bathroom Fixture Store
kitchen_supply_store,retail > shopping > home_and_garden > kitchen_and_bath > kitchen_supply_store,kitchen_supply_store,shopping > specialty_store > hardware_home_and_garden_store > kitchen_and_bath_store > kitchen_supply_store,Kitchen Supply Store
lawn_mower_store,retail > shopping > home_and_garden > lawn_mower_store,lawn_mower_store,shopping > specialty_store > hardware_home_and_garden_store > lawn_mower_store,Lawn Mower Store
lighting_store,retail > shopping > home_and_garden > lighting_store,lighting_store,shopping > specialty_store > hardware_home_and_garden_store > lighting_store,Lighting Store
linen,retail > shopping > home_and_garden > linen,linen_store,shopping > specialty_store > hardware_home_and_garden_store > linen_store,Linen Store
mattress_store,retail > shopping > home_and_garden > mattress_store,mattress_store,shopping > specialty_store > hardware_home_and_garden_store > mattress_store,Mattress Store
nursery_and_gardening,retail > shopping > home_and_garden > nursery_and_gardening,nursery_and_gardening_store,shopping > specialty_store > hardware_home_and_garden_store > nursery_and_gardening_store,Nursery and Gardening Store
hydroponic_gardening,retail > shopping > home_and_garden > nursery_and_gardening > hydroponic_gardening,hydroponic_gardening_store,shopping > specialty_store > hardware_home_and_garden_store > nursery_and_gardening_store > hydroponic_gardening_store,Hydroponic Gardening Store
outdoor_furniture_store,retail > shopping > home_and_garden > outdoor_furniture_store,outdoor_furniture_store,shopping > specialty_store > hardware_home_and_garden_store > outdoor_furniture_store,Outdoor Furniture Store
paint_store,retail > shopping > home_and_garden > paint_store,paint_store,shopping > specialty_store > hardware_home_and_garden_store > paint_store,Paint Store
rug_store,retail > shopping > home_and_garden > rug_store,rug_store,shopping > specialty_store > hardware_home_and_garden_store > rug_store,Rug Store
tile_store,retail > shopping > home_and_garden > tile_store,tile_store,shopping > specialty_store > hardware_home_and_garden_store > tile_store,Tile Store
wallpaper_store,retail > shopping > home_and_garden > wallpaper_store,wallpaper_store,shopping > specialty_store > hardware_home_and_garden_store > wallpaper_store,Wallpaper Store
window_treatment_store,retail > shopping > home_and_garden > window_treatment_store,window_treatment_store,shopping > specialty_store > hardware_home_and_garden_store > window_treatment_store,Window Treatment Store
woodworking_supply_store,retail > shopping > home_and_garden > woodworking_supply_store,woodworking_supply_store,shopping > specialty_store > hardware_home_and_garden_store > woodworking_supply_store,Woodworking Supply Store
medical_supply,retail > shopping > medical_supply,medical_supply_store,shopping > specialty_store > medical_supply_store,Medical Supply Store
dental_supply_store,retail > shopping > medical_supply > dental_supply_store,dental_supply_store,shopping > specialty_store > medical_supply_store > dental_supply_store,Dental Supply Store
hearing_aid_provider,retail > hearing_aid_provider,hearing_aid_store,shopping > specialty_store > medical_supply_store > hearing_aid_store,Hearing Aid Store
musical_instrument_store,retail > shopping > musical_instrument_store,musical_instrument_store,shopping > specialty_store > musical_instrument_and_pro_audio_store > musical_instrument_store,Musical Instrument Store
guitar_store,retail > shopping > guitar_store,guitar_store,shopping > specialty_store > musical_instrument_and_pro_audio_store > musical_instrument_store > guitar_store,Guitar Store
piano_store,retail > shopping > piano_store,piano_store,shopping > specialty_store > musical_instrument_and_pro_audio_store > musical_instrument_store > piano_store,Piano Store
office_equipment,retail > shopping > office_equipment,office_supply_store,shopping > specialty_store > office_supply_store,Office Supply Store
packing_supply,retail > shopping > packing_supply,packing_supply_store,shopping > specialty_store > office_supply_store > packing_supply_store,Packing Supply Store
pen_store,retail > shopping > pen_store,pen_store,shopping > specialty_store > office_supply_store > pen_store,Pen Store
outlet_store,retail > shopping > outlet_store,outlet_store,shopping > specialty_store > outlet_store,Outlet Store
party_supply,retail > party_supply,party_supply_store,shopping > specialty_store > party_supply_store,Party Supply Store
cosmetic_and_beauty_supplies,retail > shopping > cosmetic_and_beauty_supplies,beauty_supply_store,shopping > specialty_store > personal_care_and_beauty_store > beauty_supply_store,Beauty Supply Store
perfume_store,retail > shopping > perfume_store,cosmetics_and_fragrance_store,shopping > specialty_store > personal_care_and_beauty_store > beauty_supply_store > cosmetics_and_fragrance_store,Cosmetics and Fragrance Store
hair_supply_stores,retail > shopping > cosmetic_and_beauty_supplies > hair_supply_stores,hair_supply_store,shopping > specialty_store > personal_care_and_beauty_store > beauty_supply_store > hair_supply_store,Hair Supply Store
wig_store,retail > shopping > wig_store,wig_store,shopping > specialty_store > personal_care_and_beauty_store > beauty_supply_store > wig_store,Wig Store
drugstore,retail > drugstore,drugstore,shopping > specialty_store > pharmacy_and_drug_store > drugstore,Drugstore
pharmacy,retail > pharmacy,pharmacy,shopping > specialty_store > pharmacy_and_drug_store > pharmacy,Pharmacy
pop_up_shop,retail > shopping > pop_up_shop,pop_up_store,shopping > specialty_store > pop_up_store,Pop Up Store
religious_items,retail > shopping > religious_items,religious_and_spiritual_goods_store,shopping > specialty_store > religious_and_spiritual_goods_store,Religious and Spiritual Goods Store
safe_store,retail > shopping > safe_store,safe_store,shopping > specialty_store > safe_store,Safe Store
safety_equipment,retail > shopping > safety_equipment,safety_equipment_store,shopping > specialty_store > safety_equipment_store,Safety Equipment Store
e_cigarette_store,retail > shopping > e_cigarette_store,smoke_and_vape_store,shopping > specialty_store > smoke_and_vape_store,Smoke and Vape Store
cannabis_dispensary,retail > shopping > cannabis_dispensary,cannabis_dispensary,shopping > specialty_store > smoke_and_vape_store > cannabis_dispensary,Cannabis Dispensary
souvenir_shop,retail > shopping > souvenir_shop,souvenir_store,shopping > specialty_store > souvenir_store,Souvenir Store
sporting_goods,retail > shopping > sporting_goods,sporting_goods_store,shopping > specialty_store > sporting_goods_store,Sporting Goods Store
archery_shop,retail > shopping > sporting_goods > archery_shop,archery_store,shopping > specialty_store > sporting_goods_store > archery_store,Archery Store
bicycle_shop,retail > shopping > sporting_goods > bicycle_shop,bike_store,shopping > specialty_store > sporting_goods_store > bike_store,Bike Store
dive_shop,retail > shopping > sporting_goods > dive_shop,dive_store,shopping > specialty_store > sporting_goods_store > dive_store,Dive Store
fitness_exercise_equipment,retail > shopping > fitness_exercise_equipment,fitness_exercise_store,shopping > specialty_store > sporting_goods_store > fitness_exercise_store,Fitness Exercise Store
golf_equipment,retail > shopping > sporting_goods > golf_equipment,golf_equipment_store,shopping > specialty_store > sporting_goods_store > golf_equipment_store,Golf Equipment Store
hockey_equipment,retail > shopping > sporting_goods > hockey_equipment,hockey_equipment_store,shopping > specialty_store > sporting_goods_store > hockey_equipment_store,Hockey Equipment Store
hunting_and_fishing_supplies,retail > shopping > sporting_goods > hunting_and_fishing_supplies,hunting_and_fishing_store,shopping > specialty_store > sporting_goods_store > hunting_and_fishing_store,Hunting and Fishing Store
outdoor_gear,retail > shopping > sporting_goods > outdoor_gear,outdoor_store,shopping > specialty_store > sporting_goods_store > outdoor_store,Outdoor Store
pool_and_billiards,retail > shopping > pool_and_billiards,pool_and_billiards_store,shopping > specialty_store > sporting_goods_store > pool_and_billiards_store,Pool and Billiards Store
skate_shop,retail > shopping > sporting_goods > skate_shop,skate_store,shopping > specialty_store > sporting_goods_store > skate_store,Skate Store
ski_and_snowboard_shop,retail > shopping > sporting_goods > ski_and_snowboard_shop,ski_and_snowboard_store,shopping > specialty_store > sporting_goods_store > ski_and_snowboard_store,Ski and Snowboard Store
sports_wear,retail > shopping > sporting_goods > sports_wear,sportswear_store,shopping > specialty_store > sporting_goods_store > sportswear_store,Sportswear Store
dance_wear,retail > shopping > sporting_goods > sports_wear > dance_wear,dancewear_store,shopping > specialty_store > sporting_goods_store > sportswear_store > dancewear_store,Dancewear Store
surf_shop,retail > shopping > sporting_goods > surf_shop,surf_store,shopping > specialty_store > sporting_goods_store > surf_store,Surf Store
swimwear_store,retail > shopping > sporting_goods > swimwear_store,swimwear_store,shopping > specialty_store > sporting_goods_store > swimwear_store,Swimwear Store
army_and_navy_store,retail > shopping > army_and_navy_store,army_and_navy_store,shopping > specialty_store > tactical_supply_store > army_and_navy_store,Army and Navy Store
military_surplus_store,retail > shopping > military_surplus_store,military_surplus_store,shopping > specialty_store > tactical_supply_store > military_surplus_store,Military Surplus Store
tabletop_games,retail > shopping > tabletop_games,tabletop_games_store,shopping > specialty_store > toys_and_games_store > tabletop_games_store,Tabletop Games Store
toy_store,retail > shopping > toy_store,toy_store,shopping > specialty_store > toys_and_games_store > toy_store,Toy Store
trophy_shop,retail > shopping > trophy_shop,trophy_store,shopping > specialty_store > trophy_store,Trophy Store
auto_parts_and_supply_store,retail > auto_parts_and_supply_store,auto_parts_store,shopping > specialty_store > vehicle_parts_store > auto_parts_store,Auto Parts Store
boat_parts_and_supply_store,retail > boat_parts_and_supply_store,boat_parts_store,shopping > specialty_store > vehicle_parts_store > boat_parts_store,Boat Parts Store
motorcycle_gear,automotive > automotive_parts_and_accessories > motorcycle_gear,motorcycle_parts_store,shopping > specialty_store > vehicle_parts_store > motorcycle_parts_store,Motorcycle Parts Store
motorsports_store,automotive > automotive_parts_and_accessories > motorsports_store,motorsports_store,shopping > specialty_store > vehicle_parts_store > motorsports_store,Motorsports Store
recreational_vehicle_parts_and_accessories,automotive > automotive_parts_and_accessories > recreational_vehicle_parts_and_accessories,rv_parts_store,shopping > specialty_store > vehicle_parts_store > rv_parts_store,RV Parts Store
superstore,retail > shopping > superstore,superstore,shopping > superstore,Superstore
automotive_dealer,automotive > automotive_dealer,vehicle_dealer,shopping > vehicle_dealer,Vehicle Dealer
aircraft_dealer,automotive > aircraft_dealer,aircraft_dealer,shopping > vehicle_dealer > aircraft_dealer,Aircraft Dealer
car_dealer,automotive > automotive_dealer > car_dealer,auto_dealer,shopping > vehicle_dealer > auto_dealer,Auto Dealer
car_broker,professional_services > car_broker,auto_broker,shopping > vehicle_dealer > auto_dealer > auto_broker,Auto Broker
automobile_leasing,automotive > automobile_leasing,auto_leasing,shopping > vehicle_dealer > auto_dealer > auto_leasing,Auto Leasing
used_car_dealer,automotive > automotive_dealer > used_car_dealer,used_auto_dealer,shopping > vehicle_dealer > auto_dealer > used_auto_dealer,Used Auto Dealer
boat_dealer,automotive > boat_dealer,boat_dealer,shopping > vehicle_dealer > boat_dealer,Boat Dealer
commercial_vehicle_dealer,automotive > automotive_dealer > commercial_vehicle_dealer,commercial_vehicle_dealer,shopping > vehicle_dealer > commercial_vehicle_dealer,Commercial Vehicle Dealer
forklift_dealer,retail > shopping > farming_equipment_store > forklift_dealer,forklift_dealer,shopping > vehicle_dealer > forklift_dealer,Forklift Dealer
golf_cart_dealer,automotive > automotive_dealer > golf_cart_dealer,golf_cart_dealer,shopping > vehicle_dealer > golf_cart_dealer,Golf Cart Dealer
motorcycle_dealer,automotive > automotive_dealer > motorcycle_dealer,motorcycle_dealer,shopping > vehicle_dealer > motorcycle_dealer,Motorcycle Dealer
motorsport_vehicle_dealer,automotive > automotive_dealer > motorsport_vehicle_dealer,motorsport_vehicle_dealer,shopping > vehicle_dealer > motorsport_vehicle_dealer,Motorsport Vehicle Dealer
recreational_vehicle_dealer,automotive > automotive_dealer > recreational_vehicle_dealer,recreational_vehicle_dealer,shopping > vehicle_dealer > recreational_vehicle_dealer,Recreational Vehicle Dealer
scooter_dealers,automotive > automotive_dealer > scooter_dealers,scooter_dealer,shopping > vehicle_dealer > scooter_dealer,Scooter Dealer
trailer_dealer,automotive > automotive_dealer > trailer_dealer,trailer_dealer,shopping > vehicle_dealer > trailer_dealer,Trailer Dealer
truck_dealer,automotive > automotive_dealer > truck_dealer,truck_dealer,shopping > vehicle_dealer > truck_dealer,Truck Dealer
wholesale_store,retail > shopping > wholesale_store,warehouse_club_store,shopping > warehouse_club_store,Warehouse Club Store
active_life,active_life,sports_and_recreation,sports_and_recreation,Sports and Recreation
park,attractions_and_activities > park,park,sports_and_recreation > park,Park
dog_park,attractions_and_activities > park > dog_park,dog_park,sports_and_recreation > park > dog_park,Dog Park
mountain_bike_parks,attractions_and_activities > mountain_bike_parks,mountain_bike_park,sports_and_recreation > park > mountain_bike_park,Mountain Bike Park
national_park,attractions_and_activities > park > national_park,national_park,sports_and_recreation > park > national_park,National Park
playground,active_life > sports_and_recreation_venue > playground,playground,sports_and_recreation > park > playground,Playground
state_park,attractions_and_activities > park > state_park,state_park,sports_and_recreation > park > state_park,State Park
water_park,arts_and_entertainment > water_park,water_park,sports_and_recreation > park > water_park,Water Park
sports_and_recreation_rental_and_services,active_life > sports_and_recreation_rental_and_services,recreational_equipment_rental,sports_and_recreation > recreational_equipment_rental,Recreational Equipment Rental
atv_rentals_and_tours,attractions_and_activities > atv_rentals_and_tours,atv_rental_tour,sports_and_recreation > recreational_equipment_rental > atv_rental_tour,ATV Rental Tour
beach_equipment_rentals,active_life > sports_and_recreation_rental_and_services > beach_equipment_rentals,beach_equipment_rental,sports_and_recreation > recreational_equipment_rental > beach_equipment_rental,Beach Equipment Rental
bike_rentals,active_life > sports_and_recreation_rental_and_services > bike_rentals,bike_rental,sports_and_recreation > recreational_equipment_rental > bike_rental,Bike Rental
boat_rental_and_training,attractions_and_activities > boat_rental_and_training,boat_rental_and_training,sports_and_recreation > recreational_equipment_rental > boat_rental_and_training,Boat Rental and Training
canoe_and_kayak_hire_service,active_life > sports_and_recreation_rental_and_services > boat_hire_service > canoe_and_kayak_hire_service,canoe_and_kayak_hire_service,sports_and_recreation > recreational_equipment_rental > canoe_and_kayak_hire_service,Canoe and Kayak Hire Service
jet_skis_rental,attractions_and_activities > jet_skis_rental,jet_skis_rental,sports_and_recreation > recreational_equipment_rental > jet_skis_rental,Jet Skis Rental
paddleboard_rental,attractions_and_activities > paddleboard_rental,paddleboard_rental,sports_and_recreation > recreational_equipment_rental > paddleboard_rental,Paddleboard Rental
scooter_rental,active_life > sports_and_recreation_rental_and_services > scooter_rental,scooter_rental,sports_and_recreation > recreational_equipment_rental > scooter_rental,Scooter Rental
sledding_rental,attractions_and_activities > sledding_rental,sledding_rental,sports_and_recreation > recreational_equipment_rental > sledding_rental,Sledding Rental
snorkeling_equipment_rental,attractions_and_activities > snorkeling_equipment_rental,snorkeling_equipment_rental,sports_and_recreation > recreational_equipment_rental > snorkeling_equipment_rental,Snorkeling Equipment Rental
sport_equipment_rentals,active_life > sports_and_recreation_rental_and_services > sport_equipment_rentals,sport_equipment_rental,sports_and_recreation > recreational_equipment_rental > sport_equipment_rental,Sport Equipment Rental
surfboard_rental,attractions_and_activities > surfing > surfboard_rental,surfboard_rental,sports_and_recreation > recreational_equipment_rental > surfboard_rental,Surfboard Rental
trail,attractions_and_activities > trail,recreational_trail_or_path,sports_and_recreation > recreational_trail_or_path,Recreational Trail or Path
backpacking_area,attractions_and_activities > backpacking_area,backpacking_area,sports_and_recreation > recreational_trail_or_path > backpacking_area,Backpacking Area
bicycle_path,active_life > sports_and_recreation_venue > bicycle_path,bike_path,sports_and_recreation > recreational_trail_or_path > bike_path,Bike Path
hiking_trail,attractions_and_activities > trail > hiking_trail,hiking_trail,sports_and_recreation > recreational_trail_or_path > hiking_trail,Hiking Trail
mountain_bike_trails,attractions_and_activities > trail > mountain_bike_trails,mountain_bike_trail,sports_and_recreation > recreational_trail_or_path > mountain_bike_trail,Mountain Bike Trail
amateur_sports_league,active_life > sports_club_and_league > amateur_sports_league,amateur_sport_league,sports_and_recreation > sport_league > amateur_sport_league,Amateur Sport League
esports_league,active_life > sports_club_and_league > esports_league,esports_league,sports_and_recreation > sport_league > esports_league,Esports League
professional_sports_league,active_life > sports_club_and_league > professional_sports_league,professional_sport_league,sports_and_recreation > sport_league > professional_sport_league,Professional Sport League
school_sports_league,active_life > sports_club_and_league > school_sports_league,school_sport_league,sports_and_recreation > sport_league > school_sport_league,School Sport League
sports_and_recreation_venue,active_life > sports_and_recreation_venue,sport_or_fitness_facility,sports_and_recreation > sport_or_fitness_facility,Sport or Fitness Facility
axe_throwing,attractions_and_activities > axe_throwing,axe_throwing,sports_and_recreation > sport_or_fitness_facility > adventure_sport > axe_throwing,Axe Throwing
bungee_jumping_center,attractions_and_activities > bungee_jumping_center,bungee_jumping_center,sports_and_recreation > sport_or_fitness_facility > adventure_sport > bungee_jumping_center,Bungee Jumping Center
challenge_courses_center,attractions_and_activities > challenge_courses_center,challenge_courses_center,sports_and_recreation > sport_or_fitness_facility > adventure_sport > challenge_courses_center,Challenge Courses Center
cliff_jumping_center,attractions_and_activities > cliff_jumping_center,cliff_jumping_center,sports_and_recreation > sport_or_fitness_facility > adventure_sport > cliff_jumping_center,Cliff Jumping Center
climbing_service,attractions_and_activities > climbing_service,climbing_service,sports_and_recreation > sport_or_fitness_facility > adventure_sport > climbing_service,Climbing Service
high_gliding_center,attractions_and_activities > high_gliding_center,high_gliding_center,sports_and_recreation > sport_or_fitness_facility > adventure_sport > high_gliding_center,High Gliding Center
rock_climbing_spot,attractions_and_activities > rock_climbing_spot,rock_climbing_spot,sports_and_recreation > sport_or_fitness_facility > adventure_sport > rock_climbing_spot,Rock Climbing Spot
ziplining_center,attractions_and_activities > ziplining_center,ziplining_center,sports_and_recreation > sport_or_fitness_facility > adventure_sport > ziplining_center,Ziplining Center
adventure_sports_center,active_life > sports_and_recreation_venue > adventure_sports_center,adventure_sports_center,sports_and_recreation > sport_or_fitness_facility > adventure_sports_center,Adventure Sports Center
atv_recreation_park,active_life > sports_and_recreation_venue > atv_recreation_park,atv_recreation_park,sports_and_recreation > sport_or_fitness_facility > atv_recreation_park,ATV Recreation Park
batting_cage,active_life > sports_and_recreation_venue > batting_cage,batting_cage,sports_and_recreation > sport_or_fitness_facility > batting_cage,Batting Cage
bowling_alley,active_life > sports_and_recreation_venue > bowling_alley,bowling_alley,sports_and_recreation > sport_or_fitness_facility > bowling_alley,Bowling Alley
boxing_class,active_life > sports_and_fitness_instruction > boxing_class,boxing_class,sports_and_recreation > sport_or_fitness_facility > boxing_class,Boxing Class
boxing_gym,active_life > sports_and_fitness_instruction > boxing_gym,boxing_gym,sports_and_recreation > sport_or_fitness_facility > boxing_gym,Boxing Gym
cardio_classes,active_life > sports_and_fitness_instruction > cardio_classes,cardio_class,sports_and_recreation > sport_or_fitness_facility > cardio_class,Cardio Class
climbing_class,active_life > sports_and_fitness_instruction > climbing_class,climbing_class,sports_and_recreation > sport_or_fitness_facility > climbing_class,Climbing Class
cycling_classes,active_life > sports_and_fitness_instruction > cycling_classes,cycling_class,sports_and_recreation > sport_or_fitness_facility > cycling_class,Cycling Class
dance_school,active_life > sports_and_fitness_instruction > dance_school,dance_studio,sports_and_recreation > sport_or_fitness_facility > dance_studio,Dance Studio
diving_center,active_life > sports_and_recreation_venue > diving_center,diving_center,sports_and_recreation > sport_or_fitness_facility > diving_center,Diving Center
free_diving_center,active_life > sports_and_recreation_venue > diving_center > free_diving_center,free_diving_center,sports_and_recreation > sport_or_fitness_facility > diving_center > free_diving_center,Free Diving Center
scuba_diving_center,active_life > sports_and_recreation_venue > diving_center > scuba_diving_center,scuba_diving_center,sports_and_recreation > sport_or_fitness_facility > diving_center > scuba_diving_center,Scuba Diving Center
free_diving_instruction,active_life > sports_and_fitness_instruction > diving_instruction > free_diving_instruction,free_diving_instruction,sports_and_recreation > sport_or_fitness_facility > diving_instruction > free_diving_instruction,Free Diving Instruction
scuba_diving_instruction,active_life > sports_and_fitness_instruction > diving_instruction > scuba_diving_instruction,scuba_diving_instruction,sports_and_recreation > sport_or_fitness_facility > diving_instruction > scuba_diving_instruction,Scuba Diving Instruction
aerial_fitness_center,active_life > sports_and_fitness_instruction > aerial_fitness_center,aerial_fitness_center,sports_and_recreation > sport_or_fitness_facility > fitness_studio > aerial_fitness_center,Aerial Fitness Center
barre_classes,active_life > sports_and_fitness_instruction > barre_classes,barre_class,sports_and_recreation > sport_or_fitness_facility > fitness_studio > barre_class,Barre Class
boot_camp,active_life > sports_and_fitness_instruction > boot_camp,boot_camp,sports_and_recreation > sport_or_fitness_facility > fitness_studio > boot_camp,Boot Camp
pilates_studio,active_life > sports_and_fitness_instruction > pilates_studio,pilates_studio,sports_and_recreation > sport_or_fitness_facility > fitness_studio > pilates_studio,Pilates Studio
qi_gong_studio,active_life > sports_and_fitness_instruction > qi_gong_studio,qi_gong_studio,sports_and_recreation > sport_or_fitness_facility > fitness_studio > qi_gong_studio,Qi Gong Studio
tai_chi_studio,active_life > sports_and_fitness_instruction > tai_chi_studio,tai_chi_studio,sports_and_recreation > sport_or_fitness_facility > fitness_studio > tai_chi_studio,Tai Chi Studio
yoga_studio,active_life > sports_and_fitness_instruction > yoga_studio,yoga_studio,sports_and_recreation > sport_or_fitness_facility > fitness_studio > yoga_studio,Yoga Studio
fitness_trainer,active_life > sports_and_fitness_instruction > fitness_trainer,fitness_trainer,sports_and_recreation > sport_or_fitness_facility > fitness_trainer,Fitness Trainer
flyboarding_center,active_life > sports_and_recreation_venue > flyboarding_center,flyboarding_center,sports_and_recreation > sport_or_fitness_facility > flyboarding_center,Flyboarding Center
flyboarding_rental,attractions_and_activities > flyboarding_rental,flyboarding_rental,sports_and_recreation > sport_or_fitness_facility > flyboarding_rental,Flyboarding Rental
golf_course,active_life > sports_and_recreation_venue > golf_course,golf_course,sports_and_recreation > sport_or_fitness_facility > golf_course,Golf Course
driving_range,active_life > sports_and_recreation_venue > golf_course > driving_range,driving_range,sports_and_recreation > sport_or_fitness_facility > golf_course > driving_range,Driving Range
golf_instructor,active_life > sports_and_fitness_instruction > golf_instructor,golf_instructor,sports_and_recreation > sport_or_fitness_facility > golf_instructor,Golf Instructor
gym,active_life > sports_and_recreation_venue > gym,gym,sports_and_recreation > sport_or_fitness_facility > gym,Gym
gymnastics_center,active_life > sports_and_recreation_venue > gymnastics_center,gymnastics_center,sports_and_recreation > sport_or_fitness_facility > gymnastics_center,Gymnastics Center
hang_gliding_center,active_life > sports_and_recreation_venue > hang_gliding_center,hang_gliding_center,sports_and_recreation > sport_or_fitness_facility > hang_gliding_center,Hang Gliding Center
horse_riding,active_life > sports_and_recreation_venue > horse_riding,horse_riding,sports_and_recreation > sport_or_fitness_facility > horse_riding,Horse Riding
equestrian_facility,active_life > sports_and_recreation_venue > horse_riding > equestrian_facility,equestrian_facility,sports_and_recreation > sport_or_fitness_facility > horse_riding > equestrian_facility,Equestrian Facility
horseback_riding_service,attractions_and_activities > horseback_riding_service,horseback_riding_service,sports_and_recreation > sport_or_fitness_facility > horseback_riding_service,Horseback Riding Service
indoor_playcenter,arts_and_entertainment > indoor_playcenter,indoor_playcenter,sports_and_recreation > sport_or_fitness_facility > indoor_playcenter,Indoor Playcenter
kiteboarding,active_life > sports_and_recreation_venue > kiteboarding,kiteboarding,sports_and_recreation > sport_or_fitness_facility > kiteboarding,Kiteboarding
kiteboarding_instruction,attractions_and_activities > kiteboarding_instruction,kiteboarding_instruction,sports_and_recreation > sport_or_fitness_facility > kiteboarding_instruction,Kiteboarding Instruction
laser_tag,arts_and_entertainment > laser_tag,laser_tag,sports_and_recreation > sport_or_fitness_facility > laser_tag,Laser Tag
miniature_golf_course,active_life > sports_and_recreation_venue > miniature_golf_course,miniature_golf_course,sports_and_recreation > sport_or_fitness_facility > miniature_golf_course,Miniature Golf Course
paddleboarding_center,active_life > sports_and_recreation_venue > paddleboarding_center,paddleboarding_center,sports_and_recreation > sport_or_fitness_facility > paddleboarding_center,Paddleboarding Center
paddleboarding_lessons,active_life > sports_and_fitness_instruction > paddleboarding_lessons,paddleboarding_lessons,sports_and_recreation > sport_or_fitness_facility > paddleboarding_lessons,Paddleboarding Lessons
paintball,arts_and_entertainment > paintball,paintball,sports_and_recreation > sport_or_fitness_facility > paintball,Paintball
parasailing_ride_service,attractions_and_activities > parasailing_ride_service,parasailing_ride_service,sports_and_recreation > sport_or_fitness_facility > parasailing_ride_service,Parasailing Ride Service
pool_billiards,active_life > sports_and_recreation_venue > pool_billiards,pool_billiards,sports_and_recreation > sport_or_fitness_facility > pool_billiards,Pool Billiards
pool_hall,active_life > sports_and_recreation_venue > pool_billiards > pool_hall,pool_hall,sports_and_recreation > sport_or_fitness_facility > pool_billiards > pool_hall,Pool Hall
race_track,active_life > sports_and_recreation_venue > race_track,race_track,sports_and_recreation > sport_or_fitness_facility > race_track,Race Track
go_kart_track,attractions_and_activities > go_kart_track,go_kart_track,sports_and_recreation > sport_or_fitness_facility > race_track > go_kart_track,Go Kart Track
horse_racing_track,active_life > sports_and_recreation_venue > horse_riding > horse_racing_track,horse_racing_track,sports_and_recreation > sport_or_fitness_facility > race_track > horse_racing_track,Horse Racing Track
racing_experience,active_life > sports_and_fitness_instruction > racing_experience,racing_experience,sports_and_recreation > sport_or_fitness_facility > racing_experience,Racing Experience
rock_climbing_gym,active_life > sports_and_recreation_venue > rock_climbing_gym,rock_climbing_gym,sports_and_recreation > sport_or_fitness_facility > rock_climbing_gym,Rock Climbing Gym
rock_climbing_instructor,active_life > sports_and_fitness_instruction > rock_climbing_instructor,rock_climbing_instructor,sports_and_recreation > sport_or_fitness_facility > rock_climbing_instructor,Rock Climbing Instructor
self_defense_classes,active_life > sports_and_fitness_instruction > self_defense_classes,self_defense_class,sports_and_recreation > sport_or_fitness_facility > self_defense_class,Self Defense Class
shooting_range,active_life > sports_and_recreation_venue > shooting_range,shooting_range,sports_and_recreation > sport_or_fitness_facility > shooting_range,Shooting Range
archery_range,active_life > sports_and_recreation_venue > archery_range,archery_range,sports_and_recreation > sport_or_fitness_facility > shooting_range > archery_range,Archery Range
skate_park,active_life > sports_and_recreation_venue > skate_park,skate_park,sports_and_recreation > sport_or_fitness_facility > skate_park,Skate Park
skating_rink,active_life > sports_and_recreation_venue > skating_rink,skating_rink,sports_and_recreation > sport_or_fitness_facility > skating_rink,Skating Rink
ice_skating_rink,active_life > sports_and_recreation_venue > skating_rink > ice_skating_rink,ice_skating_rink,sports_and_recreation > sport_or_fitness_facility > skating_rink > ice_skating_rink,Ice Skating Rink
roller_skating_rink,active_life > sports_and_recreation_venue > skating_rink > roller_skating_rink,roller_skating_rink,sports_and_recreation > sport_or_fitness_facility > skating_rink > roller_skating_rink,Roller Skating Rink
ski_and_snowboard_school,active_life > sports_and_fitness_instruction > ski_and_snowboard_school,ski_and_snowboard_school,sports_and_recreation > sport_or_fitness_facility > ski_and_snowboard_school,Ski and Snowboard School
sky_diving,active_life > sports_and_recreation_venue > sky_diving,sky_diving,sports_and_recreation > sport_or_fitness_facility > sky_diving,Sky Diving
bobsledding_field,attractions_and_activities > bobsledding_field,bobsledding_field,sports_and_recreation > sport_or_fitness_facility > snow_sport > bobsledding_field,Bobsledding Field
ski_area,attractions_and_activities > ski_area,ski_area,sports_and_recreation > sport_or_fitness_facility > snow_sport > ski_area,Ski Area
snowboarding_center,attractions_and_activities > snowboarding_center,snowboarding_center,sports_and_recreation > sport_or_fitness_facility > snow_sport > snowboarding_center,Snowboarding Center
badminton_court,active_life > sports_and_recreation_venue > badminton_court,badminton_court,sports_and_recreation > sport_or_fitness_facility > sport_court > badminton_court,Badminton Court
basketball_court,active_life > sports_and_recreation_venue > basketball_court,basketball_court,sports_and_recreation > sport_or_fitness_facility > sport_court > basketball_court,Basketball Court
beach_volleyball_court,active_life > sports_and_recreation_venue > beach_volleyball_court,beach_volleyball_court,sports_and_recreation > sport_or_fitness_facility > sport_court > beach_volleyball_court,Beach Volleyball Court
bocce_ball_court,active_life > sports_and_recreation_venue > bocce_ball_court,bocce_ball_court,sports_and_recreation > sport_or_fitness_facility > sport_court > bocce_ball_court,Bocce Ball Court
handball_court,active_life > sports_and_recreation_venue > handball_court,handball_court,sports_and_recreation > sport_or_fitness_facility > sport_court > handball_court,Handball Court
racquetball_court,active_life > sports_and_recreation_venue > racquetball_court,racquetball_court,sports_and_recreation > sport_or_fitness_facility > sport_court > racquetball_court,Racquetball Court
squash_court,active_life > sports_and_recreation_venue > squash_court,squash_court,sports_and_recreation > sport_or_fitness_facility > sport_court > squash_court,Squash Court
tennis_court,active_life > sports_and_recreation_venue > tennis_court,tennis_court,sports_and_recreation > sport_or_fitness_facility > sport_court > tennis_court,Tennis Court
volleyball_court,active_life > sports_and_recreation_venue > volleyball_court,volleyball_court,sports_and_recreation > sport_or_fitness_facility > sport_court > volleyball_court,Volleyball Court
airsoft_fields,active_life > sports_and_recreation_venue > airsoft_fields,airsoft_field,sports_and_recreation > sport_or_fitness_facility > sport_field > airsoft_field,Airsoft Field
american_football_field,active_life > sports_and_recreation_venue > american_football_field,american_football_field,sports_and_recreation > sport_or_fitness_facility > sport_field > american_football_field,American Football Field
baseball_field,active_life > sports_and_recreation_venue > baseball_field,baseball_field,sports_and_recreation > sport_or_fitness_facility > sport_field > baseball_field,Baseball Field
disc_golf_course,active_life > sports_and_recreation_venue > disc_golf_course,disc_golf_course,sports_and_recreation > sport_or_fitness_facility > sport_field > disc_golf_course,Disc Golf Course
futsal_field,active_life > sports_and_recreation_venue > futsal_field,futsal_field,sports_and_recreation > sport_or_fitness_facility > sport_field > futsal_field,Futsal Field
hockey_field,active_life > sports_and_recreation_venue > hockey_field,hockey_field,sports_and_recreation > sport_or_fitness_facility > sport_field > hockey_field,Hockey Field
rugby_pitch,active_life > sports_and_recreation_venue > rugby_pitch,rugby_pitch,sports_and_recreation > sport_or_fitness_facility > sport_field > rugby_pitch,Rugby Pitch
soccer_field,active_life > sports_and_recreation_venue > soccer_field,soccer_field,sports_and_recreation > sport_or_fitness_facility > sport_field > soccer_field,Soccer Field
surfing_school,active_life > sports_and_fitness_instruction > surfing_school,surfing_school,sports_and_recreation > sport_or_fitness_facility > surfing_school,Surfing School
swimming_pool,active_life > sports_and_recreation_venue > swimming_pool,swimming_pool,sports_and_recreation > sport_or_fitness_facility > swimming_pool,Swimming Pool
swimming_instructor,active_life > sports_and_fitness_instruction > swimming_instructor,swimming_instructor,sports_and_recreation > sport_or_fitness_facility > swimming_pool > swimming_instructor,Swimming Instructor
trampoline_park,active_life > sports_and_recreation_venue > trampoline_park,trampoline_park,sports_and_recreation > sport_or_fitness_facility > trampoline_park,Trampoline Park
tubing_provider,active_life > sports_and_recreation_venue > tubing_provider,tubing_provider,sports_and_recreation > sport_or_fitness_facility > tubing_provider,Tubing Provider
boating_places,attractions_and_activities > boating_places,boating_place,sports_and_recreation > sport_or_fitness_facility > water_sport > boating_place,Boating Place
fishing_charter,attractions_and_activities > fishing_charter,fishing_charter,sports_and_recreation > sport_or_fitness_facility > water_sport > fishing > fishing_charter,Fishing Charter
rafting_kayaking_area,attractions_and_activities > rafting_kayaking_area,rafting_kayaking_area,sports_and_recreation > sport_or_fitness_facility > water_sport > rafting_kayaking_area,Rafting Kayaking Area
sailing_area,attractions_and_activities > sailing_area,sailing_area,sports_and_recreation > sport_or_fitness_facility > water_sport > sailing_area,Sailing Area
snorkeling,attractions_and_activities > snorkeling,snorkeling,sports_and_recreation > sport_or_fitness_facility > water_sport > snorkeling,Snorkeling
surfing,attractions_and_activities > surfing,surfing,sports_and_recreation > sport_or_fitness_facility > water_sport > surfing,Surfing
windsurfing_center,attractions_and_activities > surfing > windsurfing_center,windsurfing_center,sports_and_recreation > sport_or_fitness_facility > water_sport > surfing > windsurfing_center,Windsurfing Center
wildlife_hunting_range,active_life > sports_and_recreation_venue > wildlife_hunting_range,wildlife_hunting_range,sports_and_recreation > sport_or_fitness_facility > wildlife_hunting_range,Wildlife Hunting Range
sports_club_and_league,active_life > sports_club_and_league,sport_or_recreation_club,sports_and_recreation > sport_or_recreation_club,Sport or Recreation Club
beach_volleyball_club,active_life > sports_club_and_league > beach_volleyball_club,beach_volleyball_club,sports_and_recreation > sport_or_recreation_club > beach_volleyball_club,Beach Volleyball Club
fencing_club,active_life > sports_club_and_league > fencing_club,fencing_club,sports_and_recreation > sport_or_recreation_club > fencing_club,Fencing Club
fishing_club,active_life > sports_club_and_league > fishing_club,fishing_club,sports_and_recreation > sport_or_recreation_club > fishing_club,Fishing Club
football_club,active_life > sports_club_and_league > football_club,football_club,sports_and_recreation > sport_or_recreation_club > football_club,Football Club
go_kart_club,active_life > sports_club_and_league > go_kart_club,go_kart_club,sports_and_recreation > sport_or_recreation_club > go_kart_club,Go Kart Club
golf_club,active_life > sports_club_and_league > golf_club,golf_club,sports_and_recreation > sport_or_recreation_club > golf_club,Golf Club
indoor_golf_center,active_life > sports_club_and_league > golf_club > indoor_golf_center,indoor_golf_center,sports_and_recreation > sport_or_recreation_club > golf_club > indoor_golf_center,Indoor Golf Center
gymnastics_club,active_life > sports_club_and_league > gymnastics_club,gymnastics_club,sports_and_recreation > sport_or_recreation_club > gymnastics_club,Gymnastics Club
lawn_bowling_club,active_life > sports_club_and_league > lawn_bowling_club,lawn_bowling_club,sports_and_recreation > sport_or_recreation_club > lawn_bowling_club,Lawn Bowling Club
martial_arts_club,active_life > sports_club_and_league > martial_arts_club,martial_arts_club,sports_and_recreation > sport_or_recreation_club > martial_arts_club,Martial Arts Club
brazilian_jiu_jitsu_club,active_life > sports_club_and_league > martial_arts_club > brazilian_jiu_jitsu_club,brazilian_jiu_jitsu_club,sports_and_recreation > sport_or_recreation_club > martial_arts_club > brazilian_jiu_jitsu_club,Brazilian Jiu Jitsu Club
chinese_martial_arts_club,active_life > sports_club_and_league > martial_arts_club > chinese_martial_arts_club,chinese_martial_arts_club,sports_and_recreation > sport_or_recreation_club > martial_arts_club > chinese_martial_arts_club,Chinese Martial Arts Club
karate_club,active_life > sports_club_and_league > martial_arts_club > karate_club,karate_club,sports_and_recreation > sport_or_recreation_club > martial_arts_club > karate_club,Karate Club
kickboxing_club,active_life > sports_club_and_league > martial_arts_club > kickboxing_club,kickboxing_club,sports_and_recreation > sport_or_recreation_club > martial_arts_club > kickboxing_club,Kickboxing Club
muay_thai_club,active_life > sports_club_and_league > martial_arts_club > muay_thai_club,muay_thai_club,sports_and_recreation > sport_or_recreation_club > martial_arts_club > muay_thai_club,Muay Thai Club
taekwondo_club,active_life > sports_club_and_league > martial_arts_club > taekwondo_club,taekwondo_club,sports_and_recreation > sport_or_recreation_club > martial_arts_club > taekwondo_club,Taekwondo Club
nudist_clubs,active_life > sports_club_and_league > nudist_clubs,naturist_club,sports_and_recreation > sport_or_recreation_club > naturist_club,Naturist Club
paddle_tennis_club,active_life > sports_club_and_league > paddle_tennis_club,paddle_tennis_club,sports_and_recreation > sport_or_recreation_club > paddle_tennis_club,Paddle Tennis Club
rowing_club,active_life > sports_club_and_league > rowing_club,rowing_club,sports_and_recreation > sport_or_recreation_club > rowing_club,Rowing Club
sailing_club,active_life > sports_club_and_league > sailing_club,sailing_club,sports_and_recreation > sport_or_recreation_club > sailing_club,Sailing Club
soccer_club,active_life > sports_club_and_league > soccer_club,soccer_club,sports_and_recreation > sport_or_recreation_club > soccer_club,Soccer Club
surf_lifesaving_club,active_life > sports_club_and_league > surf_lifesaving_club,surf_lifesaving_club,sports_and_recreation > sport_or_recreation_club > surf_lifesaving_club,Surf Lifesaving Club
table_tennis_club,active_life > sports_club_and_league > table_tennis_club,table_tennis_club,sports_and_recreation > sport_or_recreation_club > table_tennis_club,Table Tennis Club
volleyball_club,active_life > sports_club_and_league > volleyball_club,volleyball_club,sports_and_recreation > sport_or_recreation_club > volleyball_club,Volleyball Club
amateur_sports_team,active_life > sports_club_and_league > amateur_sports_team,amateur_sport_team,sports_and_recreation > sport_team > amateur_sport_team,Amateur Sport Team
esports_team,active_life > sports_club_and_league > esports_team,esports_team,sports_and_recreation > sport_team > esports_team,Esports Team
professional_sports_team,active_life > sports_club_and_league > professional_sports_team,professional_sport_team,sports_and_recreation > sport_team > professional_sport_team,Professional Sport Team
school_sports_team,active_life > sports_club_and_league > school_sports_team,school_sport_team,sports_and_recreation > sport_team > school_sport_team,School Sport Team
transportation,travel > transportation,travel_and_transportation,travel_and_transportation,Travel and Transportation
aircraft_parts_and_supplies,automotive > aircraft_parts_and_supplies,aircraft_parts_and_supplies,travel_and_transportation > air_transport_facility_or_service > aircraft_parts_and_supplies,Aircraft Parts and Supplies
avionics_shop,automotive > aircraft_parts_and_supplies > avionics_shop,avionics_shop,travel_and_transportation > air_transport_facility_or_service > aircraft_parts_and_supplies > avionics_shop,Avionics Shop
airline,business_to_business > business > airline,airline,travel_and_transportation > air_transport_facility_or_service > airline,Airline
airline_ticket_agency,travel > airline_ticket_agency,airline_ticket_agency,travel_and_transportation > air_transport_facility_or_service > airline_ticket_agency,Airline Ticket Agency
airport,travel > airport,airport,travel_and_transportation > air_transport_facility_or_service > airport,Airport
airport_terminal,travel > airport > airport_terminal,airport_terminal,travel_and_transportation > air_transport_facility_or_service > airport > airport_terminal,Airport Terminal
balloon_ports,travel > airport > balloon_ports,balloon_port,travel_and_transportation > air_transport_facility_or_service > airport > balloon_port,Balloon Port
gliderports,travel > airport > gliderports,glider_port,travel_and_transportation > air_transport_facility_or_service > airport > glider_port,Glider Port
heliports,travel > airport > heliports,heliport,travel_and_transportation > air_transport_facility_or_service > airport > heliport,Heliport
seaplane_bases,travel > airport > seaplane_bases,seaplane_base,travel_and_transportation > air_transport_facility_or_service > airport > seaplane_base,Seaplane Base
ultralight_airports,travel > airport > ultralight_airports,ultralight_airport,travel_and_transportation > air_transport_facility_or_service > airport > ultralight_airport,Ultralight Airport
airport_shuttles,travel > transportation > airport_shuttles,airport_shuttle,travel_and_transportation > air_transport_facility_or_service > airport_shuttle,Airport Shuttle
private_jet_charters,travel > transportation > private_jet_charters,private_jet_charter,travel_and_transportation > air_transport_facility_or_service > private_jet_charter,Private Jet Charter
ev_charging_station,automotive > electric_vehicle_charging_station,ev_charging_station,travel_and_transportation > fueling_station > ev_charging_station,EV Charging Station
gas_station,automotive > gas_station,gas_station,travel_and_transportation > fueling_station > gas_station,Gas Station
fuel_dock,automotive > gas_station > fuel_dock,fuel_dock,travel_and_transportation > fueling_station > gas_station > fuel_dock,Fuel Dock
truck_gas_station,automotive > gas_station > truck_gas_station,truck_gas_station,travel_and_transportation > fueling_station > gas_station > truck_gas_station,Truck Gas Station
bicycle_sharing_location,travel > transportation > bicycle_sharing_location,bike_sharing_location,travel_and_transportation > ground_transport_facility_or_service > bikes_and_bike_service > bike_sharing_location,Bike Sharing Location
public_transportation,travel > transportation > public_transportation,public_transit_facility_or_service,travel_and_transportation > ground_transport_facility_or_service > public_transit_facility_or_service,Public Transit Facility or Service
bus_station,travel > transportation > bus_station,bus_station,travel_and_transportation > ground_transport_facility_or_service > public_transit_facility_or_service > bus_station,Bus Station
bus_ticket_agency,travel > bus_ticket_agency,bus_ticket_agency,travel_and_transportation > ground_transport_facility_or_service > public_transit_facility_or_service > bus_ticket_agency,Bus Ticket Agency
cable_car_service,travel > transportation > cable_car_service,cable_car_service,travel_and_transportation > ground_transport_facility_or_service > public_transit_facility_or_service > cable_car_service,Cable Car Service
coach_bus,travel > transportation > coach_bus,coach_bus,travel_and_transportation > ground_transport_facility_or_service > public_transit_facility_or_service > coach_bus,Coach Bus
light_rail_and_subway_stations,travel > transportation > light_rail_and_subway_stations,light_rail_and_subway_station,travel_and_transportation > ground_transport_facility_or_service > public_transit_facility_or_service > light_rail_and_subway_station,Light Rail and Subway Station
metro_station,travel > transportation > metro_station,metro_station,travel_and_transportation > ground_transport_facility_or_service > public_transit_facility_or_service > metro_station,Metro Station
railway_service,public_service_and_government > railway_service,rail_facility_or_service,travel_and_transportation > ground_transport_facility_or_service > rail_facility_or_service,Rail Facility or Service
railway_ticket_agent,travel > railway_ticket_agent,railway_ticket_agent,travel_and_transportation > ground_transport_facility_or_service > rail_facility_or_service > railway_ticket_agent,Railway Ticket Agent
trains,travel > transportation > trains,train,travel_and_transportation > ground_transport_facility_or_service > rail_facility_or_service > train,Train
train_station,travel > transportation > trains > train_station,train_station,travel_and_transportation > ground_transport_facility_or_service > rail_facility_or_service > train_station,Train Station
road_structures_and_services,travel > road_structures_and_services,road_structures_and_service,travel_and_transportation > ground_transport_facility_or_service > road_structures_and_service,Road Structures and Service
rest_stop,travel > rest_stop,rest_stop,travel_and_transportation > ground_transport_facility_or_service > road_structures_and_service > rest_stop,Rest Stop
toll_stations,travel > road_structures_and_services > toll_stations,toll_station,travel_and_transportation > ground_transport_facility_or_service > road_structures_and_service > toll_station,Toll Station
truck_stop,automotive > truck_stop,truck_stop,travel_and_transportation > ground_transport_facility_or_service > road_structures_and_service > truck_stop,Truck Stop
car_sharing,travel > transportation > car_sharing,car_sharing,travel_and_transportation > ground_transport_facility_or_service > taxi_or_ride_share_service > car_sharing,Car Sharing
limo_services,travel > transportation > limo_services,limo_service,travel_and_transportation > ground_transport_facility_or_service > taxi_or_ride_share_service > limo_service,Limo Service
pedicab_service,travel > transportation > pedicab_service,pedicab_service,travel_and_transportation > ground_transport_facility_or_service > taxi_or_ride_share_service > pedicab_service,Pedicab Service
ride_sharing,travel > transportation > ride_sharing,ride_share_service,travel_and_transportation > ground_transport_facility_or_service > taxi_or_ride_share_service > ride_share_service,Ride Share Service
taxi_service,travel > transportation > taxi_service,taxi_service,travel_and_transportation > ground_transport_facility_or_service > taxi_or_ride_share_service > taxi_service,Taxi Service
taxi_rank,travel > transportation > taxi_rank,taxi_stand,travel_and_transportation > ground_transport_facility_or_service > taxi_or_ride_share_service > taxi_service > taxi_stand,Taxi Stand
town_car_service,travel > transportation > town_car_service,town_car_service,travel_and_transportation > ground_transport_facility_or_service > taxi_or_ride_share_service > town_car_service,Town Car Service
parking,travel > transportation > parking,parking,travel_and_transportation > parking,Parking
bike_parking,travel > transportation > bike_parking,bike_parking,travel_and_transportation > parking > bike_parking,Bike Parking
motorcycle_parking,travel > transportation > motorcycle_parking,motorcycle_parking,travel_and_transportation > parking > motorcycle_parking,Motorcycle Parking
park_and_rides,travel > transportation > park_and_rides,park_and_ride,travel_and_transportation > parking > park_and_ride,Park and Ride
transport_interchange,travel > transportation > transport_interchange,transport_interchange,travel_and_transportation > transport_interchange,Transport Interchange
travel_services,travel > travel_services,travel_service,travel_and_transportation > travel_service,Travel Service
agriturismo,travel > agriturismo,agritourism,travel_and_transportation > travel_service > agritourism,Agritourism
luggage_storage,travel > travel_services > luggage_storage,luggage_storage,travel_and_transportation > travel_service > luggage_storage,Luggage Storage
passport_and_visa_services,travel > travel_services > passport_and_visa_services,passport_and_visa_service,travel_and_transportation > travel_service > passport_and_visa_service,Passport and Visa Service
visa_agent,travel > travel_services > passport_and_visa_services > visa_agent,visa_agent,travel_and_transportation > travel_service > passport_and_visa_service > visa_agent,Visa Agent
tours,travel > tours,tour_operator,travel_and_transportation > travel_service > tour_operator,Tour Operator
aerial_tours,travel > tours > aerial_tours,aerial_tour,travel_and_transportation > travel_service > tour_operator > aerial_tour,Aerial Tour
architectural_tours,travel > tours > architectural_tours,architectural_tour,travel_and_transportation > travel_service > tour_operator > architectural_tour,Architectural Tour
art_tours,travel > tours > art_tours,art_tour,travel_and_transportation > travel_service > tour_operator > art_tour,Art Tour
beer_tours,travel > tours > beer_tours,beer_tour,travel_and_transportation > travel_service > tour_operator > beer_tour,Beer Tour
bike_tours,travel > tours > bike_tours,bike_tour,travel_and_transportation > travel_service > tour_operator > bike_tour,Bike Tour
boat_tours,travel > tours > boat_tours,boat_tour,travel_and_transportation > travel_service > tour_operator > boat_tour,Boat Tour
bus_tours,travel > tours > bus_tours,bus_tour,travel_and_transportation > travel_service > tour_operator > bus_tour,Bus Tour
cannabis_tour,travel > tours > cannabis_tour,cannabis_tour,travel_and_transportation > travel_service > tour_operator > cannabis_tour,Cannabis Tour
food_tours,travel > tours > food_tours,food_tour,travel_and_transportation > travel_service > tour_operator > food_tour,Food Tour
historical_tours,travel > tours > historical_tours,historical_tour,travel_and_transportation > travel_service > tour_operator > historical_tour,Historical Tour
hot_air_balloons_tour,attractions_and_activities > hot_air_balloons_tour,hot_air_balloons_tour,travel_and_transportation > travel_service > tour_operator > hot_air_balloons_tour,Hot Air Balloons Tour
scooter_tours,travel > tours > scooter_tours,scooter_tour,travel_and_transportation > travel_service > tour_operator > scooter_tour,Scooter Tour
sightseeing_tour_agency,travel > travel_services > travel_agents > sightseeing_tour_agency,sightseeing_tour_agency,travel_and_transportation > travel_service > tour_operator > sightseeing_tour_agency,Sightseeing Tour Agency
walking_tours,travel > tours > walking_tours,walking_tour,travel_and_transportation > travel_service > tour_operator > walking_tour,Walking Tour
whale_watching_tours,travel > tours > whale_watching_tours,whale_watching_tour,travel_and_transportation > travel_service > tour_operator > whale_watching_tour,Whale Watching Tour
wine_tours,travel > tours > wine_tours,wine_tour,travel_and_transportation > travel_service > tour_operator > wine_tour,Wine Tour
travel_agents,travel > travel_services > travel_agents,travel_agent,travel_and_transportation > travel_service > travel_agent,Travel Agent
vacation_rental_agents,travel > vacation_rental_agents,vacation_rental_agent,travel_and_transportation > travel_service > vacation_rental_agent,Vacation Rental Agent
visitor_center,travel > travel_services > visitor_center,visitor_center,travel_and_transportation > travel_service > visitor_center,Visitor Center
aircraft_repair,automotive > aircraft_services_and_repair,aircraft_service,travel_and_transportation > vehicle_service > aircraft_service,Aircraft Service
automotive_services_and_repair,automotive > automotive_services_and_repair,automotive_service,travel_and_transportation > vehicle_service > automotive_service,Automotive Service
auto_body_shop,automotive > automotive_services_and_repair > auto_body_shop,auto_body_shop,travel_and_transportation > vehicle_service > automotive_service > auto_body_shop,Auto Body Shop
auto_customization,automotive > automotive_services_and_repair > auto_customization,auto_customization,travel_and_transportation > vehicle_service > automotive_service > auto_customization,Auto Customization
auto_detailing,automotive > automotive_services_and_repair > auto_detailing,auto_detailing,travel_and_transportation > vehicle_service > automotive_service > auto_detailing,Auto Detailing
auto_glass_service,automotive > automotive_services_and_repair > auto_glass_service,auto_glass_service,travel_and_transportation > vehicle_service > automotive_service > auto_glass_service,Auto Glass Service
car_window_tinting,automotive > automotive_services_and_repair > auto_glass_service > car_window_tinting,car_window_tinting,travel_and_transportation > vehicle_service > automotive_service > auto_glass_service > car_window_tinting,Car Window Tinting
windshield_installation_and_repair,automotive > automotive_services_and_repair > windshield_installation_and_repair,windshield_installation_and_repair,travel_and_transportation > vehicle_service > automotive_service > auto_glass_service > windshield_installation_and_repair,Windshield Installation and Repair
auto_restoration_services,automotive > automotive_services_and_repair > auto_restoration_services,auto_restoration_service,travel_and_transportation > vehicle_service > automotive_service > auto_restoration_service,Auto Restoration Service
auto_security,automotive > automotive_services_and_repair > auto_security,auto_security,travel_and_transportation > vehicle_service > automotive_service > auto_security,Auto Security
auto_upholstery,automotive > automotive_services_and_repair > auto_upholstery,auto_upholstery,travel_and_transportation > vehicle_service > automotive_service > auto_upholstery,Auto Upholstery
automobile_registration_service,automotive > automotive_services_and_repair > automobile_registration_service,automobile_registration_service,travel_and_transportation > vehicle_service > automotive_service > automobile_registration_service,Automobile Registration Service
automotive_consultant,automotive > automotive_services_and_repair > automotive_consultant,automotive_consultant,travel_and_transportation > vehicle_service > automotive_service > automotive_consultant,Automotive Consultant
automotive_repair,automotive > automotive_repair,automotive_repair,travel_and_transportation > vehicle_service > automotive_service > automotive_repair,Automotive Repair
auto_electrical_repair,automotive > automotive_services_and_repair > auto_electrical_repair,auto_electrical_repair,travel_and_transportation > vehicle_service > automotive_service > automotive_repair > auto_electrical_repair,Auto Electrical Repair
brake_service_and_repair,automotive > automotive_services_and_repair > brake_service_and_repair,brake_service_and_repair,travel_and_transportation > vehicle_service > automotive_service > automotive_repair > brake_service_and_repair,Brake Service and Repair
diy_auto_shop,automotive > automotive_services_and_repair > diy_auto_shop,diy_auto_shop,travel_and_transportation > vehicle_service > automotive_service > automotive_repair > diy_auto_shop,DIY Auto Shop
engine_repair_service,automotive > automotive_services_and_repair > engine_repair_service,engine_repair_service,travel_and_transportation > vehicle_service > automotive_service > automotive_repair > engine_repair_service,Engine Repair Service
exhaust_and_muffler_repair,automotive > automotive_services_and_repair > exhaust_and_muffler_repair,exhaust_and_muffler_repair,travel_and_transportation > vehicle_service > automotive_service > automotive_repair > exhaust_and_muffler_repair,Exhaust and Muffler Repair
hybrid_car_repair,automotive > automotive_services_and_repair > hybrid_car_repair,hybrid_car_repair,travel_and_transportation > vehicle_service > automotive_service > automotive_repair > hybrid_car_repair,Hybrid Car Repair
motorsport_vehicle_repair,automotive > automotive_services_and_repair > motorsport_vehicle_repair,motorsport_vehicle_repair,travel_and_transportation > vehicle_service > automotive_service > automotive_repair > motorsport_vehicle_repair,Motorsport Vehicle Repair
tire_dealer_and_repair,automotive > automotive_services_and_repair > tire_dealer_and_repair,tire_dealer_and_repair,travel_and_transportation > vehicle_service > automotive_service > automotive_repair > tire_dealer_and_repair,Tire Dealer and Repair
trailer_repair,automotive > automotive_services_and_repair > trailer_repair,trailer_repair,travel_and_transportation > vehicle_service > automotive_service > automotive_repair > trailer_repair,Trailer Repair
transmission_repair,automotive > automotive_services_and_repair > transmission_repair,transmission_repair,travel_and_transportation > vehicle_service > automotive_service > automotive_repair > transmission_repair,Transmission Repair
wheel_and_rim_repair,automotive > automotive_services_and_repair > wheel_and_rim_repair,wheel_and_rim_repair,travel_and_transportation > vehicle_service > automotive_service > automotive_repair > wheel_and_rim_repair,Wheel and Rim Repair
automotive_wheel_polishing_service,automotive > automotive_services_and_repair > automotive_wheel_polishing_service,automotive_wheel_polishing_service,travel_and_transportation > vehicle_service > automotive_service > automotive_wheel_polishing_service,Automotive Wheel Polishing Service
car_buyer,automotive > car_buyer,car_buyer,travel_and_transportation > vehicle_service > automotive_service > car_buyer,Car Buyer
car_inspection,automotive > automotive_services_and_repair > car_inspection,car_inspection,travel_and_transportation > vehicle_service > automotive_service > car_inspection,Car Inspection
car_stereo_installation,automotive > automotive_services_and_repair > car_stereo_installation,car_stereo_installation,travel_and_transportation > vehicle_service > automotive_service > car_stereo_installation,Car Stereo Installation
car_wash,automotive > automotive_services_and_repair > car_wash,car_wash,travel_and_transportation > vehicle_service > automotive_service > car_wash,Car Wash
emergency_roadside_service,automotive > automotive_services_and_repair > roadside_assistance > emergency_roadside_service,emergency_roadside_service,travel_and_transportation > vehicle_service > automotive_service > emergency_roadside_service,Emergency Roadside Service
emissions_inspection,automotive > automotive_services_and_repair > emissions_inspection,emissions_inspection,travel_and_transportation > vehicle_service > automotive_service > emissions_inspection,Emissions Inspection
oil_change_station,automotive > automotive_services_and_repair > oil_change_station,oil_change_station,travel_and_transportation > vehicle_service > automotive_service > oil_change_station,Oil Change Station
tire_shop,retail > tire_shop,tire_shop,travel_and_transportation > vehicle_service > automotive_service > tire_shop,Tire Shop
towing_service,automotive > automotive_services_and_repair > towing_service,towing_service,travel_and_transportation > vehicle_service > automotive_service > towing_service,Towing Service
truck_repair,automotive > automotive_services_and_repair > truck_repair,truck_repair,travel_and_transportation > vehicle_service > automotive_service > truck_repair,Truck Repair
vehicle_wrap,automotive > automotive_services_and_repair > vehicle_wrap,vehicle_wrap,travel_and_transportation > vehicle_service > automotive_service > vehicle_wrap,Vehicle Wrap
boat_service_and_repair,automotive > boat_service_and_repair,boat_service,travel_and_transportation > vehicle_service > boat_service,Boat Service
mooring_service,professional_services > mooring_service,mooring_service,travel_and_transportation > vehicle_service > boat_service > mooring_service,Mooring Service
delegated_driver_service,professional_services > delegated_driver_service,delegated_driver_service,travel_and_transportation > vehicle_service > delegated_driver_service,Delegated Driver Service
motorcycle_repair,automotive > automotive_services_and_repair > motorcycle_repair,motorcycle_repair,travel_and_transportation > vehicle_service > motorcycle_service > motorcycle_repair,Motorcycle Repair
recreation_vehicle_repair,automotive > automotive_services_and_repair > recreation_vehicle_repair,recreation_vehicle_repair,travel_and_transportation > vehicle_service > recreation_vehicle_service > recreation_vehicle_repair,Recreation Vehicle Repair
roadside_assistance,automotive > automotive_services_and_repair > roadside_assistance,roadside_assistance,travel_and_transportation > vehicle_service > roadside_assistance,Roadside Assistance
mobile_dent_repair,automotive > automotive_services_and_repair > roadside_assistance > mobile_dent_repair,mobile_dent_repair,travel_and_transportation > vehicle_service > roadside_assistance > mobile_dent_repair,Mobile Dent Repair
ferry_service,travel > transportation > ferry_service,ferry_service,travel_and_transportation > water_transport_facility_or_service > ferry_service,Ferry Service
water_taxi,travel > transportation > water_taxi,water_taxi_service,travel_and_transportation > water_transport_facility_or_service > water_taxi_service,Water Taxi Service
