path,name,displayName,level,group,isBasic,basicCategory,count
arts_and_entertainment,arts_and_entertainment,Arts and Entertainment,0,arts_and_entertainment,true,arts_and_entertainment,300372
arts_and_entertainment > amusement_attraction,amusement_attraction,Amusement Attraction,1,arts_and_entertainment,true,amusement_attraction,
arts_and_entertainment > amusement_attraction > amusement_park,amusement_park,Amusement Park,2,arts_and_entertainment,true,amusement_park,43182
arts_and_entertainment > amusement_attraction > carnival_venue,carnival_venue,Carnival Venue,2,arts_and_entertainment,false,amusement_attraction,
arts_and_entertainment > amusement_attraction > carousel,carousel,Carousel,2,arts_and_entertainment,false,amusement_attraction,7
arts_and_entertainment > amusement_attraction > circus_venue,circus_venue,Circus Venue,2,arts_and_entertainment,false,amusement_attraction,3854
arts_and_entertainment > amusement_attraction > haunted_house,haunted_house,Haunted House,2,arts_and_entertainment,false,amusement_attraction,2780
arts_and_entertainment > animal_attraction,animal_attraction,Animal Attraction,1,arts_and_entertainment,true,animal_attraction,
arts_and_entertainment > animal_attraction > aquarium,aquarium,Aquarium,2,arts_and_entertainment,true,aquarium,6904
arts_and_entertainment > animal_attraction > wildlife_sanctuary,wildlife_sanctuary,Wildlife Sanctuary,2,arts_and_entertainment,false,animal_attraction,10715
arts_and_entertainment > animal_attraction > zoo,zoo,Zoo,2,arts_and_entertainment,true,zoo,9589
arts_and_entertainment > animal_attraction > zoo > petting_zoo,petting_zoo,Petting Zoo,3,arts_and_entertainment,false,zoo,2921
arts_and_entertainment > animal_attraction > zoo > zoo_exhibit,zoo_exhibit,Zoo Exhibit,3,arts_and_entertainment,false,zoo,
arts_and_entertainment > arts_and_crafts_space,arts_and_crafts_space,Arts and Crafts Space,1,arts_and_entertainment,true,arts_and_crafts_space,15
arts_and_entertainment > arts_and_crafts_space > art_gallery,art_gallery,Art Gallery,2,arts_and_entertainment,true,art_gallery,150708
arts_and_entertainment > arts_and_crafts_space > artist_studio,artist_studio,Artist Studio,2,arts_and_entertainment,false,arts_and_crafts_space,
arts_and_entertainment > arts_and_crafts_space > glass_blowing_venue,glass_blowing_venue,Glass Blowing Venue,2,arts_and_entertainment,false,arts_and_crafts_space,2481
arts_and_entertainment > arts_and_crafts_space > paint_and_sip_venue,paint_and_sip_venue,Paint and Sip Venue,2,arts_and_entertainment,false,arts_and_crafts_space,313
arts_and_entertainment > arts_and_crafts_space > paint_your_own_pottery_venue,paint_your_own_pottery_venue,Paint Your Own Pottery Venue,2,arts_and_entertainment,false,arts_and_crafts_space,183
arts_and_entertainment > arts_and_crafts_space > sculpture_park,sculpture_park,Sculpture Park,2,arts_and_entertainment,false,arts_and_crafts_space,
arts_and_entertainment > arts_and_crafts_space > sculpture_statue,sculpture_statue,Sculpture Statue,2,arts_and_entertainment,true,sculpture_statue,4327
arts_and_entertainment > arts_and_crafts_space > street_art,street_art,Street Art,2,arts_and_entertainment,true,street_art,1329
arts_and_entertainment > event_venue,event_venue,Event Venue,1,arts_and_entertainment,true,event_venue,22534
arts_and_entertainment > event_venue > auditorium,auditorium,Auditorium,2,arts_and_entertainment,false,event_venue,19652
arts_and_entertainment > event_venue > exhibition_and_trade_fair_venue,exhibition_and_trade_fair_venue,Exhibition and Trade Fair Venue,2,arts_and_entertainment,false,event_venue,2303
arts_and_entertainment > festival_venue,festival_venue,Festival Venue,1,arts_and_entertainment,true,festival_venue,3327
arts_and_entertainment > festival_venue > fairgrounds,fairgrounds,Fairgrounds,2,arts_and_entertainment,true,fairgrounds,10464
arts_and_entertainment > festival_venue > film_festival_venue,film_festival_venue,Film Festival Venue,2,arts_and_entertainment,false,festival_venue,79
arts_and_entertainment > festival_venue > music_festival_venue,music_festival_venue,Music Festival Venue,2,arts_and_entertainment,false,festival_venue,69
arts_and_entertainment > gaming_venue,gaming_venue,Gaming Venue,1,arts_and_entertainment,true,gaming_venue,
arts_and_entertainment > gaming_venue > arcade,arcade,Arcade,2,arts_and_entertainment,true,arcade,29707
arts_and_entertainment > gaming_venue > betting_center,betting_center,Betting Center,2,arts_and_entertainment,false,gaming_venue,17181
arts_and_entertainment > gaming_venue > bingo_hall,bingo_hall,Bingo Hall,2,arts_and_entertainment,false,gaming_venue,3073
arts_and_entertainment > gaming_venue > casino,casino,Casino,2,arts_and_entertainment,true,casino,31753
arts_and_entertainment > gaming_venue > escape_room,escape_room,Escape Room,2,arts_and_entertainment,false,gaming_venue,9907
arts_and_entertainment > gaming_venue > lottery_vendor,lottery_vendor,Lottery Vendor,2,arts_and_entertainment,false,gaming_venue,15960
arts_and_entertainment > gaming_venue > scavenger_hunt,scavenger_hunt,Scavenger Hunt,2,arts_and_entertainment,false,gaming_venue,17
arts_and_entertainment > movie_theater,movie_theater,Movie Theater,1,arts_and_entertainment,true,movie_theater,59201
arts_and_entertainment > movie_theater > drive_in_theater,drive_in_theater,Drive-In Theater,2,arts_and_entertainment,false,movie_theater,3110
arts_and_entertainment > movie_theater > outdoor_movie_space,outdoor_movie_space,Outdoor Movie Space,2,arts_and_entertainment,false,movie_theater,65
arts_and_entertainment > museum,museum,Museum,1,arts_and_entertainment,true,museum,76188
arts_and_entertainment > museum > art_museum,art_museum,Art Museum,2,arts_and_entertainment,false,museum,13036
arts_and_entertainment > museum > art_museum > asian_art_museum,asian_art_museum,Asian Art Museum,3,arts_and_entertainment,false,museum,108
arts_and_entertainment > museum > art_museum > cartooning_museum,cartooning_museum,Cartooning Museum,3,arts_and_entertainment,false,museum,69
arts_and_entertainment > museum > art_museum > contemporary_art_museum,contemporary_art_museum,Contemporary Art Museum,3,arts_and_entertainment,false,museum,1189
arts_and_entertainment > museum > art_museum > costume_museum,costume_museum,Costume Museum,3,arts_and_entertainment,false,museum,131
arts_and_entertainment > museum > art_museum > decorative_arts_museum,decorative_arts_museum,Decorative Arts Museum,3,arts_and_entertainment,false,museum,184
arts_and_entertainment > museum > art_museum > design_museum,design_museum,Design Museum,3,arts_and_entertainment,false,museum,407
arts_and_entertainment > museum > art_museum > modern_art_museum,modern_art_museum,Modern Art Museum,3,arts_and_entertainment,false,museum,967
arts_and_entertainment > museum > art_museum > photography_museum,photography_museum,Photography Museum,3,arts_and_entertainment,false,museum,209
arts_and_entertainment > museum > art_museum > textile_museum,textile_museum,Textile Museum,3,arts_and_entertainment,false,museum,418
arts_and_entertainment > museum > aviation_museum,aviation_museum,Aviation Museum,2,arts_and_entertainment,false,museum,607
arts_and_entertainment > museum > childrens_museum,childrens_museum,Children's Museum,2,arts_and_entertainment,false,museum,1571
arts_and_entertainment > museum > history_museum,history_museum,History Museum,2,arts_and_entertainment,false,museum,36377
arts_and_entertainment > museum > history_museum > civilization_museum,civilization_museum,Civilization Museum,3,arts_and_entertainment,false,museum,513
arts_and_entertainment > museum > history_museum > community_museum,community_museum,Community Museum,3,arts_and_entertainment,false,museum,2362
arts_and_entertainment > museum > military_museum,military_museum,Military Museum,2,arts_and_entertainment,false,museum,34
arts_and_entertainment > museum > national_museum,national_museum,National Museum,2,arts_and_entertainment,false,museum,8
arts_and_entertainment > museum > science_museum,science_museum,Science Museum,2,arts_and_entertainment,false,museum,2934
arts_and_entertainment > museum > science_museum > computer_museum,computer_museum,Computer Museum,3,arts_and_entertainment,false,museum,494
arts_and_entertainment > museum > sports_museum,sports_museum,Sports Museum,2,arts_and_entertainment,false,museum,475
arts_and_entertainment > museum > state_museum,state_museum,State Museum,2,arts_and_entertainment,false,museum,201
arts_and_entertainment > nightlife_venue,nightlife_venue,Nightlife Venue,1,arts_and_entertainment,true,nightlife_venue,
arts_and_entertainment > nightlife_venue > adult_entertainment_venue,adult_entertainment_venue,Adult Entertainment Venue,2,arts_and_entertainment,true,adult_entertainment_venue,11462
arts_and_entertainment > nightlife_venue > adult_entertainment_venue > erotic_massage_venue,erotic_massage_venue,Erotic Massage Venue,3,arts_and_entertainment,false,adult_entertainment_venue,218
arts_and_entertainment > nightlife_venue > adult_entertainment_venue > strip_club,strip_club,Strip Club,3,arts_and_entertainment,false,adult_entertainment_venue,795
arts_and_entertainment > nightlife_venue > bar_crawl,bar_crawl,Bar Crawl,2,arts_and_entertainment,false,nightlife_venue,16
arts_and_entertainment > nightlife_venue > club_crawl,club_crawl,Club Crawl,2,arts_and_entertainment,false,nightlife_venue,8
arts_and_entertainment > nightlife_venue > dance_club,dance_club,Dance Club,2,arts_and_entertainment,true,dance_club,85287
arts_and_entertainment > nightlife_venue > dance_club > salsa_club,salsa_club,Salsa Club,3,arts_and_entertainment,false,dance_club,1210
arts_and_entertainment > performing_arts_venue,performing_arts_venue,Performing Arts Venue,1,arts_and_entertainment,true,performing_arts_venue,20329
arts_and_entertainment > performing_arts_venue > amphitheater,amphitheater,Amphitheater,2,arts_and_entertainment,false,performing_arts_venue,
arts_and_entertainment > performing_arts_venue > cabaret,cabaret,Cabaret,2,arts_and_entertainment,false,performing_arts_venue,36
arts_and_entertainment > performing_arts_venue > comedy_club,comedy_club,Comedy Club,2,arts_and_entertainment,true,comedy_club,7335
arts_and_entertainment > performing_arts_venue > music_venue,music_venue,Music Venue,2,arts_and_entertainment,true,music_venue,187181
arts_and_entertainment > performing_arts_venue > music_venue > band_orchestra_symphony,band_orchestra_symphony,Band Orchestra Symphony,3,arts_and_entertainment,false,music_venue,420
arts_and_entertainment > performing_arts_venue > music_venue > choir,choir,Choir,3,arts_and_entertainment,false,music_venue,3809
arts_and_entertainment > performing_arts_venue > music_venue > jazz_and_blues_venue,jazz_and_blues_venue,Jazz and Blues Venue,3,arts_and_entertainment,false,music_venue,3219
arts_and_entertainment > performing_arts_venue > music_venue > karaoke_venue,karaoke_venue,Karaoke Venue,3,arts_and_entertainment,false,music_venue,29368
arts_and_entertainment > performing_arts_venue > music_venue > opera_and_ballet,opera_and_ballet,Opera and Ballet,3,arts_and_entertainment,false,music_venue,1242
arts_and_entertainment > performing_arts_venue > theatre_venue,theatre_venue,Theatre Venue,2,arts_and_entertainment,true,theatre_venue,53142
arts_and_entertainment > performing_arts_venue > theatre_venue > dinner_theater,dinner_theater,Dinner Theater,3,arts_and_entertainment,false,theatre_venue,352
arts_and_entertainment > rural_attraction,rural_attraction,Rural Attraction,1,arts_and_entertainment,true,rural_attraction,
arts_and_entertainment > rural_attraction > attraction_farm,attraction_farm,Attraction Farm,2,arts_and_entertainment,false,rural_attraction,131
arts_and_entertainment > rural_attraction > corn_maze,corn_maze,Corn Maze,2,arts_and_entertainment,false,rural_attraction,
arts_and_entertainment > rural_attraction > country_dance_hall,country_dance_hall,Country Dance Hall,2,arts_and_entertainment,false,rural_attraction,91
arts_and_entertainment > rural_attraction > pumpkin_patch,pumpkin_patch,Pumpkin Patch,2,arts_and_entertainment,false,rural_attraction,145
arts_and_entertainment > rural_attraction > rodeo,rodeo,Rodeo,2,arts_and_entertainment,true,rodeo,2190
arts_and_entertainment > science_attraction,science_attraction,Science Attraction,1,arts_and_entertainment,true,science_attraction,
arts_and_entertainment > science_attraction > makerspace,makerspace,Makerspace,2,arts_and_entertainment,true,makerspace,128
arts_and_entertainment > science_attraction > observatory,observatory,Observatory,2,arts_and_entertainment,false,science_attraction,2998
arts_and_entertainment > science_attraction > planetarium,planetarium,Planetarium,2,arts_and_entertainment,true,planetarium,1372
arts_and_entertainment > science_attraction > virtual_reality_center,virtual_reality_center,Virtual Reality Center,2,arts_and_entertainment,false,science_attraction,105
arts_and_entertainment > science_attraction > virtual_reality_center > vr_cafe,vr_cafe,VR Cafe,3,arts_and_entertainment,false,science_attraction,
arts_and_entertainment > social_club,social_club,Social Club,1,arts_and_entertainment,true,social_club,9343
arts_and_entertainment > social_club > country_club,country_club,Country Club,2,arts_and_entertainment,true,country_club,989
arts_and_entertainment > social_club > fraternal_organization,fraternal_organization,Fraternal Organization,2,arts_and_entertainment,false,social_club,2248
arts_and_entertainment > social_club > veterans_organization,veterans_organization,Veterans Organization,2,arts_and_entertainment,false,social_club,2871
arts_and_entertainment > spiritual_advising,spiritual_advising,Spiritual Advising,1,arts_and_entertainment,true,spiritual_advising,234
arts_and_entertainment > spiritual_advising > astrological_advising,astrological_advising,Astrological Advising,2,arts_and_entertainment,true,astrological_advising,7919
arts_and_entertainment > spiritual_advising > fortune_telling,fortune_telling,Fortune Telling,2,arts_and_entertainment,false,spiritual_advising,74
arts_and_entertainment > spiritual_advising > psychic_advising,psychic_advising,Psychic Advising,2,arts_and_entertainment,true,psychic_advising,16324
arts_and_entertainment > stadium_arena,stadium_arena,Stadium Arena,1,arts_and_entertainment,true,stadium_arena,92811
arts_and_entertainment > stadium_arena > arena,arena,Arena,2,arts_and_entertainment,false,stadium_arena,
arts_and_entertainment > stadium_arena > stadium,stadium,Stadium,2,arts_and_entertainment,false,stadium_arena,
arts_and_entertainment > stadium_arena > stadium > baseball_stadium,baseball_stadium,Baseball Stadium,3,arts_and_entertainment,false,stadium_arena,1671
arts_and_entertainment > stadium_arena > stadium > basketball_stadium,basketball_stadium,Basketball Stadium,3,arts_and_entertainment,false,stadium_arena,861
arts_and_entertainment > stadium_arena > stadium > cricket_ground,cricket_ground,Cricket Ground,3,arts_and_entertainment,false,stadium_arena,5315
arts_and_entertainment > stadium_arena > stadium > football_stadium,football_stadium,Football Stadium,3,arts_and_entertainment,false,stadium_arena,9034
arts_and_entertainment > stadium_arena > stadium > hockey_arena,hockey_arena,Hockey Arena,3,arts_and_entertainment,false,stadium_arena,1304
arts_and_entertainment > stadium_arena > stadium > rugby_stadium,rugby_stadium,Rugby Stadium,3,arts_and_entertainment,false,stadium_arena,572
arts_and_entertainment > stadium_arena > stadium > soccer_stadium,soccer_stadium,Soccer Stadium,3,arts_and_entertainment,false,stadium_arena,7758
arts_and_entertainment > stadium_arena > stadium > tennis_stadium,tennis_stadium,Tennis Stadium,3,arts_and_entertainment,false,stadium_arena,699
arts_and_entertainment > stadium_arena > stadium > track_stadium,track_stadium,Track Stadium,3,arts_and_entertainment,false,stadium_arena,2042
arts_and_entertainment > ticket_office_or_booth,ticket_office_or_booth,Ticket Office or Booth,1,arts_and_entertainment,true,ticket_office_or_booth,1059
community_and_government,community_and_government,Community and Government,0,community_and_government,true,community_and_government,232773
community_and_government > civic_organization,civic_organization,Civic Organization,1,community_and_government,true,civic_organization,53685
community_and_government > civic_organization > charity_organization,charity_organization,Charity Organization,2,community_and_government,false,civic_organization,114253
community_and_government > civic_organization > civic_center,civic_center,Civic Center,2,community_and_government,true,civic_center,559
community_and_government > civic_organization > labor_union,labor_union,Labor Union,2,community_and_government,true,labor_union,28433
community_and_government > civic_organization > non_governmental_association,non_governmental_association,Non Governmental Association,2,community_and_government,false,civic_organization,57140
community_and_government > civic_organization > political_organization,political_organization,Political Organization,2,community_and_government,true,political_organization,26869
community_and_government > civic_organization > political_organization > political_party_office,political_party_office,Political Party Office,3,community_and_government,false,political_organization,15780
community_and_government > government_office,government_office,Government Office,1,community_and_government,true,government_office,522622
community_and_government > government_office > chambers_of_commerce,chambers_of_commerce,Chambers of Commerce,2,community_and_government,false,government_office,1909
community_and_government > government_office > courthouse,courthouse,Courthouse,2,community_and_government,true,courthouse,34811
community_and_government > government_office > embassy,embassy,Embassy,2,community_and_government,true,embassy,16931
community_and_government > government_office > government_department,government_department,Government Department,2,community_and_government,true,government_department,
community_and_government > government_office > government_department > department_of_motor_vehicles,department_of_motor_vehicles,Department of Motor Vehicles,3,community_and_government,false,government_department,9426
community_and_government > government_office > government_department > department_of_social_service,department_of_social_service,Department of Social Service,3,community_and_government,false,government_department,171
community_and_government > government_office > government_department > health_department,health_department,Health Department,3,community_and_government,false,government_department,5845
community_and_government > government_office > immigration_and_naturalization_office,immigration_and_naturalization_office,Immigration and Naturalization Office,2,community_and_government,false,government_office,778
community_and_government > government_office > national_security_service,national_security_service,National Security Service,2,community_and_government,false,government_office,7
community_and_government > government_office > office_of_vital_records,office_of_vital_records,Office of Vital Records,2,community_and_government,false,government_office,10
community_and_government > government_office > pension_office,pension_office,Pension Office,2,community_and_government,false,government_office,316
community_and_government > government_office > registry_office,registry_office,Registry Office,2,community_and_government,false,government_office,222
community_and_government > government_office > social_security_service,social_security_service,Social Security Service,2,community_and_government,false,government_office,1081
community_and_government > government_office > tax_office,tax_office,Tax Office,2,community_and_government,false,government_office,2046
community_and_government > government_office > town_hall,town_hall,Town Hall,2,community_and_government,false,government_office,88703
community_and_government > government_office > unemployment_office,unemployment_office,Unemployment Office,2,community_and_government,false,government_office,147
community_and_government > military_site,military_site,Military Site,1,community_and_government,true,military_site,35584
community_and_government > military_site > military_base,military_base,Military Base,2,community_and_government,true,military_base,
community_and_government > military_site > military_office,military_office,Military Office,2,community_and_government,true,military_office,
community_and_government > public_facility,public_facility,Public Facility,1,community_and_government,true,public_facility,
community_and_government > public_facility > public_fountain,public_fountain,Public Fountain,2,community_and_government,true,public_fountain,11910
community_and_government > public_facility > public_fountain > drinking_fountain,drinking_fountain,Drinking Fountain,3,community_and_government,false,public_fountain,108
community_and_government > public_facility > public_pathway,public_pathway,Public Pathway,2,community_and_government,true,public_pathway,
community_and_government > public_facility > public_phone,public_phone,Public Phone,2,community_and_government,false,public_facility,2
community_and_government > public_facility > public_plaza,public_plaza,Public Plaza,2,community_and_government,true,public_plaza,62362
community_and_government > public_facility > public_restroom,public_restroom,Public Restroom,2,community_and_government,true,public_restroom,4616
community_and_government > public_safety_service,public_safety_service,Public Safety Service,1,community_and_government,true,public_safety_service,
community_and_government > public_safety_service > fire_station,fire_station,Fire Station,2,community_and_government,true,fire_station,83675
community_and_government > public_safety_service > jail_or_prison,jail_or_prison,Jail or Prison,2,community_and_government,true,jail_or_prison,9083
community_and_government > public_safety_service > jail_or_prison > juvenile_detention_center,juvenile_detention_center,Juvenile Detention Center,3,community_and_government,false,jail_or_prison,110
community_and_government > public_safety_service > police_station,police_station,Police Station,2,community_and_government,true,police_station,97337
community_and_government > public_utility,public_utility,Public Utility,1,community_and_government,true,public_utility,14646
community_and_government > public_utility > electric_utility_provider,electric_utility_provider,Electric Utility Provider,2,community_and_government,true,electric_utility_provider,23290
community_and_government > public_utility > garbage_collection_service,garbage_collection_service,Garbage Collection Service,2,community_and_government,false,public_utility,48292
community_and_government > public_utility > natural_gas_utility_provider,natural_gas_utility_provider,Natural Gas Utility Provider,2,community_and_government,true,natural_gas_utility_provider,10233
community_and_government > public_utility > septic_service,septic_service,Septic Service,2,community_and_government,false,public_utility,7980
community_and_government > public_utility > water_utility_provider,water_utility_provider,Water Utility Provider,2,community_and_government,true,water_utility_provider,17658
community_and_government > social_or_community_service,social_or_community_service,Social or Community Service,1,community_and_government,true,social_or_community_service,821250
community_and_government > social_or_community_service > child_protection_service,child_protection_service,Child Protection Service,2,community_and_government,false,social_or_community_service,1522
community_and_government > social_or_community_service > community_center,community_center,Community Center,2,community_and_government,true,community_center,106008
community_and_government > social_or_community_service > disability_services_and_support_organization,disability_services_and_support_organization,Disability Services and Support Organization,2,community_and_government,false,social_or_community_service,23286
community_and_government > social_or_community_service > food_bank,food_bank,Food Bank,2,community_and_government,true,food_bank,8346
community_and_government > social_or_community_service > foster_care_service,foster_care_service,Foster Care Service,2,community_and_government,false,social_or_community_service,1922
community_and_government > social_or_community_service > gay_and_lesbian_services_organization,gay_and_lesbian_services_organization,Gay and Lesbian Services Organization,2,community_and_government,false,social_or_community_service,163
community_and_government > social_or_community_service > homeless_shelter,homeless_shelter,Homeless Shelter,2,community_and_government,false,social_or_community_service,7095
community_and_government > social_or_community_service > housing_authority,housing_authority,Housing Authority,2,community_and_government,false,social_or_community_service,9404
community_and_government > social_or_community_service > scout_hall,scout_hall,Scout Hall,2,community_and_government,false,social_or_community_service,9413
community_and_government > social_or_community_service > senior_citizen_service,senior_citizen_service,Senior Citizen Service,2,community_and_government,false,social_or_community_service,17107
community_and_government > social_or_community_service > social_and_human_service,social_and_human_service,Social and Human Service,2,community_and_government,false,social_or_community_service,16422
community_and_government > social_or_community_service > social_welfare_center,social_welfare_center,Social Welfare Center,2,community_and_government,false,social_or_community_service,604
community_and_government > social_or_community_service > volunteer_association,volunteer_association,Volunteer Association,2,community_and_government,false,social_or_community_service,1003
community_and_government > social_or_community_service > youth_organization,youth_organization,Youth Organization,2,community_and_government,true,youth_organization,57839
cultural_and_historic,cultural_and_historic,Cultural and Historic,0,cultural_and_historic,true,cultural_and_historic,
cultural_and_historic > cultural_center,cultural_center,Cultural Center,1,cultural_and_historic,true,cultural_center,51870
cultural_and_historic > historic_site,historic_site,Historic Site,1,cultural_and_historic,true,historic_site,998562
cultural_and_historic > historic_site > castle,castle,Castle,2,cultural_and_historic,true,castle,15319
cultural_and_historic > historic_site > fort,fort,Fort,2,cultural_and_historic,true,fort,2330
cultural_and_historic > historic_site > historic_mission,historic_mission,Historic Mission,2,cultural_and_historic,false,historic_site,2116
cultural_and_historic > historic_site > historic_tower,historic_tower,Historic Tower,2,cultural_and_historic,false,historic_site,10
cultural_and_historic > historic_site > lighthouse,lighthouse,Lighthouse,2,cultural_and_historic,true,lighthouse,3747
cultural_and_historic > historic_site > palace,palace,Palace,2,cultural_and_historic,false,historic_site,5324
cultural_and_historic > historic_site > ruin,ruin,Ruin,2,cultural_and_historic,false,historic_site,29
cultural_and_historic > memorial_site,memorial_site,Memorial Site,1,cultural_and_historic,true,memorial_site,
cultural_and_historic > memorial_site > cemetery,cemetery,Cemetery,2,cultural_and_historic,true,cemetery,3078
cultural_and_historic > memorial_site > memorial_park,memorial_park,Memorial Park,2,cultural_and_historic,false,memorial_site,126
cultural_and_historic > memorial_site > monument,monument,Monument,2,cultural_and_historic,true,monument,46824
cultural_and_historic > place_of_worship,place_of_worship,Place of Worship,1,cultural_and_historic,true,place_of_worship,1408
cultural_and_historic > place_of_worship > buddhist_place_of_worship,buddhist_place_of_worship,Buddhist Place of Worship,2,cultural_and_historic,true,buddhist_place_of_worship,110363
cultural_and_historic > place_of_worship > buddhist_place_of_worship > mahayana_buddhist_place_of_worship,mahayana_buddhist_place_of_worship,Mahayana Buddhist Place of Worship,3,cultural_and_historic,false,buddhist_place_of_worship,
cultural_and_historic > place_of_worship > buddhist_place_of_worship > mahayana_buddhist_place_of_worship > nichiren_buddhist_place_of_worship,nichiren_buddhist_place_of_worship,Nichiren Buddhist Place of Worship,4,cultural_and_historic,false,buddhist_place_of_worship,
cultural_and_historic > place_of_worship > buddhist_place_of_worship > mahayana_buddhist_place_of_worship > pure_land_buddhist_place_of_worship,pure_land_buddhist_place_of_worship,Pure Land Buddhist Place of Worship,4,cultural_and_historic,false,buddhist_place_of_worship,
cultural_and_historic > place_of_worship > buddhist_place_of_worship > mahayana_buddhist_place_of_worship > zen_buddhist_place_of_worship,zen_buddhist_place_of_worship,Zen Buddhist Place of Worship,4,cultural_and_historic,false,buddhist_place_of_worship,
cultural_and_historic > place_of_worship > buddhist_place_of_worship > theravada_buddhist_place_of_worship,theravada_buddhist_place_of_worship,Theravada Buddhist Place of Worship,3,cultural_and_historic,false,buddhist_place_of_worship,
cultural_and_historic > place_of_worship > buddhist_place_of_worship > vajrayana_buddhist_place_of_worship,vajrayana_buddhist_place_of_worship,Vajrayana Buddhist Place of Worship,3,cultural_and_historic,false,buddhist_place_of_worship,
cultural_and_historic > place_of_worship > christian_place_of_worship,christian_place_of_worship,Christian Place of Worship,2,cultural_and_historic,true,christian_place_of_worship,862941
cultural_and_historic > place_of_worship > christian_place_of_worship > church_of_the_east_place_of_worship,church_of_the_east_place_of_worship,Church of the East Place of Worship,3,cultural_and_historic,false,christian_place_of_worship,
cultural_and_historic > place_of_worship > christian_place_of_worship > eastern_orthodox_place_of_worship,eastern_orthodox_place_of_worship,Eastern Orthodox Place of Worship,3,cultural_and_historic,false,christian_place_of_worship,
cultural_and_historic > place_of_worship > christian_place_of_worship > eastern_orthodox_place_of_worship > antiochan_orthodox_place_of_worship,antiochan_orthodox_place_of_worship,Antiochan Orthodox Place of Worship,4,cultural_and_historic,false,christian_place_of_worship,
cultural_and_historic > place_of_worship > christian_place_of_worship > eastern_orthodox_place_of_worship > bulgarian_orthodox_place_of_worship,bulgarian_orthodox_place_of_worship,Bulgarian Orthodox Place of Worship,4,cultural_and_historic,false,christian_place_of_worship,
cultural_and_historic > place_of_worship > christian_place_of_worship > eastern_orthodox_place_of_worship > georgian_orthodox_place_of_worship,georgian_orthodox_place_of_worship,Georgian Orthodox Place of Worship,4,cultural_and_historic,false,christian_place_of_worship,
cultural_and_historic > place_of_worship > christian_place_of_worship > eastern_orthodox_place_of_worship > greek_orthodox_place_of_worship,greek_orthodox_place_of_worship,Greek Orthodox Place of Worship,4,cultural_and_historic,false,christian_place_of_worship,
cultural_and_historic > place_of_worship > christian_place_of_worship > eastern_orthodox_place_of_worship > romanian_orthodox_place_of_worship,romanian_orthodox_place_of_worship,Romanian Orthodox Place of Worship,4,cultural_and_historic,false,christian_place_of_worship,
cultural_and_historic > place_of_worship > christian_place_of_worship > eastern_orthodox_place_of_worship > russian_orthodox_place_of_worship,russian_orthodox_place_of_worship,Russian Orthodox Place of Worship,4,cultural_and_historic,false,christian_place_of_worship,
cultural_and_historic > place_of_worship > christian_place_of_worship > eastern_orthodox_place_of_worship > serbian_orthodox_place_of_worship,serbian_orthodox_place_of_worship,Serbian Orthodox Place of Worship,4,cultural_and_historic,false,christian_place_of_worship,
cultural_and_historic > place_of_worship > christian_place_of_worship > oriental_orthodox_place_of_worship,oriental_orthodox_place_of_worship,Oriental Orthodox Place of Worship,3,cultural_and_historic,false,christian_place_of_worship,
cultural_and_historic > place_of_worship > christian_place_of_worship > oriental_orthodox_place_of_worship > armenian_apostolic_place_of_worship,armenian_apostolic_place_of_worship,Armenian Apostolic Place of Worship,4,cultural_and_historic,false,christian_place_of_worship,
cultural_and_historic > place_of_worship > christian_place_of_worship > oriental_orthodox_place_of_worship > coptic_orthodox_place_of_worship,coptic_orthodox_place_of_worship,Coptic Orthodox Place of Worship,4,cultural_and_historic,false,christian_place_of_worship,
cultural_and_historic > place_of_worship > christian_place_of_worship > oriental_orthodox_place_of_worship > eritrean_orthodox_tewahedo_place_of_worship,eritrean_orthodox_tewahedo_place_of_worship,Eritrean Orthodox Tewahedo Place of Worship,4,cultural_and_historic,false,christian_place_of_worship,
cultural_and_historic > place_of_worship > christian_place_of_worship > oriental_orthodox_place_of_worship > ethiopian_orthodox_tewahedo_place_of_worship,ethiopian_orthodox_tewahedo_place_of_worship,Ethiopian Orthodox Tewahedo Place of Worship,4,cultural_and_historic,false,christian_place_of_worship,
cultural_and_historic > place_of_worship > christian_place_of_worship > oriental_orthodox_place_of_worship > malankara_orthodox_syrian_place_of_worship,malankara_orthodox_syrian_place_of_worship,Malankara Orthodox Syrian Place of Worship,4,cultural_and_historic,false,christian_place_of_worship,
cultural_and_historic > place_of_worship > christian_place_of_worship > oriental_orthodox_place_of_worship > syriac_orthodox_place_of_worship,syriac_orthodox_place_of_worship,Syriac Orthodox Place of Worship,4,cultural_and_historic,false,christian_place_of_worship,
cultural_and_historic > place_of_worship > christian_place_of_worship > protestant_place_of_worship,protestant_place_of_worship,Protestant Place of Worship,3,cultural_and_historic,false,christian_place_of_worship,42812
cultural_and_historic > place_of_worship > christian_place_of_worship > protestant_place_of_worship > adventist_place_of_worship,adventist_place_of_worship,Adventist Place of Worship,4,cultural_and_historic,false,christian_place_of_worship,
cultural_and_historic > place_of_worship > christian_place_of_worship > protestant_place_of_worship > anabaptist_place_of_worship,anabaptist_place_of_worship,Anabaptist Place of Worship,4,cultural_and_historic,false,christian_place_of_worship,
cultural_and_historic > place_of_worship > christian_place_of_worship > protestant_place_of_worship > anglican_or_episcopal_place_of_worship,anglican_or_episcopal_place_of_worship,Anglican or Episcopal Place of Worship,4,cultural_and_historic,false,christian_place_of_worship,24881
cultural_and_historic > place_of_worship > christian_place_of_worship > protestant_place_of_worship > baptist_place_of_worship,baptist_place_of_worship,Baptist Place of Worship,4,cultural_and_historic,false,christian_place_of_worship,103210
cultural_and_historic > place_of_worship > christian_place_of_worship > protestant_place_of_worship > lutheran_place_of_worship,lutheran_place_of_worship,Lutheran Place of Worship,4,cultural_and_historic,false,christian_place_of_worship,
cultural_and_historic > place_of_worship > christian_place_of_worship > protestant_place_of_worship > methodist_place_of_worship,methodist_place_of_worship,Methodist Place of Worship,4,cultural_and_historic,false,christian_place_of_worship,
cultural_and_historic > place_of_worship > christian_place_of_worship > protestant_place_of_worship > pentecostal_place_of_worship,pentecostal_place_of_worship,Pentecostal Place of Worship,4,cultural_and_historic,false,christian_place_of_worship,42876
cultural_and_historic > place_of_worship > christian_place_of_worship > protestant_place_of_worship > reformed_or_calvinist_place_of_worship,reformed_or_calvinist_place_of_worship,Reformed or Calvinist Place of Worship,4,cultural_and_historic,false,christian_place_of_worship,
cultural_and_historic > place_of_worship > christian_place_of_worship > restorationist_place_of_worship,restorationist_place_of_worship,Restorationist Place of Worship,3,cultural_and_historic,false,christian_place_of_worship,
cultural_and_historic > place_of_worship > christian_place_of_worship > restorationist_place_of_worship > jehovahs_witness_place_of_worship,jehovahs_witness_place_of_worship,Jehovahs Witness Place of Worship,4,cultural_and_historic,false,christian_place_of_worship,3185
cultural_and_historic > place_of_worship > christian_place_of_worship > restorationist_place_of_worship > mormon_place_of_worship,mormon_place_of_worship,Mormon Place of Worship,4,cultural_and_historic,false,christian_place_of_worship,
cultural_and_historic > place_of_worship > christian_place_of_worship > roman_catholic_place_of_worship,roman_catholic_place_of_worship,Roman Catholic Place of Worship,3,cultural_and_historic,false,christian_place_of_worship,135457
cultural_and_historic > place_of_worship > christian_place_of_worship > roman_catholic_place_of_worship > eastern_catholic_place_of_worship,eastern_catholic_place_of_worship,Eastern Catholic Place of Worship,4,cultural_and_historic,false,christian_place_of_worship,
cultural_and_historic > place_of_worship > christian_place_of_worship > roman_catholic_place_of_worship > western_catholic_place_of_worship,western_catholic_place_of_worship,Western Catholic Place of Worship,4,cultural_and_historic,false,christian_place_of_worship,
cultural_and_historic > place_of_worship > hindu_place_of_worship,hindu_place_of_worship,Hindu Place of Worship,2,cultural_and_historic,true,hindu_place_of_worship,128014
cultural_and_historic > place_of_worship > hindu_place_of_worship > shaiva_hindu_place_of_worship,shaiva_hindu_place_of_worship,Shaiva Hindu Place of Worship,3,cultural_and_historic,false,hindu_place_of_worship,
cultural_and_historic > place_of_worship > hindu_place_of_worship > shakta_hindu_place_of_worship,shakta_hindu_place_of_worship,Shakta Hindu Place of Worship,3,cultural_and_historic,false,hindu_place_of_worship,
cultural_and_historic > place_of_worship > hindu_place_of_worship > smarta_hindu_place_of_worship,smarta_hindu_place_of_worship,Smarta Hindu Place of Worship,3,cultural_and_historic,false,hindu_place_of_worship,
cultural_and_historic > place_of_worship > hindu_place_of_worship > vaishnava_hindu_place_of_worship,vaishnava_hindu_place_of_worship,Vaishnava Hindu Place of Worship,3,cultural_and_historic,false,hindu_place_of_worship,
cultural_and_historic > place_of_worship > jewish_place_of_worship,jewish_place_of_worship,Jewish Place of Worship,2,cultural_and_historic,true,jewish_place_of_worship,8295
cultural_and_historic > place_of_worship > jewish_place_of_worship > conservative_jewish_place_of_worship,conservative_jewish_place_of_worship,Conservative Jewish Place of Worship,3,cultural_and_historic,false,jewish_place_of_worship,
cultural_and_historic > place_of_worship > jewish_place_of_worship > orthodox_jewish_place_of_worship,orthodox_jewish_place_of_worship,Orthodox Jewish Place of Worship,3,cultural_and_historic,false,jewish_place_of_worship,
cultural_and_historic > place_of_worship > jewish_place_of_worship > reconstructionist_jewish_place_of_worship,reconstructionist_jewish_place_of_worship,Reconstructionist Jewish Place of Worship,3,cultural_and_historic,false,jewish_place_of_worship,
cultural_and_historic > place_of_worship > jewish_place_of_worship > reform_jewish_place_of_worship,reform_jewish_place_of_worship,Reform Jewish Place of Worship,3,cultural_and_historic,false,jewish_place_of_worship,
cultural_and_historic > place_of_worship > muslim_place_of_worship,muslim_place_of_worship,Muslim Place of Worship,2,cultural_and_historic,true,muslim_place_of_worship,122811
cultural_and_historic > place_of_worship > muslim_place_of_worship > ibadi_muslim_place_of_worship,ibadi_muslim_place_of_worship,Ibadi Muslim Place of Worship,3,cultural_and_historic,false,muslim_place_of_worship,
cultural_and_historic > place_of_worship > muslim_place_of_worship > shia_muslim_place_of_worship,shia_muslim_place_of_worship,Shia Muslim Place of Worship,3,cultural_and_historic,false,muslim_place_of_worship,
cultural_and_historic > place_of_worship > muslim_place_of_worship > sunni_muslim_place_of_worship,sunni_muslim_place_of_worship,Sunni Muslim Place of Worship,3,cultural_and_historic,false,muslim_place_of_worship,
cultural_and_historic > place_of_worship > sikh_place_of_worship,sikh_place_of_worship,Sikh Place of Worship,2,cultural_and_historic,false,place_of_worship,5325
cultural_and_historic > religious_landmark,religious_landmark,Religious Landmark,1,cultural_and_historic,true,religious_landmark,
cultural_and_historic > religious_landmark > pilgrimage_site,pilgrimage_site,Pilgrimage Site,2,cultural_and_historic,false,religious_landmark,
cultural_and_historic > religious_landmark > pilgrimage_site > buddhist_pilgrimage_site,buddhist_pilgrimage_site,Buddhist Pilgrimage Site,3,cultural_and_historic,false,religious_landmark,
cultural_and_historic > religious_landmark > pilgrimage_site > christian_pilgrimage_site,christian_pilgrimage_site,Christian Pilgrimage Site,3,cultural_and_historic,false,religious_landmark,
cultural_and_historic > religious_landmark > pilgrimage_site > hindu_pilgrimage_site,hindu_pilgrimage_site,Hindu Pilgrimage Site,3,cultural_and_historic,false,religious_landmark,
cultural_and_historic > religious_landmark > pilgrimage_site > muslim_pilgrimage_site,muslim_pilgrimage_site,Muslim Pilgrimage Site,3,cultural_and_historic,false,religious_landmark,
cultural_and_historic > religious_landmark > shrine,shrine,Shrine,2,cultural_and_historic,false,religious_landmark,
cultural_and_historic > religious_landmark > shrine > catholic_shrine,catholic_shrine,Catholic Shrine,3,cultural_and_historic,false,religious_landmark,
cultural_and_historic > religious_landmark > shrine > shinto_shrine,shinto_shrine,Shinto Shrine,3,cultural_and_historic,false,religious_landmark,7
cultural_and_historic > religious_landmark > shrine > sufi_shrine,sufi_shrine,Sufi Shrine,3,cultural_and_historic,false,religious_landmark,
cultural_and_historic > religious_organization,religious_organization,Religious Organization,1,cultural_and_historic,true,religious_organization,388911
cultural_and_historic > religious_organization > convent,convent,Convent,2,cultural_and_historic,false,religious_organization,
cultural_and_historic > religious_organization > monastery,monastery,Monastery,2,cultural_and_historic,false,religious_organization,
cultural_and_historic > religious_organization > seminary,seminary,Seminary,2,cultural_and_historic,false,religious_organization,
cultural_and_historic > religious_retreat_or_center,religious_retreat_or_center,Religious Retreat or Center,1,cultural_and_historic,true,religious_retreat_or_center,
cultural_and_historic > religious_retreat_or_center > christian_retreat_center,christian_retreat_center,Christian Retreat Center,2,cultural_and_historic,false,religious_retreat_or_center,
cultural_and_historic > religious_retreat_or_center > hindu_ashram,hindu_ashram,Hindu Ashram,2,cultural_and_historic,false,religious_retreat_or_center,
cultural_and_historic > religious_retreat_or_center > zen_center,zen_center,Zen Center,2,cultural_and_historic,false,religious_retreat_or_center,
education,education,Education,0,education,true,education,437216
education > education_office,education_office,Education Office,1,education,true,education_office,
education > education_office > board_of_education_office,board_of_education_office,Board of Education Office,2,education,false,education_office,463
education > education_office > school_district_office,school_district_office,School District Office,2,education,true,school_district_office,1983
education > educational_facility,educational_facility,Educational Facility,1,education,true,educational_facility,
education > educational_facility > campus,campus,Campus,2,education,true,campus,
education > educational_facility > campus_building,campus_building,Campus Building,2,education,true,campus_building,82488
education > educational_facility > campus_building > student_union,student_union,Student Union,3,education,false,campus_building,3458
education > educational_facility > educational_camp,educational_camp,Educational Camp,2,education,false,educational_facility,7235
education > educational_service,educational_service,Educational Service,1,education,true,educational_service,69509
education > educational_service > after_school_program,after_school_program,After School Program,2,education,false,educational_service,2169
education > educational_service > archaeological_service,archaeological_service,Archaeological Service,2,education,false,educational_service,1605
education > educational_service > college_counseling,college_counseling,College Counseling,2,education,false,educational_service,289
education > educational_service > test_preparation,test_preparation,Test Preparation,2,education,false,educational_service,18205
education > educational_service > tutoring_service,tutoring_service,Tutoring Service,2,education,true,tutoring_service,87959
education > educational_service > tutoring_service > private_tutor,private_tutor,Private Tutor,3,education,false,tutoring_service,1495
education > library,library,Library,1,education,true,library,136849
education > place_of_learning,place_of_learning,Place of Learning,1,education,true,place_of_learning,
education > place_of_learning > academy,academy,Academy,2,education,true,academy,
education > place_of_learning > academy > civil_examinations_academy,civil_examinations_academy,Civil Examinations Academy,3,education,false,academy,62
education > place_of_learning > adult_education_center,adult_education_center,Adult Education Center,2,education,false,place_of_learning,8420
education > place_of_learning > class_venue,class_venue,Class Venue,2,education,true,class_venue,
education > place_of_learning > class_venue > tasting_class,tasting_class,Tasting Class,3,education,false,class_venue,8
education > place_of_learning > class_venue > tasting_class > cheese_tasting_class,cheese_tasting_class,Cheese Tasting Class,4,education,false,class_venue,9
education > place_of_learning > class_venue > tasting_class > wine_tasting_class,wine_tasting_class,Wine Tasting Class,4,education,false,class_venue,21
education > place_of_learning > college_university,college_university,College University,2,education,true,college_university,365741
education > place_of_learning > college_university > architecture_school,architecture_school,Architecture School,3,education,false,college_university,84
education > place_of_learning > college_university > business_school,business_school,Business School,3,education,false,college_university,1033
education > place_of_learning > college_university > engineering_school,engineering_school,Engineering School,3,education,false,college_university,521
education > place_of_learning > college_university > law_school,law_school,Law School,3,education,false,college_university,433
education > place_of_learning > college_university > medical_sciences_school,medical_sciences_school,Medical Sciences School,3,education,false,college_university,300
education > place_of_learning > college_university > medical_sciences_school > dentistry_school,dentistry_school,Dentistry School,4,education,false,college_university,318
education > place_of_learning > college_university > medical_sciences_school > pharmacy_school,pharmacy_school,Pharmacy School,4,education,false,college_university,31
education > place_of_learning > college_university > medical_sciences_school > veterinary_school,veterinary_school,Veterinary School,4,education,false,college_university,2
education > place_of_learning > college_university > science_school,science_school,Science School,3,education,false,college_university,59
education > place_of_learning > school,school,School,2,education,false,place_of_learning,646351
education > place_of_learning > school > charter_school,charter_school,Charter School,3,education,false,place_of_learning,561
education > place_of_learning > school > elementary_school,elementary_school,Elementary School,3,education,true,elementary_school,423059
education > place_of_learning > school > high_school,high_school,High School,3,education,true,high_school,168990
education > place_of_learning > school > kindergarten,kindergarten,Kindergarten,3,education,true,kindergarten,
education > place_of_learning > school > middle_school,middle_school,Middle School,3,education,true,middle_school,66983
education > place_of_learning > school > montessori_school,montessori_school,Montessori School,3,education,false,place_of_learning,1041
education > place_of_learning > school > preschool,preschool,Preschool,3,education,true,preschool,282188
education > place_of_learning > school > private_school,private_school,Private School,3,education,false,place_of_learning,72921
education > place_of_learning > school > public_school,public_school,Public School,3,education,false,place_of_learning,51347
education > place_of_learning > school > religious_school,religious_school,Religious School,3,education,false,place_of_learning,26285
education > place_of_learning > school > waldorf_school,waldorf_school,Waldorf School,3,education,false,place_of_learning,18
education > place_of_learning > specialty_school,specialty_school,Specialty School,2,education,true,specialty_school,52024
education > place_of_learning > specialty_school > art_school,art_school,Art School,3,education,false,specialty_school,36062
education > place_of_learning > specialty_school > bartending_school,bartending_school,Bartending School,3,education,false,specialty_school,1063
education > place_of_learning > specialty_school > cheerleading,cheerleading,Cheerleading,3,education,false,specialty_school,104
education > place_of_learning > specialty_school > childbirth_education,childbirth_education,Childbirth Education,3,education,false,specialty_school,208
education > place_of_learning > specialty_school > circus_school,circus_school,Circus School,3,education,false,specialty_school,38
education > place_of_learning > specialty_school > computer_coaching,computer_coaching,Computer Coaching,3,education,false,specialty_school,31690
education > place_of_learning > specialty_school > cooking_school,cooking_school,Cooking School,3,education,false,specialty_school,10204
education > place_of_learning > specialty_school > cosmetology_school,cosmetology_school,Cosmetology School,3,education,false,specialty_school,13188
education > place_of_learning > specialty_school > cpr_class,cpr_class,CPR Class,3,education,false,specialty_school,1030
education > place_of_learning > specialty_school > drama_school,drama_school,Drama School,3,education,false,specialty_school,631
education > place_of_learning > specialty_school > driving_school,driving_school,Driving School,3,education,false,specialty_school,103912
education > place_of_learning > specialty_school > dui_school,dui_school,DUI School,3,education,false,specialty_school,49
education > place_of_learning > specialty_school > firearm_training,firearm_training,Firearm Training,3,education,false,specialty_school,1203
education > place_of_learning > specialty_school > first_aid_class,first_aid_class,First Aid Class,3,education,false,specialty_school,3788
education > place_of_learning > specialty_school > flight_school,flight_school,Flight School,3,education,false,specialty_school,10046
education > place_of_learning > specialty_school > food_safety_training,food_safety_training,Food Safety Training,3,education,false,specialty_school,710
education > place_of_learning > specialty_school > language_school,language_school,Language School,3,education,false,specialty_school,90099
education > place_of_learning > specialty_school > massage_school,massage_school,Massage School,3,education,false,specialty_school,2312
education > place_of_learning > specialty_school > medical_school,medical_school,Medical School,3,education,false,specialty_school,10228
education > place_of_learning > specialty_school > music_school,music_school,Music School,3,education,false,specialty_school,69335
education > place_of_learning > specialty_school > nursing_school,nursing_school,Nursing School,3,education,false,specialty_school,6962
education > place_of_learning > specialty_school > parenting_class,parenting_class,Parenting Class,3,education,false,specialty_school,174
education > place_of_learning > specialty_school > photography_class,photography_class,Photography Class,3,education,false,specialty_school,114
education > place_of_learning > specialty_school > speech_training,speech_training,Speech Training,3,education,false,specialty_school,183
education > place_of_learning > specialty_school > sports_school,sports_school,Sports School,3,education,false,specialty_school,1107
education > place_of_learning > specialty_school > traffic_school,traffic_school,Traffic School,3,education,false,specialty_school,1781
education > place_of_learning > specialty_school > vocational_and_technical_school,vocational_and_technical_school,Vocational and Technical School,3,education,false,specialty_school,48238
education > research_institute,research_institute,Research Institute,1,education,true,research_institute,3210
education > research_institute > educational_research_institute,educational_research_institute,Educational Research Institute,2,education,false,research_institute,18836
education > research_institute > medical_research_institute,medical_research_institute,Medical Research Institute,2,education,false,research_institute,21642
food_and_drink,food_and_drink,Food and Drink,0,food_and_drink,true,food_and_drink,98464
food_and_drink > alcoholic_beverage_venue,alcoholic_beverage_venue,Alcoholic Beverage Venue,1,food_and_drink,true,alcoholic_beverage_venue,
food_and_drink > alcoholic_beverage_venue > bar,bar,Bar,2,food_and_drink,true,bar,644080
food_and_drink > alcoholic_beverage_venue > bar > bar_tabac,bar_tabac,Bar Tabac,3,food_and_drink,false,bar,140
food_and_drink > alcoholic_beverage_venue > bar > beach_bar,beach_bar,Beach Bar,3,food_and_drink,false,bar,451
food_and_drink > alcoholic_beverage_venue > bar > beer_bar,beer_bar,Beer Bar,3,food_and_drink,false,bar,23997
food_and_drink > alcoholic_beverage_venue > bar > champagne_bar,champagne_bar,Champagne Bar,3,food_and_drink,false,bar,240
food_and_drink > alcoholic_beverage_venue > bar > cigar_bar,cigar_bar,Cigar Bar,3,food_and_drink,false,bar,535
food_and_drink > alcoholic_beverage_venue > bar > cocktail_bar,cocktail_bar,Cocktail Bar,3,food_and_drink,false,bar,46327
food_and_drink > alcoholic_beverage_venue > bar > dive_bar,dive_bar,Dive Bar,3,food_and_drink,false,bar,4649
food_and_drink > alcoholic_beverage_venue > bar > drive_thru_bar,drive_thru_bar,Drive Thru Bar,3,food_and_drink,false,bar,65
food_and_drink > alcoholic_beverage_venue > bar > gay_bar,gay_bar,Gay Bar,3,food_and_drink,false,bar,3664
food_and_drink > alcoholic_beverage_venue > bar > hookah_bar,hookah_bar,Hookah Bar,3,food_and_drink,false,bar,16860
food_and_drink > alcoholic_beverage_venue > bar > hotel_bar,hotel_bar,Hotel Bar,3,food_and_drink,false,bar,2997
food_and_drink > alcoholic_beverage_venue > bar > piano_bar,piano_bar,Piano Bar,3,food_and_drink,false,bar,126
food_and_drink > alcoholic_beverage_venue > bar > pub,pub,Pub,3,food_and_drink,false,bar,144776
food_and_drink > alcoholic_beverage_venue > bar > pub > irish_pub,irish_pub,Irish Pub,4,food_and_drink,false,bar,6819
food_and_drink > alcoholic_beverage_venue > bar > sake_bar,sake_bar,Sake Bar,3,food_and_drink,false,bar,13225
food_and_drink > alcoholic_beverage_venue > bar > speakeasy,speakeasy,Speakeasy,3,food_and_drink,false,bar,2295
food_and_drink > alcoholic_beverage_venue > bar > sports_bar,sports_bar,Sports Bar,3,food_and_drink,false,bar,26179
food_and_drink > alcoholic_beverage_venue > bar > tiki_bar,tiki_bar,Tiki Bar,3,food_and_drink,false,bar,1035
food_and_drink > alcoholic_beverage_venue > bar > vermouth_bar,vermouth_bar,Vermouth Bar,3,food_and_drink,false,bar,1
food_and_drink > alcoholic_beverage_venue > bar > whiskey_bar,whiskey_bar,Whiskey Bar,3,food_and_drink,false,bar,1814
food_and_drink > alcoholic_beverage_venue > bar > wine_bar,wine_bar,Wine Bar,3,food_and_drink,false,bar,34745
food_and_drink > alcoholic_beverage_venue > beer_garden,beer_garden,Beer Garden,2,food_and_drink,false,alcoholic_beverage_venue,16278
food_and_drink > alcoholic_beverage_venue > brewery,brewery,Brewery,2,food_and_drink,true,brewery,47917
food_and_drink > alcoholic_beverage_venue > cidery,cidery,Cidery,2,food_and_drink,false,alcoholic_beverage_venue,151
food_and_drink > alcoholic_beverage_venue > distillery,distillery,Distillery,2,food_and_drink,true,distillery,9919
food_and_drink > alcoholic_beverage_venue > lounge,lounge,Lounge,2,food_and_drink,true,lounge,52495
food_and_drink > alcoholic_beverage_venue > lounge > airport_lounge,airport_lounge,Airport Lounge,3,food_and_drink,false,lounge,3691
food_and_drink > alcoholic_beverage_venue > winery,winery,Winery,2,food_and_drink,true,winery,76227
food_and_drink > alcoholic_beverage_venue > winery > wine_tasting_room,wine_tasting_room,Wine Tasting Room,3,food_and_drink,false,winery,220
food_and_drink > casual_eatery,casual_eatery,Casual Eatery,1,food_and_drink,true,casual_eatery,
food_and_drink > casual_eatery > bagel_shop,bagel_shop,Bagel Shop,2,food_and_drink,false,casual_eatery,10542
food_and_drink > casual_eatery > bakery,bakery,Bakery,2,food_and_drink,false,casual_eatery,514933
food_and_drink > casual_eatery > bakery > baguette_shop,baguette_shop,Baguette Shop,3,food_and_drink,false,casual_eatery,
food_and_drink > casual_eatery > bakery > flatbread_shop,flatbread_shop,Flatbread Shop,3,food_and_drink,false,casual_eatery,15
food_and_drink > casual_eatery > bakery > macaron_shop,macaron_shop,Macaron Shop,3,food_and_drink,false,casual_eatery,57
food_and_drink > casual_eatery > bakery > pretzel_shop,pretzel_shop,Pretzel Shop,3,food_and_drink,false,casual_eatery,785
food_and_drink > casual_eatery > bistro,bistro,Bistro,2,food_and_drink,false,casual_eatery,4258
food_and_drink > casual_eatery > cafe,cafe,Cafe,2,food_and_drink,true,cafe,700856
food_and_drink > casual_eatery > cafe > animal_cafe,animal_cafe,Animal Cafe,3,food_and_drink,false,cafe,
food_and_drink > casual_eatery > cafe > animal_cafe > cat_cafe,cat_cafe,Cat Cafe,4,food_and_drink,false,cafe,
food_and_drink > casual_eatery > cafe > animal_cafe > dog_cafe,dog_cafe,Dog Cafe,4,food_and_drink,false,cafe,
food_and_drink > casual_eatery > cafe > hong_kong_style_cafe,hong_kong_style_cafe,Hong Kong Style Cafe,3,food_and_drink,false,cafe,1236
food_and_drink > casual_eatery > cafe > internet_cafe,internet_cafe,Internet Cafe,3,food_and_drink,false,cafe,22815
food_and_drink > casual_eatery > candy_store,candy_store,Candy Store,2,food_and_drink,false,casual_eatery,61223
food_and_drink > casual_eatery > candy_store > chocolatier,chocolatier,Chocolatier,3,food_and_drink,false,casual_eatery,30157
food_and_drink > casual_eatery > candy_store > indian_sweets_shop,indian_sweets_shop,Indian Sweets Shop,3,food_and_drink,false,casual_eatery,119
food_and_drink > casual_eatery > candy_store > japanese_confectionery_shop,japanese_confectionery_shop,Japanese Confectionery Shop,3,food_and_drink,false,casual_eatery,322
food_and_drink > casual_eatery > canteen,canteen,Canteen,2,food_and_drink,false,casual_eatery,2
food_and_drink > casual_eatery > delicatessen,delicatessen,Delicatessen,2,food_and_drink,false,casual_eatery,75264
food_and_drink > casual_eatery > dessert_shop,dessert_shop,Dessert Shop,2,food_and_drink,false,casual_eatery,120900
food_and_drink > casual_eatery > dessert_shop > cupcake_shop,cupcake_shop,Cupcake Shop,3,food_and_drink,false,casual_eatery,27896
food_and_drink > casual_eatery > dessert_shop > donut_shop,donut_shop,Donut Shop,3,food_and_drink,false,casual_eatery,30561
food_and_drink > casual_eatery > dessert_shop > frozen_yogurt_shop,frozen_yogurt_shop,Frozen Yogurt Shop,3,food_and_drink,false,casual_eatery,9688
food_and_drink > casual_eatery > dessert_shop > gelato_shop,gelato_shop,Gelato Shop,3,food_and_drink,false,casual_eatery,13542
food_and_drink > casual_eatery > dessert_shop > ice_cream_shop,ice_cream_shop,Ice Cream Shop,3,food_and_drink,false,casual_eatery,174518
food_and_drink > casual_eatery > dessert_shop > pie_shop,pie_shop,Pie Shop,3,food_and_drink,false,casual_eatery,830
food_and_drink > casual_eatery > dessert_shop > shaved_ice_shop,shaved_ice_shop,Shaved Ice Shop,3,food_and_drink,false,casual_eatery,5564
food_and_drink > casual_eatery > diner,diner,Diner,2,food_and_drink,false,casual_eatery,90273
food_and_drink > casual_eatery > fast_food_restaurant,fast_food_restaurant,Fast Food Restaurant,2,food_and_drink,true,fast_food_restaurant,409785
food_and_drink > casual_eatery > fondue_restaurant,fondue_restaurant,Fondue Restaurant,2,food_and_drink,false,casual_eatery,2428
food_and_drink > casual_eatery > food_court,food_court,Food Court,2,food_and_drink,true,food_court,2101
food_and_drink > casual_eatery > food_truck_stand,food_truck_stand,Food Truck or Stand,2,food_and_drink,true,food_truck_stand,83367
food_and_drink > casual_eatery > friterie,friterie,Friterie,2,food_and_drink,false,casual_eatery,280
food_and_drink > casual_eatery > gastropub,gastropub,Gastropub,2,food_and_drink,false,casual_eatery,24221
food_and_drink > casual_eatery > popcorn_shop,popcorn_shop,Popcorn Shop,2,food_and_drink,false,casual_eatery,527
food_and_drink > casual_eatery > sandwich_shop,sandwich_shop,Sandwich Shop,2,food_and_drink,false,casual_eatery,90951
food_and_drink > casual_eatery > sugar_shack,sugar_shack,Sugar Shack,2,food_and_drink,false,casual_eatery,5
food_and_drink > casual_eatery > tapas_bar,tapas_bar,Tapas Bar,2,food_and_drink,false,casual_eatery,41690
food_and_drink > non_alcoholic_beverage_venue,non_alcoholic_beverage_venue,Non-Alcoholic Beverage Venue,1,food_and_drink,true,non_alcoholic_beverage_venue,155
food_and_drink > non_alcoholic_beverage_venue > bubble_tea_shop,bubble_tea_shop,Bubble Tea Shop,2,food_and_drink,false,non_alcoholic_beverage_venue,39573
food_and_drink > non_alcoholic_beverage_venue > coffee_shop,coffee_shop,Coffee Shop,2,food_and_drink,true,coffee_shop,610598
food_and_drink > non_alcoholic_beverage_venue > coffee_shop > coffee_roastery,coffee_roastery,Coffee Roastery,3,food_and_drink,false,coffee_shop,1610
food_and_drink > non_alcoholic_beverage_venue > kombucha_bar,kombucha_bar,Kombucha Bar,2,food_and_drink,false,non_alcoholic_beverage_venue,40
food_and_drink > non_alcoholic_beverage_venue > milk_bar,milk_bar,Milk Bar,2,food_and_drink,false,non_alcoholic_beverage_venue,4081
food_and_drink > non_alcoholic_beverage_venue > milkshake_bar,milkshake_bar,Milkshake Bar,2,food_and_drink,false,non_alcoholic_beverage_venue,
food_and_drink > non_alcoholic_beverage_venue > smoothie_juice_bar,smoothie_juice_bar,Smoothie or Juice Bar,2,food_and_drink,true,smoothie_juice_bar,62736
food_and_drink > non_alcoholic_beverage_venue > tea_room,tea_room,Tea Room,2,food_and_drink,false,non_alcoholic_beverage_venue,59781
food_and_drink > restaurant,restaurant,Restaurant,1,food_and_drink,true,restaurant,1812921
food_and_drink > restaurant > african_restaurant,african_restaurant,African Restaurant,2,food_and_drink,false,restaurant,7479
food_and_drink > restaurant > african_restaurant > east_african_restaurant,east_african_restaurant,East African Restaurant,3,food_and_drink,false,restaurant,
food_and_drink > restaurant > african_restaurant > east_african_restaurant > eritrean_restaurant,eritrean_restaurant,Eritrean Restaurant,4,food_and_drink,false,restaurant,
food_and_drink > restaurant > african_restaurant > east_african_restaurant > ethiopian_restaurant,ethiopian_restaurant,Ethiopian Restaurant,4,food_and_drink,false,restaurant,1600
food_and_drink > restaurant > african_restaurant > east_african_restaurant > somalian_restaurant,somalian_restaurant,Somalian Restaurant,4,food_and_drink,false,restaurant,
food_and_drink > restaurant > african_restaurant > north_african_restaurant,north_african_restaurant,North African Restaurant,3,food_and_drink,false,restaurant,
food_and_drink > restaurant > african_restaurant > north_african_restaurant > algerian_restaurant,algerian_restaurant,Algerian Restaurant,4,food_and_drink,false,restaurant,
food_and_drink > restaurant > african_restaurant > north_african_restaurant > egyptian_restaurant,egyptian_restaurant,Egyptian Restaurant,4,food_and_drink,false,restaurant,986
food_and_drink > restaurant > african_restaurant > north_african_restaurant > moroccan_restaurant,moroccan_restaurant,Moroccan Restaurant,4,food_and_drink,false,restaurant,2829
food_and_drink > restaurant > african_restaurant > southern_african_restaurant,southern_african_restaurant,Southern African Restaurant,3,food_and_drink,false,restaurant,
food_and_drink > restaurant > african_restaurant > southern_african_restaurant > south_african_restaurant,south_african_restaurant,South African Restaurant,4,food_and_drink,false,restaurant,217
food_and_drink > restaurant > african_restaurant > west_african_restaurant,west_african_restaurant,West African Restaurant,3,food_and_drink,false,restaurant,
food_and_drink > restaurant > african_restaurant > west_african_restaurant > ghanaian_restaurant,ghanaian_restaurant,Ghanaian Restaurant,4,food_and_drink,false,restaurant,
food_and_drink > restaurant > african_restaurant > west_african_restaurant > nigerian_restaurant,nigerian_restaurant,Nigerian Restaurant,4,food_and_drink,false,restaurant,303
food_and_drink > restaurant > african_restaurant > west_african_restaurant > senegalese_restaurant,senegalese_restaurant,Senegalese Restaurant,4,food_and_drink,false,restaurant,115
food_and_drink > restaurant > asian_restaurant,asian_restaurant,Asian Restaurant,2,food_and_drink,false,restaurant,73045
food_and_drink > restaurant > asian_restaurant > central_asian_restaurant,central_asian_restaurant,Central Asian Restaurant,3,food_and_drink,false,restaurant,
food_and_drink > restaurant > asian_restaurant > central_asian_restaurant > afghani_restaurant,afghani_restaurant,Afghani Restaurant,4,food_and_drink,false,restaurant,2055
food_and_drink > restaurant > asian_restaurant > central_asian_restaurant > kazakhstani_restaurant,kazakhstani_restaurant,Kazakhstani Restaurant,4,food_and_drink,false,restaurant,
food_and_drink > restaurant > asian_restaurant > central_asian_restaurant > uzbek_restaurant,uzbek_restaurant,Uzbek Restaurant,4,food_and_drink,false,restaurant,241
food_and_drink > restaurant > asian_restaurant > east_asian_restaurant,east_asian_restaurant,East Asian Restaurant,3,food_and_drink,false,restaurant,
food_and_drink > restaurant > asian_restaurant > east_asian_restaurant > chinese_restaurant,chinese_restaurant,Chinese Restaurant,4,food_and_drink,false,restaurant,181146
food_and_drink > restaurant > asian_restaurant > east_asian_restaurant > chinese_restaurant > baozi_restaurant,baozi_restaurant,Baozi Restaurant,5,food_and_drink,false,restaurant,
food_and_drink > restaurant > asian_restaurant > east_asian_restaurant > chinese_restaurant > beijing_restaurant,beijing_restaurant,Beijing Restaurant,5,food_and_drink,false,restaurant,
food_and_drink > restaurant > asian_restaurant > east_asian_restaurant > chinese_restaurant > cantonese_restaurant,cantonese_restaurant,Cantonese Restaurant,5,food_and_drink,false,restaurant,
food_and_drink > restaurant > asian_restaurant > east_asian_restaurant > chinese_restaurant > dim_sum_restaurant,dim_sum_restaurant,Dim Sum Restaurant,5,food_and_drink,false,restaurant,4953
food_and_drink > restaurant > asian_restaurant > east_asian_restaurant > chinese_restaurant > dongbei_restaurant,dongbei_restaurant,Dongbei Restaurant,5,food_and_drink,false,restaurant,
food_and_drink > restaurant > asian_restaurant > east_asian_restaurant > chinese_restaurant > fujian_restaurant,fujian_restaurant,Fujian Restaurant,5,food_and_drink,false,restaurant,
food_and_drink > restaurant > asian_restaurant > east_asian_restaurant > chinese_restaurant > hunan_restaurant,hunan_restaurant,Hunan Restaurant,5,food_and_drink,false,restaurant,
food_and_drink > restaurant > asian_restaurant > east_asian_restaurant > chinese_restaurant > indo_chinese_restaurant,indo_chinese_restaurant,Indo Chinese Restaurant,5,food_and_drink,false,restaurant,615
food_and_drink > restaurant > asian_restaurant > east_asian_restaurant > chinese_restaurant > jiangsu_restaurant,jiangsu_restaurant,Jiangsu Restaurant,5,food_and_drink,false,restaurant,
food_and_drink > restaurant > asian_restaurant > east_asian_restaurant > chinese_restaurant > shandong_restaurant,shandong_restaurant,Shandong Restaurant,5,food_and_drink,false,restaurant,
food_and_drink > restaurant > asian_restaurant > east_asian_restaurant > chinese_restaurant > shanghainese_restaurant,shanghainese_restaurant,Shanghainese Restaurant,5,food_and_drink,false,restaurant,
food_and_drink > restaurant > asian_restaurant > east_asian_restaurant > chinese_restaurant > sichuan_restaurant,sichuan_restaurant,Sichuan Restaurant,5,food_and_drink,false,restaurant,
food_and_drink > restaurant > asian_restaurant > east_asian_restaurant > chinese_restaurant > xinjiang_restaurant,xinjiang_restaurant,Xinjiang Restaurant,5,food_and_drink,false,restaurant,
food_and_drink > restaurant > asian_restaurant > east_asian_restaurant > japanese_restaurant,japanese_restaurant,Japanese Restaurant,4,food_and_drink,false,restaurant,348248
food_and_drink > restaurant > asian_restaurant > east_asian_restaurant > japanese_restaurant > sushi_restaurant,sushi_restaurant,Sushi Restaurant,5,food_and_drink,false,restaurant,101741
food_and_drink > restaurant > asian_restaurant > east_asian_restaurant > korean_restaurant,korean_restaurant,Korean Restaurant,4,food_and_drink,false,restaurant,84105
food_and_drink > restaurant > asian_restaurant > east_asian_restaurant > mongolian_restaurant,mongolian_restaurant,Mongolian Restaurant,4,food_and_drink,false,restaurant,751
food_and_drink > restaurant > asian_restaurant > east_asian_restaurant > taiwanese_restaurant,taiwanese_restaurant,Taiwanese Restaurant,4,food_and_drink,false,restaurant,8913
food_and_drink > restaurant > asian_restaurant > ramen_restaurant,ramen_restaurant,Ramen Restaurant,3,food_and_drink,false,restaurant,45827
food_and_drink > restaurant > asian_restaurant > south_asian_restaurant,south_asian_restaurant,South Asian Restaurant,3,food_and_drink,false,restaurant,
food_and_drink > restaurant > asian_restaurant > south_asian_restaurant > bangladeshi_restaurant,bangladeshi_restaurant,Bangladeshi Restaurant,4,food_and_drink,false,restaurant,1969
food_and_drink > restaurant > asian_restaurant > south_asian_restaurant > himalayan_restaurant,himalayan_restaurant,Himalayan Restaurant,4,food_and_drink,false,restaurant,58
food_and_drink > restaurant > asian_restaurant > south_asian_restaurant > himalayan_restaurant > nepalese_restaurant,nepalese_restaurant,Nepalese Restaurant,5,food_and_drink,false,restaurant,
food_and_drink > restaurant > asian_restaurant > south_asian_restaurant > indian_restaurant,indian_restaurant,Indian Restaurant,4,food_and_drink,false,restaurant,102723
food_and_drink > restaurant > asian_restaurant > south_asian_restaurant > indian_restaurant > bengali_restaurant,bengali_restaurant,Bengali Restaurant,5,food_and_drink,false,restaurant,
food_and_drink > restaurant > asian_restaurant > south_asian_restaurant > indian_restaurant > chettinad_restaurant,chettinad_restaurant,Chettinad Restaurant,5,food_and_drink,false,restaurant,
food_and_drink > restaurant > asian_restaurant > south_asian_restaurant > indian_restaurant > gujarati_restaurant,gujarati_restaurant,Gujarati Restaurant,5,food_and_drink,false,restaurant,
food_and_drink > restaurant > asian_restaurant > south_asian_restaurant > indian_restaurant > hyderabadi_restaurant,hyderabadi_restaurant,Hyderabadi Restaurant,5,food_and_drink,false,restaurant,
food_and_drink > restaurant > asian_restaurant > south_asian_restaurant > indian_restaurant > north_indian_restaurant,north_indian_restaurant,North Indian Restaurant,5,food_and_drink,false,restaurant,
food_and_drink > restaurant > asian_restaurant > south_asian_restaurant > indian_restaurant > punjabi_restaurant,punjabi_restaurant,Punjabi Restaurant,5,food_and_drink,false,restaurant,
food_and_drink > restaurant > asian_restaurant > south_asian_restaurant > indian_restaurant > rajasthani_restaurant,rajasthani_restaurant,Rajasthani Restaurant,5,food_and_drink,false,restaurant,
food_and_drink > restaurant > asian_restaurant > south_asian_restaurant > indian_restaurant > south_indian_restaurant,south_indian_restaurant,South Indian Restaurant,5,food_and_drink,false,restaurant,
food_and_drink > restaurant > asian_restaurant > south_asian_restaurant > pakistani_restaurant,pakistani_restaurant,Pakistani Restaurant,4,food_and_drink,false,restaurant,3240
food_and_drink > restaurant > asian_restaurant > south_asian_restaurant > sri_lankan_restaurant,sri_lankan_restaurant,Sri Lankan Restaurant,4,food_and_drink,false,restaurant,1138
food_and_drink > restaurant > asian_restaurant > south_asian_restaurant > tibetan_restaurant,tibetan_restaurant,Tibetan Restaurant,4,food_and_drink,false,restaurant,
food_and_drink > restaurant > asian_restaurant > southeast_asian_restaurant,southeast_asian_restaurant,Southeast Asian Restaurant,3,food_and_drink,false,restaurant,
food_and_drink > restaurant > asian_restaurant > southeast_asian_restaurant > burmese_restaurant,burmese_restaurant,Burmese Restaurant,4,food_and_drink,false,restaurant,641
food_and_drink > restaurant > asian_restaurant > southeast_asian_restaurant > cambodian_restaurant,cambodian_restaurant,Cambodian Restaurant,4,food_and_drink,false,restaurant,791
food_and_drink > restaurant > asian_restaurant > southeast_asian_restaurant > filipino_restaurant,filipino_restaurant,Filipino Restaurant,4,food_and_drink,false,restaurant,10665
food_and_drink > restaurant > asian_restaurant > southeast_asian_restaurant > indonesian_restaurant,indonesian_restaurant,Indonesian Restaurant,4,food_and_drink,false,restaurant,54634
food_and_drink > restaurant > asian_restaurant > southeast_asian_restaurant > indonesian_restaurant > sundanese_restaurant,sundanese_restaurant,Sundanese Restaurant,5,food_and_drink,false,restaurant,
food_and_drink > restaurant > asian_restaurant > southeast_asian_restaurant > laotian_restaurant,laotian_restaurant,Laotian Restaurant,4,food_and_drink,false,restaurant,20
food_and_drink > restaurant > asian_restaurant > southeast_asian_restaurant > malaysian_restaurant,malaysian_restaurant,Malaysian Restaurant,4,food_and_drink,false,restaurant,12316
food_and_drink > restaurant > asian_restaurant > southeast_asian_restaurant > nasi_restaurant,nasi_restaurant,Nasi Restaurant,4,food_and_drink,false,restaurant,
food_and_drink > restaurant > asian_restaurant > southeast_asian_restaurant > singaporean_restaurant,singaporean_restaurant,Singaporean Restaurant,4,food_and_drink,false,restaurant,758
food_and_drink > restaurant > asian_restaurant > southeast_asian_restaurant > thai_restaurant,thai_restaurant,Thai Restaurant,4,food_and_drink,false,restaurant,100446
food_and_drink > restaurant > asian_restaurant > southeast_asian_restaurant > vietnamese_restaurant,vietnamese_restaurant,Vietnamese Restaurant,4,food_and_drink,false,restaurant,35501
food_and_drink > restaurant > asian_restaurant > wok_restaurant,wok_restaurant,Wok Restaurant,3,food_and_drink,false,restaurant,15
food_and_drink > restaurant > bar_and_grill_restaurant,bar_and_grill_restaurant,Bar and Grill Restaurant,2,food_and_drink,false,restaurant,88422
food_and_drink > restaurant > breakfast_and_brunch_restaurant,breakfast_and_brunch_restaurant,Breakfast and Brunch Restaurant,2,food_and_drink,false,restaurant,74087
food_and_drink > restaurant > breakfast_and_brunch_restaurant > pancake_house,pancake_house,Pancake House,3,food_and_drink,false,restaurant,15138
food_and_drink > restaurant > breakfast_and_brunch_restaurant > waffle_restaurant,waffle_restaurant,Waffle Restaurant,3,food_and_drink,false,restaurant,284
food_and_drink > restaurant > buffet_restaurant,buffet_restaurant,Buffet Restaurant,2,food_and_drink,false,restaurant,33644
food_and_drink > restaurant > cafeteria,cafeteria,Cafeteria,2,food_and_drink,false,restaurant,2717
food_and_drink > restaurant > comfort_food_restaurant,comfort_food_restaurant,Comfort Food Restaurant,2,food_and_drink,false,restaurant,9536
food_and_drink > restaurant > diy_foods_restaurant,diy_foods_restaurant,DIY Foods Restaurant,2,food_and_drink,false,restaurant,52
food_and_drink > restaurant > dumpling_restaurant,dumpling_restaurant,Dumpling Restaurant,2,food_and_drink,false,restaurant,1115
food_and_drink > restaurant > european_restaurant,european_restaurant,European Restaurant,2,food_and_drink,false,restaurant,12182
food_and_drink > restaurant > european_restaurant > central_european_restaurant,central_european_restaurant,Central European Restaurant,3,food_and_drink,false,restaurant,
food_and_drink > restaurant > european_restaurant > central_european_restaurant > austrian_restaurant,austrian_restaurant,Austrian Restaurant,4,food_and_drink,false,restaurant,4715
food_and_drink > restaurant > european_restaurant > central_european_restaurant > czech_restaurant,czech_restaurant,Czech Restaurant,4,food_and_drink,false,restaurant,1355
food_and_drink > restaurant > european_restaurant > central_european_restaurant > german_restaurant,german_restaurant,German Restaurant,4,food_and_drink,false,restaurant,26141
food_and_drink > restaurant > european_restaurant > central_european_restaurant > german_restaurant > fischbrotchen_restaurant,fischbrotchen_restaurant,Fischbrotchen Restaurant,5,food_and_drink,false,restaurant,
food_and_drink > restaurant > european_restaurant > central_european_restaurant > hungarian_restaurant,hungarian_restaurant,Hungarian Restaurant,4,food_and_drink,false,restaurant,1108
food_and_drink > restaurant > european_restaurant > central_european_restaurant > polish_restaurant,polish_restaurant,Polish Restaurant,4,food_and_drink,false,restaurant,2696
food_and_drink > restaurant > european_restaurant > central_european_restaurant > schnitzel_restaurant,schnitzel_restaurant,Schnitzel Restaurant,4,food_and_drink,false,restaurant,9
food_and_drink > restaurant > european_restaurant > central_european_restaurant > slovakian_restaurant,slovakian_restaurant,Slovakian Restaurant,4,food_and_drink,false,restaurant,79
food_and_drink > restaurant > european_restaurant > central_european_restaurant > swiss_restaurant,swiss_restaurant,Swiss Restaurant,4,food_and_drink,false,restaurant,1716
food_and_drink > restaurant > european_restaurant > eastern_european_restaurant,eastern_european_restaurant,Eastern European Restaurant,3,food_and_drink,false,restaurant,3510
food_and_drink > restaurant > european_restaurant > eastern_european_restaurant > belarusian_restaurant,belarusian_restaurant,Belarusian Restaurant,4,food_and_drink,false,restaurant,35
food_and_drink > restaurant > european_restaurant > eastern_european_restaurant > bulgarian_restaurant,bulgarian_restaurant,Bulgarian Restaurant,4,food_and_drink,false,restaurant,618
food_and_drink > restaurant > european_restaurant > eastern_european_restaurant > lithuanian_restaurant,lithuanian_restaurant,Lithuanian Restaurant,4,food_and_drink,false,restaurant,
food_and_drink > restaurant > european_restaurant > eastern_european_restaurant > romanian_restaurant,romanian_restaurant,Romanian Restaurant,4,food_and_drink,false,restaurant,614
food_and_drink > restaurant > european_restaurant > eastern_european_restaurant > russian_restaurant,russian_restaurant,Russian Restaurant,4,food_and_drink,false,restaurant,1495
food_and_drink > restaurant > european_restaurant > eastern_european_restaurant > russian_restaurant > tatar_restaurant,tatar_restaurant,Tatar Restaurant,5,food_and_drink,false,restaurant,77
food_and_drink > restaurant > european_restaurant > eastern_european_restaurant > serbo_croatian_restaurant,serbo_croatian_restaurant,Serbo-Croatian Restaurant,4,food_and_drink,false,restaurant,10
food_and_drink > restaurant > european_restaurant > eastern_european_restaurant > ukrainian_restaurant,ukrainian_restaurant,Ukrainian Restaurant,4,food_and_drink,false,restaurant,938
food_and_drink > restaurant > european_restaurant > iberian_restaurant,iberian_restaurant,Iberian Restaurant,3,food_and_drink,false,restaurant,49
food_and_drink > restaurant > european_restaurant > iberian_restaurant > portuguese_restaurant,portuguese_restaurant,Portuguese Restaurant,4,food_and_drink,false,restaurant,9726
food_and_drink > restaurant > european_restaurant > iberian_restaurant > spanish_restaurant,spanish_restaurant,Spanish Restaurant,4,food_and_drink,false,restaurant,29021
food_and_drink > restaurant > european_restaurant > iberian_restaurant > spanish_restaurant > basque_restaurant,basque_restaurant,Basque Restaurant,5,food_and_drink,false,restaurant,1060
food_and_drink > restaurant > european_restaurant > iberian_restaurant > spanish_restaurant > catalan_restaurant,catalan_restaurant,Catalan Restaurant,5,food_and_drink,false,restaurant,1219
food_and_drink > restaurant > european_restaurant > mediterranean_restaurant,mediterranean_restaurant,Mediterranean Restaurant,3,food_and_drink,false,restaurant,26883
food_and_drink > restaurant > european_restaurant > mediterranean_restaurant > greek_restaurant,greek_restaurant,Greek Restaurant,4,food_and_drink,false,restaurant,26884
food_and_drink > restaurant > european_restaurant > mediterranean_restaurant > italian_restaurant,italian_restaurant,Italian Restaurant,4,food_and_drink,false,restaurant,216908
food_and_drink > restaurant > european_restaurant > mediterranean_restaurant > italian_restaurant > piadina_restaurant,piadina_restaurant,Piadina Restaurant,5,food_and_drink,false,restaurant,185
food_and_drink > restaurant > european_restaurant > mediterranean_restaurant > italian_restaurant > pizza_restaurant,pizza_restaurant,Pizza Restaurant,5,food_and_drink,false,restaurant,408941
food_and_drink > restaurant > european_restaurant > mediterranean_restaurant > maltese_restaurant,maltese_restaurant,Maltese Restaurant,4,food_and_drink,false,restaurant,
food_and_drink > restaurant > european_restaurant > scandinavian_restaurant,scandinavian_restaurant,Scandinavian Restaurant,3,food_and_drink,false,restaurant,3318
food_and_drink > restaurant > european_restaurant > scandinavian_restaurant > danish_restaurant,danish_restaurant,Danish Restaurant,4,food_and_drink,false,restaurant,6
food_and_drink > restaurant > european_restaurant > scandinavian_restaurant > finnish_restaurant,finnish_restaurant,Finnish Restaurant,4,food_and_drink,false,restaurant,
food_and_drink > restaurant > european_restaurant > scandinavian_restaurant > icelandic_restaurant,icelandic_restaurant,Icelandic Restaurant,4,food_and_drink,false,restaurant,
food_and_drink > restaurant > european_restaurant > scandinavian_restaurant > norwegian_restaurant,norwegian_restaurant,Norwegian Restaurant,4,food_and_drink,false,restaurant,1
food_and_drink > restaurant > european_restaurant > scandinavian_restaurant > swedish_restaurant,swedish_restaurant,Swedish Restaurant,4,food_and_drink,false,restaurant,
food_and_drink > restaurant > european_restaurant > western_european_restaurant,western_european_restaurant,Western European Restaurant,3,food_and_drink,false,restaurant,
food_and_drink > restaurant > european_restaurant > western_european_restaurant > belgian_restaurant,belgian_restaurant,Belgian Restaurant,4,food_and_drink,false,restaurant,4096
food_and_drink > restaurant > european_restaurant > western_european_restaurant > british_restaurant,british_restaurant,British Restaurant,4,food_and_drink,false,restaurant,4332
food_and_drink > restaurant > european_restaurant > western_european_restaurant > dutch_restaurant,dutch_restaurant,Dutch Restaurant,4,food_and_drink,false,restaurant,
food_and_drink > restaurant > european_restaurant > western_european_restaurant > french_restaurant,french_restaurant,French Restaurant,4,food_and_drink,false,restaurant,65306
food_and_drink > restaurant > european_restaurant > western_european_restaurant > french_restaurant > brasserie,brasserie,Brasserie,5,food_and_drink,false,restaurant,941
food_and_drink > restaurant > european_restaurant > western_european_restaurant > irish_restaurant,irish_restaurant,Irish Restaurant,4,food_and_drink,false,restaurant,483
food_and_drink > restaurant > european_restaurant > western_european_restaurant > scottish_restaurant,scottish_restaurant,Scottish Restaurant,4,food_and_drink,false,restaurant,239
food_and_drink > restaurant > european_restaurant > western_european_restaurant > welsh_restaurant,welsh_restaurant,Welsh Restaurant,4,food_and_drink,false,restaurant,
food_and_drink > restaurant > haute_cuisine_restaurant,haute_cuisine_restaurant,Haute Cuisine Restaurant,2,food_and_drink,false,restaurant,3
food_and_drink > restaurant > international_fusion_restaurant,international_fusion_restaurant,International Fusion Restaurant,2,food_and_drink,false,restaurant,476
food_and_drink > restaurant > international_fusion_restaurant > asian_fusion_restaurant,asian_fusion_restaurant,Asian Fusion Restaurant,3,food_and_drink,false,restaurant,12746
food_and_drink > restaurant > international_fusion_restaurant > latin_fusion_restaurant,latin_fusion_restaurant,Latin Fusion Restaurant,3,food_and_drink,false,restaurant,
food_and_drink > restaurant > international_fusion_restaurant > pan_asian_restaurant,pan_asian_restaurant,Pan Asian Restaurant,3,food_and_drink,false,restaurant,2864
food_and_drink > restaurant > latin_american_restaurant,latin_american_restaurant,Latin American Restaurant,2,food_and_drink,false,restaurant,21756
food_and_drink > restaurant > latin_american_restaurant > caribbean_restaurant,caribbean_restaurant,Caribbean Restaurant,3,food_and_drink,false,restaurant,7779
food_and_drink > restaurant > latin_american_restaurant > caribbean_restaurant > cuban_restaurant,cuban_restaurant,Cuban Restaurant,4,food_and_drink,false,restaurant,3109
food_and_drink > restaurant > latin_american_restaurant > caribbean_restaurant > dominican_restaurant,dominican_restaurant,Dominican Restaurant,4,food_and_drink,false,restaurant,1029
food_and_drink > restaurant > latin_american_restaurant > caribbean_restaurant > haitian_restaurant,haitian_restaurant,Haitian Restaurant,4,food_and_drink,false,restaurant,503
food_and_drink > restaurant > latin_american_restaurant > caribbean_restaurant > jamaican_restaurant,jamaican_restaurant,Jamaican Restaurant,4,food_and_drink,false,restaurant,2508
food_and_drink > restaurant > latin_american_restaurant > caribbean_restaurant > puerto_rican_restaurant,puerto_rican_restaurant,Puerto Rican Restaurant,4,food_and_drink,false,restaurant,1125
food_and_drink > restaurant > latin_american_restaurant > caribbean_restaurant > trinidadian_restaurant,trinidadian_restaurant,Trinidadian Restaurant,4,food_and_drink,false,restaurant,63
food_and_drink > restaurant > latin_american_restaurant > central_american_restaurant,central_american_restaurant,Central American Restaurant,3,food_and_drink,false,restaurant,
food_and_drink > restaurant > latin_american_restaurant > central_american_restaurant > belizean_restaurant,belizean_restaurant,Belizean Restaurant,4,food_and_drink,false,restaurant,12
food_and_drink > restaurant > latin_american_restaurant > central_american_restaurant > costa_rican_restaurant,costa_rican_restaurant,Costa Rican Restaurant,4,food_and_drink,false,restaurant,91
food_and_drink > restaurant > latin_american_restaurant > central_american_restaurant > guatemalan_restaurant,guatemalan_restaurant,Guatemalan Restaurant,4,food_and_drink,false,restaurant,460
food_and_drink > restaurant > latin_american_restaurant > central_american_restaurant > honduran_restaurant,honduran_restaurant,Honduran Restaurant,4,food_and_drink,false,restaurant,806
food_and_drink > restaurant > latin_american_restaurant > central_american_restaurant > nicaraguan_restaurant,nicaraguan_restaurant,Nicaraguan Restaurant,4,food_and_drink,false,restaurant,319
food_and_drink > restaurant > latin_american_restaurant > central_american_restaurant > panamanian_restaurant,panamanian_restaurant,Panamanian Restaurant,4,food_and_drink,false,restaurant,257
food_and_drink > restaurant > latin_american_restaurant > central_american_restaurant > salvadoran_restaurant,salvadoran_restaurant,Salvadoran Restaurant,4,food_and_drink,false,restaurant,2477
food_and_drink > restaurant > latin_american_restaurant > empanada_restaurant,empanada_restaurant,Empanada Restaurant,3,food_and_drink,false,restaurant,274
food_and_drink > restaurant > latin_american_restaurant > mexican_restaurant,mexican_restaurant,Mexican Restaurant,3,food_and_drink,false,restaurant,211662
food_and_drink > restaurant > latin_american_restaurant > south_american_restaurant,south_american_restaurant,South American Restaurant,3,food_and_drink,false,restaurant,
food_and_drink > restaurant > latin_american_restaurant > south_american_restaurant > argentine_restaurant,argentine_restaurant,Argentine Restaurant,4,food_and_drink,false,restaurant,4479
food_and_drink > restaurant > latin_american_restaurant > south_american_restaurant > bolivian_restaurant,bolivian_restaurant,Bolivian Restaurant,4,food_and_drink,false,restaurant,153
food_and_drink > restaurant > latin_american_restaurant > south_american_restaurant > brazilian_restaurant,brazilian_restaurant,Brazilian Restaurant,4,food_and_drink,false,restaurant,45435
food_and_drink > restaurant > latin_american_restaurant > south_american_restaurant > chilean_restaurant,chilean_restaurant,Chilean Restaurant,4,food_and_drink,false,restaurant,297
food_and_drink > restaurant > latin_american_restaurant > south_american_restaurant > colombian_restaurant,colombian_restaurant,Colombian Restaurant,4,food_and_drink,false,restaurant,3106
food_and_drink > restaurant > latin_american_restaurant > south_american_restaurant > ecuadorian_restaurant,ecuadorian_restaurant,Ecuadorian Restaurant,4,food_and_drink,false,restaurant,1001
food_and_drink > restaurant > latin_american_restaurant > south_american_restaurant > paraguayan_restaurant,paraguayan_restaurant,Paraguayan Restaurant,4,food_and_drink,false,restaurant,78
food_and_drink > restaurant > latin_american_restaurant > south_american_restaurant > peruvian_restaurant,peruvian_restaurant,Peruvian Restaurant,4,food_and_drink,false,restaurant,9377
food_and_drink > restaurant > latin_american_restaurant > south_american_restaurant > surinamese_restaurant,surinamese_restaurant,Surinamese Restaurant,4,food_and_drink,false,restaurant,
food_and_drink > restaurant > latin_american_restaurant > south_american_restaurant > uruguayan_restaurant,uruguayan_restaurant,Uruguayan Restaurant,4,food_and_drink,false,restaurant,203
food_and_drink > restaurant > latin_american_restaurant > south_american_restaurant > venezuelan_restaurant,venezuelan_restaurant,Venezuelan Restaurant,4,food_and_drink,false,restaurant,1698
food_and_drink > restaurant > latin_american_restaurant > taco_restaurant,taco_restaurant,Taco Restaurant,3,food_and_drink,false,restaurant,42343
food_and_drink > restaurant > latin_american_restaurant > texmex_restaurant,texmex_restaurant,Texmex Restaurant,3,food_and_drink,false,restaurant,7539
food_and_drink > restaurant > meat_restaurant,meat_restaurant,Meat Restaurant,2,food_and_drink,false,restaurant,57
food_and_drink > restaurant > meat_restaurant > barbecue_restaurant,barbecue_restaurant,Barbecue Restaurant,3,food_and_drink,false,restaurant,112256
food_and_drink > restaurant > meat_restaurant > burger_restaurant,burger_restaurant,Burger Restaurant,3,food_and_drink,false,restaurant,158132
food_and_drink > restaurant > meat_restaurant > cheesesteak_restaurant,cheesesteak_restaurant,Cheesesteak Restaurant,3,food_and_drink,false,restaurant,563
food_and_drink > restaurant > meat_restaurant > chicken_restaurant,chicken_restaurant,Chicken Restaurant,3,food_and_drink,false,restaurant,95913
food_and_drink > restaurant > meat_restaurant > chicken_wings_restaurant,chicken_wings_restaurant,Chicken Wings Restaurant,3,food_and_drink,false,restaurant,7157
food_and_drink > restaurant > meat_restaurant > curry_sausage_restaurant,curry_sausage_restaurant,Curry Sausage Restaurant,3,food_and_drink,false,restaurant,2
food_and_drink > restaurant > meat_restaurant > hot_dog_restaurant,hot_dog_restaurant,Hot Dog Restaurant,3,food_and_drink,false,restaurant,13550
food_and_drink > restaurant > meat_restaurant > meatball_restaurant,meatball_restaurant,Meatball Restaurant,3,food_and_drink,false,restaurant,
food_and_drink > restaurant > meat_restaurant > rotisserie_chicken_restaurant,rotisserie_chicken_restaurant,Rotisserie Chicken Restaurant,3,food_and_drink,false,restaurant,5
food_and_drink > restaurant > meat_restaurant > steakhouse,steakhouse,Steakhouse,3,food_and_drink,false,restaurant,62767
food_and_drink > restaurant > meat_restaurant > venison_restaurant,venison_restaurant,Venison Restaurant,3,food_and_drink,false,restaurant,
food_and_drink > restaurant > meat_restaurant > wild_game_meats_restaurant,wild_game_meats_restaurant,Wild Game Meats Restaurant,3,food_and_drink,false,restaurant,1
food_and_drink > restaurant > middle_eastern_restaurant,middle_eastern_restaurant,Middle Eastern Restaurant,2,food_and_drink,false,restaurant,16804
food_and_drink > restaurant > middle_eastern_restaurant > arabian_restaurant,arabian_restaurant,Arabian Restaurant,3,food_and_drink,false,restaurant,3210
food_and_drink > restaurant > middle_eastern_restaurant > armenian_restaurant,armenian_restaurant,Armenian Restaurant,3,food_and_drink,false,restaurant,414
food_and_drink > restaurant > middle_eastern_restaurant > azerbaijani_restaurant,azerbaijani_restaurant,Azerbaijani Restaurant,3,food_and_drink,false,restaurant,60
food_and_drink > restaurant > middle_eastern_restaurant > falafel_restaurant,falafel_restaurant,Falafel Restaurant,3,food_and_drink,false,restaurant,860
food_and_drink > restaurant > middle_eastern_restaurant > georgian_restaurant,georgian_restaurant,Georgian Restaurant,3,food_and_drink,false,restaurant,1336
food_and_drink > restaurant > middle_eastern_restaurant > israeli_restaurant,israeli_restaurant,Israeli Restaurant,3,food_and_drink,false,restaurant,288
food_and_drink > restaurant > middle_eastern_restaurant > kofta_restaurant,kofta_restaurant,Kofta Restaurant,3,food_and_drink,false,restaurant,17
food_and_drink > restaurant > middle_eastern_restaurant > kurdish_restaurant,kurdish_restaurant,Kurdish Restaurant,3,food_and_drink,false,restaurant,120
food_and_drink > restaurant > middle_eastern_restaurant > lebanese_restaurant,lebanese_restaurant,Lebanese Restaurant,3,food_and_drink,false,restaurant,6717
food_and_drink > restaurant > middle_eastern_restaurant > palestinian_restaurant,palestinian_restaurant,Palestinian Restaurant,3,food_and_drink,false,restaurant,
food_and_drink > restaurant > middle_eastern_restaurant > persian_restaurant,persian_restaurant,Persian Restaurant,3,food_and_drink,false,restaurant,2564
food_and_drink > restaurant > middle_eastern_restaurant > syrian_restaurant,syrian_restaurant,Syrian Restaurant,3,food_and_drink,false,restaurant,1230
food_and_drink > restaurant > middle_eastern_restaurant > turkish_restaurant,turkish_restaurant,Turkish Restaurant,3,food_and_drink,false,restaurant,35007
food_and_drink > restaurant > middle_eastern_restaurant > turkish_restaurant > doner_kebab_restaurant,doner_kebab_restaurant,Doner Kebab Restaurant,4,food_and_drink,false,restaurant,24870
food_and_drink > restaurant > middle_eastern_restaurant > turkmen_restaurant,turkmen_restaurant,Turkmen Restaurant,3,food_and_drink,false,restaurant,
food_and_drink > restaurant > middle_eastern_restaurant > yemenite_restaurant,yemenite_restaurant,Yemenite Restaurant,3,food_and_drink,false,restaurant,
food_and_drink > restaurant > north_american_restaurant,north_american_restaurant,North American Restaurant,2,food_and_drink,false,restaurant,
food_and_drink > restaurant > north_american_restaurant > american_restaurant,american_restaurant,American Restaurant,3,food_and_drink,false,restaurant,66136
food_and_drink > restaurant > north_american_restaurant > american_restaurant > cajun_and_creole_restaurant,cajun_and_creole_restaurant,Cajun and Creole Restaurant,4,food_and_drink,false,restaurant,5107
food_and_drink > restaurant > north_american_restaurant > american_restaurant > southern_american_restaurant,southern_american_restaurant,Southern American Restaurant,4,food_and_drink,false,restaurant,5958
food_and_drink > restaurant > north_american_restaurant > canadian_restaurant,canadian_restaurant,Canadian Restaurant,3,food_and_drink,false,restaurant,1053
food_and_drink > restaurant > north_american_restaurant > canadian_restaurant > poutinerie_restaurant,poutinerie_restaurant,Poutinerie Restaurant,4,food_and_drink,false,restaurant,42
food_and_drink > restaurant > pacific_rim_restaurant,pacific_rim_restaurant,Pacific Rim Restaurant,2,food_and_drink,false,restaurant,
food_and_drink > restaurant > pacific_rim_restaurant > australian_restaurant,australian_restaurant,Australian Restaurant,3,food_and_drink,false,restaurant,1787
food_and_drink > restaurant > pacific_rim_restaurant > melanesian_restaurant,melanesian_restaurant,Melanesian Restaurant,3,food_and_drink,false,restaurant,
food_and_drink > restaurant > pacific_rim_restaurant > melanesian_restaurant > fijian_restaurant,fijian_restaurant,Fijian Restaurant,4,food_and_drink,false,restaurant,
food_and_drink > restaurant > pacific_rim_restaurant > micronesian_restaurant,micronesian_restaurant,Micronesian Restaurant,3,food_and_drink,false,restaurant,
food_and_drink > restaurant > pacific_rim_restaurant > micronesian_restaurant > guamanian_restaurant,guamanian_restaurant,Guamanian Restaurant,4,food_and_drink,false,restaurant,1
food_and_drink > restaurant > pacific_rim_restaurant > new_zealand_restaurant,new_zealand_restaurant,New Zealand Restaurant,3,food_and_drink,false,restaurant,
food_and_drink > restaurant > pacific_rim_restaurant > polynesian_restaurant,polynesian_restaurant,Polynesian Restaurant,3,food_and_drink,false,restaurant,178
food_and_drink > restaurant > pacific_rim_restaurant > polynesian_restaurant > hawaiian_restaurant,hawaiian_restaurant,Hawaiian Restaurant,4,food_and_drink,false,restaurant,2486
food_and_drink > restaurant > pacific_rim_restaurant > polynesian_restaurant > hawaiian_restaurant > poke_restaurant,poke_restaurant,Poke Restaurant,5,food_and_drink,false,restaurant,4620
food_and_drink > restaurant > pop_up_restaurant,pop_up_restaurant,Pop Up Restaurant,2,food_and_drink,false,restaurant,97
food_and_drink > restaurant > salad_bar,salad_bar,Salad Bar,2,food_and_drink,false,restaurant,12830
food_and_drink > restaurant > seafood_restaurant,seafood_restaurant,Seafood Restaurant,2,food_and_drink,false,restaurant,144973
food_and_drink > restaurant > seafood_restaurant > fish_and_chips_restaurant,fish_and_chips_restaurant,Fish and Chips Restaurant,3,food_and_drink,false,restaurant,17051
food_and_drink > restaurant > seafood_restaurant > fish_restaurant,fish_restaurant,Fish Restaurant,3,food_and_drink,false,restaurant,43
food_and_drink > restaurant > soul_food,soul_food,Soul Food,2,food_and_drink,false,restaurant,3087
food_and_drink > restaurant > soup_restaurant,soup_restaurant,Soup Restaurant,2,food_and_drink,false,restaurant,13668
food_and_drink > restaurant > special_diet_restaurant,special_diet_restaurant,Special Diet Restaurant,2,food_and_drink,false,restaurant,
food_and_drink > restaurant > special_diet_restaurant > acai_bowls,acai_bowls,Acai Bowls,3,food_and_drink,false,restaurant,355
food_and_drink > restaurant > special_diet_restaurant > gluten_free_restaurant,gluten_free_restaurant,Gluten Free Restaurant,3,food_and_drink,false,restaurant,1227
food_and_drink > restaurant > special_diet_restaurant > halal_restaurant,halal_restaurant,Halal Restaurant,3,food_and_drink,false,restaurant,7605
food_and_drink > restaurant > special_diet_restaurant > health_food_restaurant,health_food_restaurant,Health Food Restaurant,3,food_and_drink,false,restaurant,9750
food_and_drink > restaurant > special_diet_restaurant > jewish_restaurant,jewish_restaurant,Jewish Restaurant,3,food_and_drink,false,restaurant,54
food_and_drink > restaurant > special_diet_restaurant > kosher_restaurant,kosher_restaurant,Kosher Restaurant,3,food_and_drink,false,restaurant,1280
food_and_drink > restaurant > special_diet_restaurant > live_and_raw_food_restaurant,live_and_raw_food_restaurant,Live and Raw Food Restaurant,3,food_and_drink,false,restaurant,799
food_and_drink > restaurant > special_diet_restaurant > molecular_gastronomy_restaurant,molecular_gastronomy_restaurant,Molecular Gastronomy Restaurant,3,food_and_drink,false,restaurant,336
food_and_drink > restaurant > special_diet_restaurant > vegan_restaurant,vegan_restaurant,Vegan Restaurant,3,food_and_drink,false,restaurant,4033
food_and_drink > restaurant > special_diet_restaurant > vegetarian_restaurant,vegetarian_restaurant,Vegetarian Restaurant,3,food_and_drink,false,restaurant,25774
food_and_drink > restaurant > supper_club,supper_club,Supper Club,2,food_and_drink,false,restaurant,7
food_and_drink > restaurant > theme_restaurant,theme_restaurant,Theme Restaurant,2,food_and_drink,false,restaurant,23210
food_and_drink > restaurant > wrap_restaurant,wrap_restaurant,Wrap Restaurant,2,food_and_drink,false,restaurant,3
geographic_entities,geographic_entities,Geographic Entities,0,geographic_entities,true,geographic_entities,176263
geographic_entities > built_feature,built_feature,Built Feature,1,geographic_entities,true,built_feature,
geographic_entities > built_feature > bridge,bridge,Bridge,2,geographic_entities,true,bridge,43784
geographic_entities > built_feature > building,building,Building,2,geographic_entities,true,building,
geographic_entities > built_feature > building > skyscraper,skyscraper,Skyscraper,3,geographic_entities,false,building,3
geographic_entities > built_feature > dam,dam,Dam,2,geographic_entities,true,dam,2
geographic_entities > built_feature > dam > weir,weir,Weir,3,geographic_entities,false,dam,2
geographic_entities > built_feature > dock,dock,Dock,2,geographic_entities,true,dock,
geographic_entities > built_feature > garden,garden,Garden,2,geographic_entities,true,garden,
geographic_entities > built_feature > garden > botanical_garden,botanical_garden,Botanical Garden,3,geographic_entities,false,garden,10433
geographic_entities > built_feature > garden > community_garden,community_garden,Community Garden,3,geographic_entities,false,garden,205
geographic_entities > built_feature > lookout,lookout,Lookout,2,geographic_entities,false,built_feature,19
geographic_entities > built_feature > marina,marina,Marina,2,geographic_entities,true,marina,19183
geographic_entities > built_feature > pier,pier,Pier,2,geographic_entities,true,pier,4793
geographic_entities > built_feature > quay,quay,Quay,2,geographic_entities,false,built_feature,531
geographic_entities > land_feature,land_feature,Land Feature,1,geographic_entities,true,land_feature,
geographic_entities > land_feature > beach,beach,Beach,2,geographic_entities,true,beach,177958
geographic_entities > land_feature > beach > beach_combing_area,beach_combing_area,Beach Combing Area,3,geographic_entities,false,beach,
geographic_entities > land_feature > canyon,canyon,Canyon,2,geographic_entities,true,canyon,12
geographic_entities > land_feature > cave,cave,Cave,2,geographic_entities,false,land_feature,4432
geographic_entities > land_feature > crater,crater,Crater,2,geographic_entities,false,land_feature,
geographic_entities > land_feature > desert,desert,Desert,2,geographic_entities,false,land_feature,47
geographic_entities > land_feature > forest,forest,Forest,2,geographic_entities,true,forest,7854
geographic_entities > land_feature > geologic_formation,geologic_formation,Geologic Formation,2,geographic_entities,false,land_feature,1
geographic_entities > land_feature > hill,hill,Hill,2,geographic_entities,true,hill,
geographic_entities > land_feature > island,island,Island,2,geographic_entities,true,island,2613
geographic_entities > land_feature > mountain,mountain,Mountain,2,geographic_entities,true,mountain,131189
geographic_entities > land_feature > nature_reserve,nature_reserve,Nature Reserve,2,geographic_entities,true,nature_reserve,24277
geographic_entities > land_feature > sand_dune,sand_dune,Sand Dune,2,geographic_entities,false,land_feature,10
geographic_entities > land_feature > valley,valley,Valley,2,geographic_entities,true,valley,
geographic_entities > scenic_viewpoint,scenic_viewpoint,Scenic Viewpoint,1,geographic_entities,true,scenic_viewpoint,
geographic_entities > scenic_viewpoint > skyline,skyline,Skyline,2,geographic_entities,false,scenic_viewpoint,2
geographic_entities > scenic_viewpoint > stargazing_area,stargazing_area,Stargazing Area,2,geographic_entities,false,scenic_viewpoint,
geographic_entities > water_feature,water_feature,Water Feature,1,geographic_entities,true,water_feature,
geographic_entities > water_feature > canal,canal,Canal,2,geographic_entities,true,canal,2621
geographic_entities > water_feature > hot_springs,hot_springs,Hot Springs,2,geographic_entities,true,hot_springs,5642
geographic_entities > water_feature > lake,lake,Lake,2,geographic_entities,true,lake,215556
geographic_entities > water_feature > ocean,ocean,Ocean,2,geographic_entities,true,ocean,
geographic_entities > water_feature > river,river,River,2,geographic_entities,true,river,134916
geographic_entities > water_feature > sea,sea,Sea,2,geographic_entities,true,sea,
geographic_entities > water_feature > waterfall,waterfall,Waterfall,2,geographic_entities,true,waterfall,8069
health_care,health_care,Health Care,0,health_care,true,health_care,601038
health_care > emergency_or_urgent_care_facility,emergency_or_urgent_care_facility,Emergency or Urgent Care Facility,1,health_care,true,emergency_or_urgent_care_facility,3986
health_care > emergency_or_urgent_care_facility > ambulance_or_ems_service,ambulance_or_ems_service,Ambulance or EMS Service,2,health_care,false,emergency_or_urgent_care_facility,24238
health_care > emergency_or_urgent_care_facility > emergency_department,emergency_department,Emergency Department,2,health_care,true,emergency_department,13985
health_care > emergency_or_urgent_care_facility > urgent_care_clinic,urgent_care_clinic,Urgent Care Clinic,2,health_care,true,urgent_care_clinic,5530
health_care > emergency_or_urgent_care_facility > walk_in_clinic,walk_in_clinic,Walk-In Clinic,2,health_care,true,walk_in_clinic,8395
health_care > hospital,hospital,Hospital,1,health_care,true,hospital,483089
health_care > hospital > general_hospital,general_hospital,General Hospital,2,health_care,true,general_hospital,
health_care > hospital > specialty_hospital,specialty_hospital,Specialty Hospital,2,health_care,true,specialty_hospital,
health_care > hospital > specialty_hospital > childrens_hospital,childrens_hospital,Children's Hospital,3,health_care,false,specialty_hospital,1175
health_care > hospital > specialty_hospital > long_term_care_hospital,long_term_care_hospital,Long Term Care Hospital,3,health_care,false,specialty_hospital,
health_care > hospital > specialty_hospital > psychiatric_hospital,psychiatric_hospital,Psychiatric Hospital,3,health_care,false,specialty_hospital,
health_care > hospital > specialty_hospital > rehabilitation_hospital,rehabilitation_hospital,Rehabilitation Hospital,3,health_care,false,specialty_hospital,
health_care > hospital > specialty_hospital > veterans_hospital,veterans_hospital,Veterans Hospital,3,health_care,false,specialty_hospital,
health_care > medical_service,medical_service,Medical Service,1,health_care,true,medical_service,
health_care > medical_service > blood_and_plasma_donation_center,blood_and_plasma_donation_center,Blood and Plasma Donation Center,2,health_care,false,medical_service,8151
health_care > medical_service > ems_training,ems_training,EMS Training,2,health_care,false,medical_service,394
health_care > medical_service > health_insurance_office,health_insurance_office,Health Insurance Office,2,health_care,false,medical_service,10637
health_care > medical_service > home_health_care,home_health_care,Home Health Care,2,health_care,false,medical_service,81007
health_care > medical_service > hospice,hospice,Hospice,2,health_care,false,medical_service,10856
health_care > medical_service > medical_billing,medical_billing,Medical Billing,2,health_care,false,medical_service,2550
health_care > medical_service > medical_cannabis,medical_cannabis,Medical Cannabis,2,health_care,false,medical_service,
health_care > medical_service > medical_cannabis > cannabis_clinic,cannabis_clinic,Cannabis Clinic,3,health_care,false,medical_service,10589
health_care > medical_service > medical_cannabis > cannabis_collective,cannabis_collective,Cannabis Collective,3,health_care,false,medical_service,16
health_care > medical_service > medical_cannabis > medical_cannabis_referral,medical_cannabis_referral,Medical Cannabis Referral,3,health_care,false,medical_service,169
health_care > medical_service > medical_service_organization,medical_service_organization,Medical Service Organization,2,health_care,false,medical_service,56259
health_care > medical_service > medical_transportation,medical_transportation,Medical Transportation,2,health_care,false,medical_service,2932
health_care > medical_service > sperm_clinic,sperm_clinic,Sperm Clinic,2,health_care,false,medical_service,37
health_care > outpatient_care_facility,outpatient_care_facility,Outpatient Care Facility,1,health_care,true,outpatient_care_facility,210956
health_care > outpatient_care_facility > behavioral_or_mental_health_clinic,behavioral_or_mental_health_clinic,Behavioral or Mental Health Clinic,2,health_care,true,behavioral_or_mental_health_clinic,32418
health_care > outpatient_care_facility > behavioral_or_mental_health_clinic > behavioral_or_crisis_service,behavioral_or_crisis_service,Behavioral or Crisis Service,3,health_care,false,behavioral_or_mental_health_clinic,
health_care > outpatient_care_facility > behavioral_or_mental_health_clinic > behavioral_or_crisis_service > behavior_analysis,behavior_analysis,Behavior Analysis,4,health_care,false,behavioral_or_mental_health_clinic,459
health_care > outpatient_care_facility > behavioral_or_mental_health_clinic > behavioral_or_crisis_service > crisis_intervention_service,crisis_intervention_service,Crisis Intervention Service,4,health_care,false,behavioral_or_mental_health_clinic,1111
health_care > outpatient_care_facility > behavioral_or_mental_health_clinic > behavioral_or_crisis_service > stress_management_service,stress_management_service,Stress Management Service,4,health_care,false,behavioral_or_mental_health_clinic,28
health_care > outpatient_care_facility > behavioral_or_mental_health_clinic > behavioral_or_crisis_service > suicide_prevention_service,suicide_prevention_service,Suicide Prevention Service,4,health_care,false,behavioral_or_mental_health_clinic,2
health_care > outpatient_care_facility > behavioral_or_mental_health_clinic > counseling,counseling,Counseling,3,health_care,false,behavioral_or_mental_health_clinic,
health_care > outpatient_care_facility > behavioral_or_mental_health_clinic > counseling > family_counseling,family_counseling,Family Counseling,4,health_care,false,behavioral_or_mental_health_clinic,6168
health_care > outpatient_care_facility > behavioral_or_mental_health_clinic > counseling > marriage_or_relationship_counseling,marriage_or_relationship_counseling,Marriage or Relationship Counseling,4,health_care,false,behavioral_or_mental_health_clinic,7079
health_care > outpatient_care_facility > behavioral_or_mental_health_clinic > counseling > sex_therapy,sex_therapy,Sex Therapy,4,health_care,false,behavioral_or_mental_health_clinic,1720
health_care > outpatient_care_facility > behavioral_or_mental_health_clinic > psychiatry_or_psychology_service,psychiatry_or_psychology_service,Psychiatry or Psychology Service,3,health_care,false,behavioral_or_mental_health_clinic,
health_care > outpatient_care_facility > behavioral_or_mental_health_clinic > psychiatry_or_psychology_service > psychiatry,psychiatry,Psychiatry,4,health_care,false,behavioral_or_mental_health_clinic,23040
health_care > outpatient_care_facility > behavioral_or_mental_health_clinic > psychiatry_or_psychology_service > psychiatry > child_psychiatry,child_psychiatry,Child Psychiatry,5,health_care,false,behavioral_or_mental_health_clinic,1568
health_care > outpatient_care_facility > behavioral_or_mental_health_clinic > psychiatry_or_psychology_service > psychiatry > geriatric_psychiatry,geriatric_psychiatry,Geriatric Psychiatry,5,health_care,false,behavioral_or_mental_health_clinic,48
health_care > outpatient_care_facility > behavioral_or_mental_health_clinic > psychiatry_or_psychology_service > psychoanalysis,psychoanalysis,Psychoanalysis,4,health_care,false,behavioral_or_mental_health_clinic,114
health_care > outpatient_care_facility > behavioral_or_mental_health_clinic > psychiatry_or_psychology_service > psychology,psychology,Psychology,4,health_care,false,behavioral_or_mental_health_clinic,106517
health_care > outpatient_care_facility > behavioral_or_mental_health_clinic > psychiatry_or_psychology_service > psychology > sports_psychology,sports_psychology,Sports Psychology,5,health_care,false,behavioral_or_mental_health_clinic,306
health_care > outpatient_care_facility > behavioral_or_mental_health_clinic > psychiatry_or_psychology_service > psychotherapy,psychotherapy,Psychotherapy,4,health_care,false,behavioral_or_mental_health_clinic,50832
health_care > outpatient_care_facility > behavioral_or_mental_health_clinic > psychiatry_or_psychology_service > psychotherapy > art_therapy,art_therapy,Art Therapy,5,health_care,false,behavioral_or_mental_health_clinic,
health_care > outpatient_care_facility > behavioral_or_mental_health_clinic > psychiatry_or_psychology_service > psychotherapy > hypnotherapy,hypnotherapy,Hypnotherapy,5,health_care,false,behavioral_or_mental_health_clinic,3178
health_care > outpatient_care_facility > behavioral_or_mental_health_clinic > sophrology,sophrology,Sophrology,3,health_care,false,behavioral_or_mental_health_clinic,
health_care > outpatient_care_facility > complementary_and_alternative_medicine,complementary_and_alternative_medicine,Complementary and Alternative Medicine,2,health_care,true,complementary_and_alternative_medicine,19458
health_care > outpatient_care_facility > complementary_and_alternative_medicine > acupuncture,acupuncture,Acupuncture,3,health_care,false,complementary_and_alternative_medicine,44440
health_care > outpatient_care_facility > complementary_and_alternative_medicine > aromatherapy,aromatherapy,Aromatherapy,3,health_care,false,complementary_and_alternative_medicine,5367
health_care > outpatient_care_facility > complementary_and_alternative_medicine > ayurveda,ayurveda,Ayurveda,3,health_care,false,complementary_and_alternative_medicine,294
health_care > outpatient_care_facility > complementary_and_alternative_medicine > chiropractic,chiropractic,Chiropractic,3,health_care,false,complementary_and_alternative_medicine,112958
health_care > outpatient_care_facility > complementary_and_alternative_medicine > homeopathy,homeopathy,Homeopathy,3,health_care,false,complementary_and_alternative_medicine,1197
health_care > outpatient_care_facility > complementary_and_alternative_medicine > naturopathic_medicine,naturopathic_medicine,Naturopathic Medicine,3,health_care,false,complementary_and_alternative_medicine,145746
health_care > outpatient_care_facility > complementary_and_alternative_medicine > reflexology,reflexology,Reflexology,3,health_care,false,complementary_and_alternative_medicine,7363
health_care > outpatient_care_facility > complementary_and_alternative_medicine > reiki,reiki,Reiki,3,health_care,false,complementary_and_alternative_medicine,1473
health_care > outpatient_care_facility > complementary_and_alternative_medicine > traditional_chinese_medicine,traditional_chinese_medicine,Traditional Chinese Medicine,3,health_care,false,complementary_and_alternative_medicine,145
health_care > outpatient_care_facility > complementary_and_alternative_medicine > traditional_chinese_medicine > tui_na,tui_na,Tui Na,4,health_care,false,complementary_and_alternative_medicine,48
health_care > outpatient_care_facility > dental_clinic,dental_clinic,Dental Clinic,2,health_care,true,dental_clinic,505874
health_care > outpatient_care_facility > dental_clinic > cosmetic_dentistry,cosmetic_dentistry,Cosmetic Dentistry,3,health_care,false,dental_clinic,26945
health_care > outpatient_care_facility > dental_clinic > dental_hygiene,dental_hygiene,Dental Hygiene,3,health_care,false,dental_clinic,189
health_care > outpatient_care_facility > dental_clinic > endodontics,endodontics,Endodontics,3,health_care,false,dental_clinic,6970
health_care > outpatient_care_facility > dental_clinic > general_dentistry,general_dentistry,General Dentistry,3,health_care,false,dental_clinic,114479
health_care > outpatient_care_facility > dental_clinic > orthodontics,orthodontics,Orthodontics,3,health_care,false,dental_clinic,36749
health_care > outpatient_care_facility > dental_clinic > pediatric_dentistry,pediatric_dentistry,Pediatric Dentistry,3,health_care,false,dental_clinic,17614
health_care > outpatient_care_facility > dental_clinic > periodontics,periodontics,Periodontics,3,health_care,false,dental_clinic,5308
health_care > outpatient_care_facility > dental_clinic > prosthodontics,prosthodontics,Prosthodontics,3,health_care,false,dental_clinic,3166
health_care > outpatient_care_facility > diagnostics_imaging_or_lab_service,diagnostics_imaging_or_lab_service,Diagnostics Imaging or Lab Service,2,health_care,true,diagnostics_imaging_or_lab_service,
health_care > outpatient_care_facility > diagnostics_imaging_or_lab_service > diagnostic_imaging,diagnostic_imaging,Diagnostic Imaging,3,health_care,false,diagnostics_imaging_or_lab_service,24563
health_care > outpatient_care_facility > diagnostics_imaging_or_lab_service > diagnostic_imaging > ultrasound_imaging,ultrasound_imaging,Ultrasound Imaging,4,health_care,false,diagnostics_imaging_or_lab_service,113
health_care > outpatient_care_facility > diagnostics_imaging_or_lab_service > doctors_office,doctors_office,Doctors Office,3,health_care,false,diagnostics_imaging_or_lab_service,356733
health_care > outpatient_care_facility > diagnostics_imaging_or_lab_service > laboratory_testing,laboratory_testing,Laboratory Testing,3,health_care,false,diagnostics_imaging_or_lab_service,83843
health_care > outpatient_care_facility > diagnostics_imaging_or_lab_service > laboratory_testing > paternity_testing,paternity_testing,Paternity Testing,4,health_care,false,diagnostics_imaging_or_lab_service,221
health_care > outpatient_care_facility > diagnostics_imaging_or_lab_service > pathology,pathology,Pathology,3,health_care,false,diagnostics_imaging_or_lab_service,6003
health_care > outpatient_care_facility > diagnostics_imaging_or_lab_service > radiology,radiology,Radiology,3,health_care,false,diagnostics_imaging_or_lab_service,13900
health_care > outpatient_care_facility > pediatric_clinic,pediatric_clinic,Pediatric Clinic,2,health_care,true,pediatric_clinic,58503
health_care > outpatient_care_facility > pediatric_clinic > general_pediatrics,general_pediatrics,General Pediatrics,3,health_care,false,pediatric_clinic,
health_care > outpatient_care_facility > pediatric_clinic > pediatric_anesthesiology,pediatric_anesthesiology,Pediatric Anesthesiology,3,health_care,false,pediatric_clinic,111
health_care > outpatient_care_facility > pediatric_clinic > pediatric_cardiology,pediatric_cardiology,Pediatric Cardiology,3,health_care,false,pediatric_clinic,2010
health_care > outpatient_care_facility > pediatric_clinic > pediatric_endocrinology,pediatric_endocrinology,Pediatric Endocrinology,3,health_care,false,pediatric_clinic,602
health_care > outpatient_care_facility > pediatric_clinic > pediatric_gastroenterology,pediatric_gastroenterology,Pediatric Gastroenterology,3,health_care,false,pediatric_clinic,695
health_care > outpatient_care_facility > pediatric_clinic > pediatric_infectious_disease,pediatric_infectious_disease,Pediatric Infectious Disease,3,health_care,false,pediatric_clinic,20
health_care > outpatient_care_facility > pediatric_clinic > pediatric_nephrology,pediatric_nephrology,Pediatric Nephrology,3,health_care,false,pediatric_clinic,232
health_care > outpatient_care_facility > pediatric_clinic > pediatric_neurology,pediatric_neurology,Pediatric Neurology,3,health_care,false,pediatric_clinic,561
health_care > outpatient_care_facility > pediatric_clinic > pediatric_oncology,pediatric_oncology,Pediatric Oncology,3,health_care,false,pediatric_clinic,465
health_care > outpatient_care_facility > pediatric_clinic > pediatric_pulmonology,pediatric_pulmonology,Pediatric Pulmonology,3,health_care,false,pediatric_clinic,676
health_care > outpatient_care_facility > pediatric_clinic > pediatric_radiology,pediatric_radiology,Pediatric Radiology,3,health_care,false,pediatric_clinic,69
health_care > outpatient_care_facility > physical_medicine_and_rehabilitation,physical_medicine_and_rehabilitation,Physical Medicine and Rehabilitation,2,health_care,true,physical_medicine_and_rehabilitation,
health_care > outpatient_care_facility > physical_medicine_and_rehabilitation > animal_assisted_therapy,animal_assisted_therapy,Animal Assisted Therapy,3,health_care,false,physical_medicine_and_rehabilitation,12
health_care > outpatient_care_facility > physical_medicine_and_rehabilitation > occupational_therapy,occupational_therapy,Occupational Therapy,3,health_care,false,physical_medicine_and_rehabilitation,13083
health_care > outpatient_care_facility > physical_medicine_and_rehabilitation > orthotics,orthotics,Orthotics,3,health_care,false,physical_medicine_and_rehabilitation,1210
health_care > outpatient_care_facility > physical_medicine_and_rehabilitation > physical_therapy,physical_therapy,Physical Therapy,3,health_care,false,physical_medicine_and_rehabilitation,209566
health_care > outpatient_care_facility > physical_medicine_and_rehabilitation > prosthetics,prosthetics,Prosthetics,3,health_care,false,physical_medicine_and_rehabilitation,7755
health_care > outpatient_care_facility > physical_medicine_and_rehabilitation > psychomotor_therapy,psychomotor_therapy,Psychomotor Therapy,3,health_care,false,physical_medicine_and_rehabilitation,3
health_care > outpatient_care_facility > physical_medicine_and_rehabilitation > rehabilitation_center,rehabilitation_center,Rehabilitation Center,3,health_care,false,physical_medicine_and_rehabilitation,6536
health_care > outpatient_care_facility > physical_medicine_and_rehabilitation > rehabilitation_center > addiction_rehabilitation_center,addiction_rehabilitation_center,Addiction Rehabilitation Center,4,health_care,false,physical_medicine_and_rehabilitation,5326
health_care > outpatient_care_facility > physical_medicine_and_rehabilitation > speech_therapy,speech_therapy,Speech Therapy,3,health_care,false,physical_medicine_and_rehabilitation,18793
health_care > outpatient_care_facility > primary_care_or_general_clinic,primary_care_or_general_clinic,Primary Care or General Clinic,2,health_care,true,primary_care_or_general_clinic,
health_care > outpatient_care_facility > primary_care_or_general_clinic > community_health_center,community_health_center,Community Health Center,3,health_care,false,primary_care_or_general_clinic,1068
health_care > outpatient_care_facility > primary_care_or_general_clinic > concierge_medicine,concierge_medicine,Concierge Medicine,3,health_care,false,primary_care_or_general_clinic,80
health_care > outpatient_care_facility > primary_care_or_general_clinic > family_practice,family_practice,Family Practice,3,health_care,false,primary_care_or_general_clinic,61513
health_care > outpatient_care_facility > primary_care_or_general_clinic > mobile_clinic,mobile_clinic,Mobile Clinic,3,health_care,false,primary_care_or_general_clinic,307
health_care > outpatient_care_facility > primary_care_or_general_clinic > public_health_clinic,public_health_clinic,Public Health Clinic,3,health_care,false,primary_care_or_general_clinic,42136
health_care > outpatient_care_facility > primary_care_or_general_clinic > storefront_clinic,storefront_clinic,Storefront Clinic,3,health_care,false,primary_care_or_general_clinic,
health_care > outpatient_care_facility > reproductive_perinatal_and_womens_care,reproductive_perinatal_and_womens_care,Reproductive Perinatal and Women's Care,2,health_care,true,reproductive_perinatal_and_womens_care,12735
health_care > outpatient_care_facility > reproductive_perinatal_and_womens_care > doula_service,doula_service,Doula Service,3,health_care,false,reproductive_perinatal_and_womens_care,330
health_care > outpatient_care_facility > reproductive_perinatal_and_womens_care > lactation_service,lactation_service,Lactation Service,3,health_care,false,reproductive_perinatal_and_womens_care,159
health_care > outpatient_care_facility > reproductive_perinatal_and_womens_care > maternity_center,maternity_center,Maternity Center,3,health_care,false,reproductive_perinatal_and_womens_care,7257
health_care > outpatient_care_facility > reproductive_perinatal_and_womens_care > midwifery,midwifery,Midwifery,3,health_care,false,reproductive_perinatal_and_womens_care,2161
health_care > outpatient_care_facility > reproductive_perinatal_and_womens_care > obstetrics_and_gynecology,obstetrics_and_gynecology,Obstetrics and Gynecology,3,health_care,false,reproductive_perinatal_and_womens_care,66963
health_care > outpatient_care_facility > reproductive_perinatal_and_womens_care > prenatal_and_perinatal_care,prenatal_and_perinatal_care,Prenatal and Perinatal Care,3,health_care,false,reproductive_perinatal_and_womens_care,9421
health_care > outpatient_care_facility > specialized_health_care,specialized_health_care,Specialized Health Care,2,health_care,true,specialized_health_care,9268
health_care > outpatient_care_facility > specialized_health_care > cardiovascular_and_vascular_medicine,cardiovascular_and_vascular_medicine,Cardiovascular and Vascular Medicine,3,health_care,false,specialized_health_care,
health_care > outpatient_care_facility > specialized_health_care > cardiovascular_and_vascular_medicine > cardiology,cardiology,Cardiology,4,health_care,false,specialized_health_care,34058
health_care > outpatient_care_facility > specialized_health_care > cardiovascular_and_vascular_medicine > phlebology,phlebology,Phlebology,4,health_care,false,specialized_health_care,43
health_care > outpatient_care_facility > specialized_health_care > cardiovascular_and_vascular_medicine > vascular_medicine,vascular_medicine,Vascular Medicine,4,health_care,false,specialized_health_care,369
health_care > outpatient_care_facility > specialized_health_care > ear_nose_and_throat,ear_nose_and_throat,Ear Nose and Throat,3,health_care,false,specialized_health_care,19067
health_care > outpatient_care_facility > specialized_health_care > ear_nose_and_throat > audiology,audiology,Audiology,4,health_care,false,specialized_health_care,18087
health_care > outpatient_care_facility > specialized_health_care > ear_nose_and_throat > otolaryngology,otolaryngology,Otolaryngology,4,health_care,false,specialized_health_care,
health_care > outpatient_care_facility > specialized_health_care > ear_nose_and_throat > otolaryngology > neurotology,neurotology,Neurotology,5,health_care,false,specialized_health_care,12
health_care > outpatient_care_facility > specialized_health_care > ear_nose_and_throat > otolaryngology > otology,otology,Otology,5,health_care,false,specialized_health_care,274
health_care > outpatient_care_facility > specialized_health_care > endocrinology,endocrinology,Endocrinology,3,health_care,false,specialized_health_care,8422
health_care > outpatient_care_facility > specialized_health_care > gastroenterology,gastroenterology,Gastroenterology,3,health_care,false,specialized_health_care,17532
health_care > outpatient_care_facility > specialized_health_care > gastroenterology > endoscopy,endoscopy,Endoscopy,4,health_care,false,specialized_health_care,38
health_care > outpatient_care_facility > specialized_health_care > gastroenterology > hepatology,hepatology,Hepatology,4,health_care,false,specialized_health_care,192
health_care > outpatient_care_facility > specialized_health_care > gastroenterology > proctology,proctology,Proctology,4,health_care,false,specialized_health_care,2113
health_care > outpatient_care_facility > specialized_health_care > genetics,genetics,Genetics,3,health_care,false,specialized_health_care,106
health_care > outpatient_care_facility > specialized_health_care > genetics > gerontology,gerontology,Gerontology,4,health_care,false,specialized_health_care,835
health_care > outpatient_care_facility > specialized_health_care > geriatric_medicine,geriatric_medicine,Geriatric Medicine,3,health_care,false,specialized_health_care,1561
health_care > outpatient_care_facility > specialized_health_care > internal_medicine,internal_medicine,Internal Medicine,3,health_care,false,specialized_health_care,34727
health_care > outpatient_care_facility > specialized_health_care > internal_medicine > allergy_and_immunology,allergy_and_immunology,Allergy and Immunology,4,health_care,false,specialized_health_care,6978
health_care > outpatient_care_facility > specialized_health_care > internal_medicine > infectious_disease,infectious_disease,Infectious Disease,4,health_care,false,specialized_health_care,4177
health_care > outpatient_care_facility > specialized_health_care > internal_medicine > infectious_disease > tropical_medicine,tropical_medicine,Tropical Medicine,5,health_care,false,specialized_health_care,
health_care > outpatient_care_facility > specialized_health_care > internal_medicine > oncology,oncology,Oncology,4,health_care,false,specialized_health_care,16799
health_care > outpatient_care_facility > specialized_health_care > internal_medicine > oncology > hematology,hematology,Hematology,5,health_care,false,specialized_health_care,4399
health_care > outpatient_care_facility > specialized_health_care > internal_medicine > rheumatology,rheumatology,Rheumatology,4,health_care,false,specialized_health_care,5307
health_care > outpatient_care_facility > specialized_health_care > medical_skin_care,medical_skin_care,Medical Skin Care,3,health_care,false,specialized_health_care,
health_care > outpatient_care_facility > specialized_health_care > medical_skin_care > aesthetic_medicine,aesthetic_medicine,Aesthetic Medicine,4,health_care,false,specialized_health_care,290
health_care > outpatient_care_facility > specialized_health_care > medical_skin_care > body_contouring,body_contouring,Body Contouring,4,health_care,false,specialized_health_care,455
health_care > outpatient_care_facility > specialized_health_care > medical_skin_care > dermatology,dermatology,Dermatology,4,health_care,false,specialized_health_care,46464
health_care > outpatient_care_facility > specialized_health_care > medical_skin_care > dermatology > immunodermatology,immunodermatology,Immunodermatology,5,health_care,false,specialized_health_care,30
health_care > outpatient_care_facility > specialized_health_care > medical_skin_care > tattoo_removal,tattoo_removal,Tattoo Removal,4,health_care,false,specialized_health_care,530
health_care > outpatient_care_facility > specialized_health_care > musculoskeletal_medicine,musculoskeletal_medicine,Musculoskeletal Medicine,3,health_care,false,specialized_health_care,
health_care > outpatient_care_facility > specialized_health_care > musculoskeletal_medicine > orthopedics,orthopedics,Orthopedics,4,health_care,false,specialized_health_care,42337
health_care > outpatient_care_facility > specialized_health_care > musculoskeletal_medicine > podiatry,podiatry,Podiatry,4,health_care,false,specialized_health_care,43472
health_care > outpatient_care_facility > specialized_health_care > nephrology,nephrology,Nephrology,3,health_care,false,specialized_health_care,6341
health_care > outpatient_care_facility > specialized_health_care > neurology,neurology,Neurology,3,health_care,false,specialized_health_care,21495
health_care > outpatient_care_facility > specialized_health_care > neurology > neuropathology,neuropathology,Neuropathology,4,health_care,false,specialized_health_care,2262
health_care > outpatient_care_facility > specialized_health_care > nursing,nursing,Nursing,3,health_care,false,specialized_health_care,40849
health_care > outpatient_care_facility > specialized_health_care > osteopathic_medicine,osteopathic_medicine,Osteopathic Medicine,3,health_care,false,specialized_health_care,22494
health_care > outpatient_care_facility > specialized_health_care > pain_management,pain_management,Pain Management,3,health_care,false,specialized_health_care,7748
health_care > outpatient_care_facility > specialized_health_care > pain_management > anesthesiology,anesthesiology,Anesthesiology,4,health_care,false,specialized_health_care,7715
health_care > outpatient_care_facility > specialized_health_care > preventive_medicine,preventive_medicine,Preventive Medicine,3,health_care,false,specialized_health_care,89
health_care > outpatient_care_facility > specialized_health_care > preventive_medicine > environmental_medicine,environmental_medicine,Environmental Medicine,4,health_care,false,specialized_health_care,5
health_care > outpatient_care_facility > specialized_health_care > preventive_medicine > hyperbaric_medicine,hyperbaric_medicine,Hyperbaric Medicine,4,health_care,false,specialized_health_care,183
health_care > outpatient_care_facility > specialized_health_care > preventive_medicine > occupational_medicine,occupational_medicine,Occupational Medicine,4,health_care,false,specialized_health_care,2036
health_care > outpatient_care_facility > specialized_health_care > preventive_medicine > toxicology,toxicology,Toxicology,4,health_care,false,specialized_health_care,35
health_care > outpatient_care_facility > specialized_health_care > pulmonology,pulmonology,Pulmonology,3,health_care,false,specialized_health_care,7869
health_care > outpatient_care_facility > specialized_health_care > pulmonology > sleep_medicine,sleep_medicine,Sleep Medicine,4,health_care,false,specialized_health_care,2315
health_care > outpatient_care_facility > specialized_health_care > sports_medicine,sports_medicine,Sports Medicine,3,health_care,false,specialized_health_care,6605
health_care > outpatient_care_facility > specialized_health_care > urology,urology,Urology,3,health_care,false,specialized_health_care,18014
health_care > outpatient_care_facility > vision_or_eye_care_clinic,vision_or_eye_care_clinic,Vision or Eye Care Clinic,2,health_care,true,vision_or_eye_care_clinic,33767
health_care > outpatient_care_facility > vision_or_eye_care_clinic > ophthalmology,ophthalmology,Ophthalmology,3,health_care,false,vision_or_eye_care_clinic,14478
health_care > outpatient_care_facility > vision_or_eye_care_clinic > ophthalmology > refractive_surgery_or_lasik,refractive_surgery_or_lasik,Refractive Surgery or Lasik,4,health_care,false,vision_or_eye_care_clinic,1800
health_care > outpatient_care_facility > vision_or_eye_care_clinic > ophthalmology > retina_services,retina_services,Retina Services,4,health_care,false,vision_or_eye_care_clinic,233
health_care > outpatient_care_facility > vision_or_eye_care_clinic > optometry,optometry,Optometry,3,health_care,false,vision_or_eye_care_clinic,78658
health_care > specialized_medical_facility,specialized_medical_facility,Specialized Medical Facility,1,health_care,true,specialized_medical_facility,
health_care > specialized_medical_facility > abortion_clinic,abortion_clinic,Abortion Clinic,2,health_care,false,specialized_medical_facility,453
health_care > specialized_medical_facility > abuse_and_addiction_treatment_center,abuse_and_addiction_treatment_center,Abuse and Addiction Treatment Center,2,health_care,false,specialized_medical_facility,19606
health_care > specialized_medical_facility > abuse_and_addiction_treatment_center > alcohol_and_drug_treatment_center,alcohol_and_drug_treatment_center,Alcohol and Drug Treatment Center,3,health_care,false,specialized_medical_facility,4955
health_care > specialized_medical_facility > cancer_treatment_center,cancer_treatment_center,Cancer Treatment Center,2,health_care,false,specialized_medical_facility,1946
health_care > specialized_medical_facility > dialysis_clinic,dialysis_clinic,Dialysis Clinic,2,health_care,false,specialized_medical_facility,12922
health_care > specialized_medical_facility > eating_disorder_treatment_center,eating_disorder_treatment_center,Eating Disorder Treatment Center,2,health_care,false,specialized_medical_facility,215
health_care > specialized_medical_facility > fertility_clinic,fertility_clinic,Fertility Clinic,2,health_care,false,specialized_medical_facility,6919
health_care > specialized_medical_facility > organ_and_tissue_donor_service,organ_and_tissue_donor_service,Organ and Tissue Donor Service,2,health_care,false,specialized_medical_facility,40
health_care > specialized_medical_facility > surgery,surgery,Surgery,2,health_care,true,surgery,34095
health_care > specialized_medical_facility > surgery > cardiothoracic_surgery,cardiothoracic_surgery,Cardiothoracic Surgery,3,health_care,false,surgery,2528
health_care > specialized_medical_facility > surgery > oral_and_maxillofacial_surgery,oral_and_maxillofacial_surgery,Oral and Maxillofacial Surgery,3,health_care,false,surgery,13467
health_care > specialized_medical_facility > surgery > orthopedic_surgery,orthopedic_surgery,Orthopedic Surgery,3,health_care,false,surgery,
health_care > specialized_medical_facility > surgery > orthopedic_surgery > pediatric_orthopedic_surgery,pediatric_orthopedic_surgery,Pediatric Orthopedic Surgery,4,health_care,false,surgery,504
health_care > specialized_medical_facility > surgery > orthopedic_surgery > spine_surgery,spine_surgery,Spine Surgery,4,health_care,false,surgery,194
health_care > specialized_medical_facility > surgery > pediatric_surgery,pediatric_surgery,Pediatric Surgery,3,health_care,false,surgery,480
health_care > specialized_medical_facility > surgery > plastic_and_reconstructive_surgery,plastic_and_reconstructive_surgery,Plastic and Reconstructive Surgery,3,health_care,false,surgery,33857
health_care > specialized_medical_facility > surgery > plastic_and_reconstructive_surgery > cosmetic_surgery,cosmetic_surgery,Cosmetic Surgery,4,health_care,false,surgery,2580
health_care > specialized_medical_facility > surgery > surgery_center,surgery_center,Surgery Center,3,health_care,false,surgery,10399
lifestyle_services,lifestyle_services,Lifestyle Services,0,lifestyle_services,true,lifestyle_services,
lifestyle_services > animal_or_pet_service,animal_or_pet_service,Animal or Pet Service,1,lifestyle_services,true,animal_or_pet_service,80894
lifestyle_services > animal_or_pet_service > animal_adoption_or_rescue,animal_adoption_or_rescue,Animal Adoption or Rescue,2,lifestyle_services,false,animal_or_pet_service,
lifestyle_services > animal_or_pet_service > animal_adoption_or_rescue > animal_rescue_service,animal_rescue_service,Animal Rescue Service,3,lifestyle_services,false,animal_or_pet_service,5740
lifestyle_services > animal_or_pet_service > animal_adoption_or_rescue > animal_shelter,animal_shelter,Animal Shelter,3,lifestyle_services,false,animal_or_pet_service,27738
lifestyle_services > animal_or_pet_service > animal_adoption_or_rescue > pet_adoption,pet_adoption,Pet Adoption,3,lifestyle_services,false,animal_or_pet_service,1408
lifestyle_services > animal_or_pet_service > equine_service,equine_service,Equine Service,2,lifestyle_services,false,animal_or_pet_service,
lifestyle_services > animal_or_pet_service > equine_service > farrier_service,farrier_service,Farrier Service,3,lifestyle_services,false,animal_or_pet_service,30
lifestyle_services > animal_or_pet_service > equine_service > horse_boarding,horse_boarding,Horse Boarding,3,lifestyle_services,false,animal_or_pet_service,16133
lifestyle_services > animal_or_pet_service > equine_service > horse_trainer,horse_trainer,Horse Trainer,3,lifestyle_services,false,animal_or_pet_service,5769
lifestyle_services > animal_or_pet_service > pet_breeder,pet_breeder,Pet Breeder,2,lifestyle_services,false,animal_or_pet_service,27294
lifestyle_services > animal_or_pet_service > pet_care_service,pet_care_service,Pet Care Service,2,lifestyle_services,false,animal_or_pet_service,
lifestyle_services > animal_or_pet_service > pet_care_service > aquarium_service,aquarium_service,Aquarium Service,3,lifestyle_services,false,animal_or_pet_service,158
lifestyle_services > animal_or_pet_service > pet_care_service > dog_walker,dog_walker,Dog Walker,3,lifestyle_services,false,animal_or_pet_service,5740
lifestyle_services > animal_or_pet_service > pet_care_service > pet_boarding,pet_boarding,Pet Boarding,3,lifestyle_services,false,animal_or_pet_service,18459
lifestyle_services > animal_or_pet_service > pet_care_service > pet_groomer,pet_groomer,Pet Groomer,3,lifestyle_services,false,animal_or_pet_service,97813
lifestyle_services > animal_or_pet_service > pet_care_service > pet_sitting,pet_sitting,Pet Sitting,3,lifestyle_services,false,animal_or_pet_service,12840
lifestyle_services > animal_or_pet_service > pet_care_service > pet_training,pet_training,Pet Training,3,lifestyle_services,false,animal_or_pet_service,1211
lifestyle_services > animal_or_pet_service > pet_care_service > pet_training > dog_trainer,dog_trainer,Dog Trainer,4,lifestyle_services,false,animal_or_pet_service,24722
lifestyle_services > animal_or_pet_service > pet_care_service > pet_transportation,pet_transportation,Pet Transportation,3,lifestyle_services,false,animal_or_pet_service,58
lifestyle_services > animal_or_pet_service > pet_care_service > pet_waste_removal,pet_waste_removal,Pet Waste Removal,3,lifestyle_services,false,animal_or_pet_service,54
lifestyle_services > animal_or_pet_service > pet_cemetery_and_crematorium_service,pet_cemetery_and_crematorium_service,Pet Cemetery and Crematorium Service,2,lifestyle_services,false,animal_or_pet_service,370
lifestyle_services > animal_or_pet_service > pet_insurance,pet_insurance,Pet Insurance,2,lifestyle_services,false,animal_or_pet_service,27
lifestyle_services > animal_or_pet_service > pet_photography,pet_photography,Pet Photography,2,lifestyle_services,false,animal_or_pet_service,71
lifestyle_services > animal_or_pet_service > veterinary_care,veterinary_care,Veterinary Care,2,lifestyle_services,false,animal_or_pet_service,
lifestyle_services > animal_or_pet_service > veterinary_care > animal_hospital,animal_hospital,Animal Hospital,3,lifestyle_services,false,animal_or_pet_service,1966
lifestyle_services > animal_or_pet_service > veterinary_care > animal_physical_therapy,animal_physical_therapy,Animal Physical Therapy,3,lifestyle_services,false,animal_or_pet_service,17
lifestyle_services > animal_or_pet_service > veterinary_care > emergency_pet_hospital,emergency_pet_hospital,Emergency Pet Hospital,3,lifestyle_services,false,animal_or_pet_service,579
lifestyle_services > animal_or_pet_service > veterinary_care > holistic_animal_care,holistic_animal_care,Holistic Animal Care,3,lifestyle_services,false,animal_or_pet_service,77
lifestyle_services > animal_or_pet_service > veterinary_care > pet_hospice,pet_hospice,Pet Hospice,3,lifestyle_services,false,animal_or_pet_service,1114
lifestyle_services > animal_or_pet_service > veterinary_care > veterinarian,veterinarian,Veterinarian,3,lifestyle_services,false,animal_or_pet_service,193950
lifestyle_services > food_service,food_service,Food Service,1,lifestyle_services,true,food_service,
lifestyle_services > food_service > food_consultant,food_consultant,Food Consultant,2,lifestyle_services,false,food_service,2837
lifestyle_services > food_service > food_delivery_service,food_delivery_service,Food Delivery Service,2,lifestyle_services,false,food_service,56168
lifestyle_services > food_service > food_delivery_service > pizza_delivery_service,pizza_delivery_service,Pizza Delivery Service,3,lifestyle_services,false,food_service,7738
lifestyle_services > personal_or_beauty_service,personal_or_beauty_service,Personal or Beauty Service,1,lifestyle_services,true,personal_or_beauty_service,34051
lifestyle_services > personal_or_beauty_service > acne_treatment,acne_treatment,Acne Treatment,2,lifestyle_services,false,personal_or_beauty_service,79
lifestyle_services > personal_or_beauty_service > barber,barber,Barber,2,lifestyle_services,false,personal_or_beauty_service,385973
lifestyle_services > personal_or_beauty_service > barber > mens_grooming_salon,mens_grooming_salon,Men's Grooming Salon,3,lifestyle_services,false,personal_or_beauty_service,
lifestyle_services > personal_or_beauty_service > beauty_salon,beauty_salon,Beauty Salon,2,lifestyle_services,false,personal_or_beauty_service,1238909
lifestyle_services > personal_or_beauty_service > beauty_salon > teeth_jewelry_service,teeth_jewelry_service,Teeth Jewelry Service,3,lifestyle_services,false,personal_or_beauty_service,
lifestyle_services > personal_or_beauty_service > body_modification,body_modification,Body Modification,2,lifestyle_services,false,personal_or_beauty_service,
lifestyle_services > personal_or_beauty_service > body_modification > body_art,body_art,Body Art,3,lifestyle_services,false,personal_or_beauty_service,
lifestyle_services > personal_or_beauty_service > body_modification > mehndi_henna,mehndi_henna,Mehndi Henna,3,lifestyle_services,false,personal_or_beauty_service,
lifestyle_services > personal_or_beauty_service > body_modification > scalp_micropigmentation,scalp_micropigmentation,Scalp Micropigmentation,3,lifestyle_services,false,personal_or_beauty_service,
lifestyle_services > personal_or_beauty_service > body_modification > tattoo_and_piercing,tattoo_and_piercing,Tattoo and Piercing,3,lifestyle_services,false,personal_or_beauty_service,176733
lifestyle_services > personal_or_beauty_service > body_modification > tattoo_and_piercing > piercing,piercing,Piercing,4,lifestyle_services,false,personal_or_beauty_service,1931
lifestyle_services > personal_or_beauty_service > body_modification > tattoo_and_piercing > tattoo,tattoo,Tattoo,4,lifestyle_services,false,personal_or_beauty_service,8672
lifestyle_services > personal_or_beauty_service > eyebrow_service,eyebrow_service,Eyebrow Service,2,lifestyle_services,false,personal_or_beauty_service,828
lifestyle_services > personal_or_beauty_service > eyelash_service,eyelash_service,Eyelash Service,2,lifestyle_services,false,personal_or_beauty_service,4531
lifestyle_services > personal_or_beauty_service > foot_care,foot_care,Foot Care,2,lifestyle_services,false,personal_or_beauty_service,541
lifestyle_services > personal_or_beauty_service > hair_removal,hair_removal,Hair Removal,2,lifestyle_services,false,personal_or_beauty_service,12425
lifestyle_services > personal_or_beauty_service > hair_removal > laser_hair_removal,laser_hair_removal,Laser Hair Removal,3,lifestyle_services,false,personal_or_beauty_service,19491
lifestyle_services > personal_or_beauty_service > hair_removal > sugaring,sugaring,Sugaring,3,lifestyle_services,false,personal_or_beauty_service,1417
lifestyle_services > personal_or_beauty_service > hair_removal > threading_service,threading_service,Threading Service,3,lifestyle_services,false,personal_or_beauty_service,3425
lifestyle_services > personal_or_beauty_service > hair_removal > waxing,waxing,Waxing,3,lifestyle_services,false,personal_or_beauty_service,15196
lifestyle_services > personal_or_beauty_service > hair_replacement,hair_replacement,Hair Replacement,2,lifestyle_services,false,personal_or_beauty_service,6940
lifestyle_services > personal_or_beauty_service > hair_replacement > hair_extensions,hair_extensions,Hair Extensions,3,lifestyle_services,false,personal_or_beauty_service,9275
lifestyle_services > personal_or_beauty_service > hair_replacement > hair_loss_center,hair_loss_center,Hair Loss Center,3,lifestyle_services,false,personal_or_beauty_service,943
lifestyle_services > personal_or_beauty_service > hair_replacement > wig_hairpiece_service,wig_hairpiece_service,Wig Hairpiece Service,3,lifestyle_services,false,personal_or_beauty_service,
lifestyle_services > personal_or_beauty_service > hair_salon,hair_salon,Hair Salon,2,lifestyle_services,false,personal_or_beauty_service,619934
lifestyle_services > personal_or_beauty_service > hair_salon > blow_dry_blow_out_service,blow_dry_blow_out_service,Blow Dry Blow Out Service,3,lifestyle_services,false,personal_or_beauty_service,413
lifestyle_services > personal_or_beauty_service > hair_salon > hair_color_bar,hair_color_bar,Hair Color Bar,3,lifestyle_services,false,personal_or_beauty_service,
lifestyle_services > personal_or_beauty_service > hair_salon > hair_stylist,hair_stylist,Hair Stylist,3,lifestyle_services,false,personal_or_beauty_service,12601
lifestyle_services > personal_or_beauty_service > hair_salon > kids_hair_salon,kids_hair_salon,Kids Hair Salon,3,lifestyle_services,false,personal_or_beauty_service,2069
lifestyle_services > personal_or_beauty_service > image_consultant,image_consultant,Image Consultant,2,lifestyle_services,false,personal_or_beauty_service,3462
lifestyle_services > personal_or_beauty_service > life_coach,life_coach,Life Coach,2,lifestyle_services,false,personal_or_beauty_service,30912
lifestyle_services > personal_or_beauty_service > matchmaker,matchmaker,Matchmaker,2,lifestyle_services,false,personal_or_beauty_service,403
lifestyle_services > personal_or_beauty_service > nail_salon,nail_salon,Nail Salon,2,lifestyle_services,false,personal_or_beauty_service,240060
lifestyle_services > personal_or_beauty_service > shoe_repair,shoe_repair,Shoe Repair,2,lifestyle_services,false,personal_or_beauty_service,15752
lifestyle_services > personal_or_beauty_service > shoe_shining_service,shoe_shining_service,Shoe Shining Service,2,lifestyle_services,false,personal_or_beauty_service,60
lifestyle_services > personal_or_beauty_service > skin_care_and_makeup,skin_care_and_makeup,Skin Care and Makeup,2,lifestyle_services,false,personal_or_beauty_service,78561
lifestyle_services > personal_or_beauty_service > skin_care_and_makeup > esthetician,esthetician,Esthetician,3,lifestyle_services,false,personal_or_beauty_service,381
lifestyle_services > personal_or_beauty_service > skin_care_and_makeup > makeup_artist,makeup_artist,Makeup Artist,3,lifestyle_services,false,personal_or_beauty_service,37505
lifestyle_services > personal_or_beauty_service > skin_care_and_makeup > permanent_makeup,permanent_makeup,Permanent Makeup,3,lifestyle_services,false,personal_or_beauty_service,1844
lifestyle_services > personal_or_beauty_service > tanning_salon,tanning_salon,Tanning Salon,2,lifestyle_services,false,personal_or_beauty_service,34112
lifestyle_services > personal_or_beauty_service > tanning_salon > spray_tanning,spray_tanning,Spray Tanning,3,lifestyle_services,false,personal_or_beauty_service,881
lifestyle_services > personal_or_beauty_service > tanning_salon > tanning_bed,tanning_bed,Tanning Bed,3,lifestyle_services,false,personal_or_beauty_service,155
lifestyle_services > personal_or_beauty_service > teeth_whitening,teeth_whitening,Teeth Whitening,2,lifestyle_services,false,personal_or_beauty_service,2748
lifestyle_services > wellness_service,wellness_service,Wellness Service,1,lifestyle_services,true,wellness_service,6714
lifestyle_services > wellness_service > colonic_hydrotherapy,colonic_hydrotherapy,Colonic Hydrotherapy,2,lifestyle_services,false,wellness_service,75
lifestyle_services > wellness_service > cryotherapy,cryotherapy,Cryotherapy,2,lifestyle_services,false,wellness_service,244
lifestyle_services > wellness_service > halotherapy,halotherapy,Halotherapy,2,lifestyle_services,false,wellness_service,35
lifestyle_services > wellness_service > health_and_wellness_club,health_and_wellness_club,Health and Wellness Club,2,lifestyle_services,false,wellness_service,12729
lifestyle_services > wellness_service > health_coaching,health_coaching,Health Coaching,2,lifestyle_services,false,wellness_service,7956
lifestyle_services > wellness_service > hydrotherapy,hydrotherapy,Hydrotherapy,2,lifestyle_services,false,wellness_service,22
lifestyle_services > wellness_service > iv_hydration,iv_hydration,IV Hydration,2,lifestyle_services,false,wellness_service,304
lifestyle_services > wellness_service > massage_therapy,massage_therapy,Massage Therapy,2,lifestyle_services,false,wellness_service,184871
lifestyle_services > wellness_service > meditation_center,meditation_center,Meditation Center,2,lifestyle_services,false,wellness_service,10080
lifestyle_services > wellness_service > nutrition_service,nutrition_service,Nutrition Service,2,lifestyle_services,false,wellness_service,62884
lifestyle_services > wellness_service > oxygen_bar,oxygen_bar,Oxygen Bar,2,lifestyle_services,false,wellness_service,14
lifestyle_services > wellness_service > public_bath_house,public_bath_house,Public Bath House,2,lifestyle_services,false,wellness_service,639
lifestyle_services > wellness_service > public_bath_house > onsen,onsen,Onsen,3,lifestyle_services,false,wellness_service,4698
lifestyle_services > wellness_service > public_bath_house > turkish_bath,turkish_bath,Turkish Bath,3,lifestyle_services,false,wellness_service,
lifestyle_services > wellness_service > sauna,sauna,Sauna,2,lifestyle_services,false,wellness_service,758
lifestyle_services > wellness_service > snuggle_service,snuggle_service,Snuggle Service,2,lifestyle_services,false,wellness_service,4
lifestyle_services > wellness_service > spa,spa,Spa,2,lifestyle_services,false,wellness_service,614847
lifestyle_services > wellness_service > spa > day_spa,day_spa,Day Spa,3,lifestyle_services,false,wellness_service,31000
lifestyle_services > wellness_service > spa > float_spa,float_spa,Float Spa,3,lifestyle_services,false,wellness_service,57
lifestyle_services > wellness_service > spa > health_spa,health_spa,Health Spa,3,lifestyle_services,false,wellness_service,18157
lifestyle_services > wellness_service > spa > medical_spa,medical_spa,Medical Spa,3,lifestyle_services,false,wellness_service,51755
lifestyle_services > wellness_service > weight_loss_center,weight_loss_center,Weight Loss Center,2,lifestyle_services,false,wellness_service,22720
lodging,lodging,Lodging,0,lodging,true,lodging,430223
lodging > bed_and_breakfast,bed_and_breakfast,Bed and Breakfast,1,lodging,true,bed_and_breakfast,155160
lodging > cabin,cabin,Cabin,1,lodging,false,lodging,38975
lodging > campground,campground,Campground,1,lodging,true,campground,104128
lodging > cottage,cottage,Cottage,1,lodging,false,lodging,39784
lodging > country_house,country_house,Country House,1,lodging,false,lodging,41
lodging > holiday_park,holiday_park,Holiday Park,1,lodging,false,lodging,75
lodging > hostel,hostel,Hostel,1,lodging,false,lodging,58920
lodging > hotel,hotel,Hotel,1,lodging,true,hotel,1172978
lodging > hotel > motel,motel,Motel,2,lodging,false,hotel,31137
lodging > houseboat,houseboat,Houseboat,1,lodging,false,lodging,15
lodging > inn,inn,Inn,1,lodging,true,inn,25854
lodging > lodge,lodge,Lodge,1,lodging,false,lodging,68594
lodging > mountain_hut,mountain_hut,Mountain Hut,1,lodging,false,lodging,144
lodging > private_lodging,private_lodging,Private Lodging,1,lodging,true,private_lodging,
lodging > private_lodging > guest_house,guest_house,Guest House,2,lodging,false,private_lodging,4329
lodging > private_lodging > holiday_rental_home,holiday_rental_home,Holiday Rental Home,2,lodging,false,private_lodging,205296
lodging > resort,resort,Resort,1,lodging,true,resort,102837
lodging > resort > beach_resort,beach_resort,Beach Resort,2,lodging,false,resort,7942
lodging > resort > ski_resort,ski_resort,Ski Resort,2,lodging,false,resort,14707
lodging > retreat,retreat,Retreat,1,lodging,false,lodging,
lodging > retreat > health_retreat,health_retreat,Health Retreat,2,lodging,false,lodging,115
lodging > rv_park,rv_park,RV Park,1,lodging,true,rv_park,23854
lodging > ryokan,ryokan,Ryokan,1,lodging,false,lodging,3
lodging > self_catering_accommodation,self_catering_accommodation,Self Catering Accommodation,1,lodging,false,lodging,698
lodging > service_apartment,service_apartment,Service Apartment,1,lodging,false,lodging,18634
services_and_business,services_and_business,Services and Business,0,services_and_business,true,services_and_business,
services_and_business > agricultural_service,agricultural_service,Agricultural Service,1,services_and_business,true,agricultural_service,89225
services_and_business > agricultural_service > agriculture_association,agriculture_association,Agriculture Association,2,services_and_business,false,agricultural_service,652
services_and_business > agricultural_service > farm,farm,Farm,2,services_and_business,true,farm,254727
services_and_business > agricultural_service > farm > dairy_farm,dairy_farm,Dairy Farm,3,services_and_business,false,farm,12379
services_and_business > agricultural_service > farm > orchard,orchard,Orchard,3,services_and_business,false,farm,73
services_and_business > agricultural_service > farm > pig_farm,pig_farm,Pig Farm,3,services_and_business,false,farm,81
services_and_business > agricultural_service > farm > poultry_farm,poultry_farm,Poultry Farm,3,services_and_business,false,farm,6138
services_and_business > agricultural_service > farm > ranch,ranch,Ranch,3,services_and_business,false,farm,447
services_and_business > agricultural_service > farm > urban_farm,urban_farm,Urban Farm,3,services_and_business,false,farm,6945
services_and_business > agricultural_service > farm_equipment_repair_service,farm_equipment_repair_service,Farm Equipment Repair Service,2,services_and_business,false,agricultural_service,234
services_and_business > b2b_service,b2b_service,B2B Service,1,services_and_business,true,b2b_service,50289
services_and_business > b2b_service > b2b_agriculture_service,b2b_agriculture_service,B2B Agriculture Service,2,services_and_business,false,b2b_service,84
services_and_business > b2b_service > b2b_agriculture_service > agricultural_cooperative,agricultural_cooperative,Agricultural Cooperative,3,services_and_business,false,b2b_service,27508
services_and_business > b2b_service > b2b_agriculture_service > agriculture,agriculture,Agriculture,3,services_and_business,false,b2b_service,64916
services_and_business > b2b_service > b2b_agriculture_service > apiary_beekeeper,apiary_beekeeper,Apiary Beekeeper,3,services_and_business,false,b2b_service,33
services_and_business > b2b_service > b2b_agriculture_service > b2b_dairy,b2b_dairy,B2B Dairy,3,services_and_business,false,b2b_service,70
services_and_business > b2b_service > b2b_agriculture_service > b2b_farming,b2b_farming,B2B Farming,3,services_and_business,false,b2b_service,12
services_and_business > b2b_service > b2b_agriculture_service > b2b_farming > b2b_farm,b2b_farm,B2B Farm,4,services_and_business,false,b2b_service,80
services_and_business > b2b_service > b2b_agriculture_service > b2b_farming > farm_equipment_and_supply,farm_equipment_and_supply,Farm Equipment and Supply,4,services_and_business,false,b2b_service,6185
services_and_business > b2b_service > b2b_agriculture_service > b2b_farming > farm_equipment_and_supply > fertilizer_store,fertilizer_store,Fertilizer Store,5,services_and_business,false,b2b_service,546
services_and_business > b2b_service > b2b_agriculture_service > b2b_farming > farm_equipment_and_supply > grain_elevator,grain_elevator,Grain Elevator,5,services_and_business,false,b2b_service,1106
services_and_business > b2b_service > b2b_agriculture_service > b2b_farming > farm_equipment_and_supply > greenhouse,greenhouse,Greenhouse,5,services_and_business,false,b2b_service,216
services_and_business > b2b_service > b2b_agriculture_service > b2b_farming > farming_service,farming_service,Farming Service,4,services_and_business,false,b2b_service,5617
services_and_business > b2b_service > b2b_agriculture_service > b2b_food_products,b2b_food_products,B2B Food Products,3,services_and_business,false,b2b_service,1357
services_and_business > b2b_service > b2b_agriculture_service > crops_production,crops_production,Crops Production,3,services_and_business,false,b2b_service,824
services_and_business > b2b_service > b2b_agriculture_service > crops_production > grain_production,grain_production,Grain Production,4,services_and_business,false,b2b_service,1045
services_and_business > b2b_service > b2b_agriculture_service > crops_production > orchards_production,orchards_production,Orchards Production,4,services_and_business,false,b2b_service,5
services_and_business > b2b_service > b2b_agriculture_service > fish_farm_hatchery,fish_farm_hatchery,Fish Farm Hatchery,3,services_and_business,false,b2b_service,152
services_and_business > b2b_service > b2b_agriculture_service > fish_farm_hatchery > fish_farm,fish_farm,Fish Farm,4,services_and_business,false,b2b_service,6685
services_and_business > b2b_service > b2b_agriculture_service > livestock_breeder,livestock_breeder,Livestock Breeder,3,services_and_business,false,b2b_service,19821
services_and_business > b2b_service > b2b_agriculture_service > livestock_dealer,livestock_dealer,Livestock Dealer,3,services_and_business,false,b2b_service,79
services_and_business > b2b_service > b2b_agriculture_service > poultry_farming,poultry_farming,Poultry Farming,3,services_and_business,false,b2b_service,110
services_and_business > b2b_service > b2b_energy_and_utility_service,b2b_energy_and_utility_service,B2B Energy and Utility Service,2,services_and_business,true,b2b_energy_and_utility_service,35130
services_and_business > b2b_service > b2b_energy_and_utility_service > b2b_mining,b2b_mining,B2B Mining,3,services_and_business,false,b2b_energy_and_utility_service,10389
services_and_business > b2b_service > b2b_energy_and_utility_service > b2b_mining > b2b_coal_and_coke,b2b_coal_and_coke,B2B Coal and Coke,4,services_and_business,false,b2b_energy_and_utility_service,581
services_and_business > b2b_service > b2b_energy_and_utility_service > b2b_mining > b2b_quarry,b2b_quarry,B2B Quarry,4,services_and_business,false,b2b_energy_and_utility_service,760
services_and_business > b2b_service > b2b_energy_and_utility_service > b2b_oil_and_gas,b2b_oil_and_gas,B2B Oil and Gas,3,services_and_business,false,b2b_energy_and_utility_service,6542
services_and_business > b2b_service > b2b_energy_and_utility_service > b2b_oil_and_gas > b2b_oil_and_gas_equipment,b2b_oil_and_gas_equipment,B2B Oil and Gas Equipment,4,services_and_business,false,b2b_energy_and_utility_service,1833
services_and_business > b2b_service > b2b_energy_and_utility_service > b2b_oil_and_gas > b2b_oil_and_gas_exploration_and_development,b2b_oil_and_gas_exploration_and_development,B2B Oil and Gas Exploration and Development,4,services_and_business,false,b2b_energy_and_utility_service,145
services_and_business > b2b_service > b2b_energy_and_utility_service > b2b_oil_and_gas > b2b_oil_and_gas_extraction,b2b_oil_and_gas_extraction,B2B Oil and Gas Extraction,4,services_and_business,false,b2b_energy_and_utility_service,1360
services_and_business > b2b_service > b2b_energy_and_utility_service > b2b_oil_and_gas > b2b_oil_refinery,b2b_oil_refinery,B2B Oil Refinery,4,services_and_business,false,b2b_energy_and_utility_service,1365
services_and_business > b2b_service > b2b_energy_and_utility_service > b2b_power_plants_and_power_plant_service,b2b_power_plants_and_power_plant_service,B2B Power Plants and Power Plant Service,3,services_and_business,false,b2b_energy_and_utility_service,823
services_and_business > b2b_service > b2b_energy_and_utility_service > energy_management_service,energy_management_service,Energy Management Service,3,services_and_business,false,b2b_energy_and_utility_service,697
services_and_business > b2b_service > b2b_environmental_service,b2b_environmental_service,B2B Environmental Service,2,services_and_business,false,b2b_service,7347
services_and_business > b2b_service > b2b_environmental_service > b2b_cleaning_and_waste_management,b2b_cleaning_and_waste_management,B2B Cleaning and Waste Management,3,services_and_business,false,b2b_service,6428
services_and_business > b2b_service > b2b_environmental_service > b2b_water_treatment_service,b2b_water_treatment_service,B2B Water Treatment Service,3,services_and_business,false,b2b_service,29205
services_and_business > b2b_service > b2b_environmental_service > geological_service,geological_service,Geological Service,3,services_and_business,false,b2b_service,3986
services_and_business > b2b_service > b2b_environmental_service > logging_contractor,logging_contractor,Logging Contractor,3,services_and_business,false,b2b_service,2307
services_and_business > b2b_service > b2b_environmental_service > logging_equipment_and_supplies,logging_equipment_and_supplies,Logging Equipment and Supplies,3,services_and_business,false,b2b_service,396
services_and_business > b2b_service > b2b_environmental_service > logging_service,logging_service,Logging Service,3,services_and_business,false,b2b_service,12490
services_and_business > b2b_service > b2b_industrial_and_machine_service,b2b_industrial_and_machine_service,B2B Industrial and Machine Service,2,services_and_business,true,b2b_industrial_and_machine_service,3478
services_and_business > b2b_service > b2b_industrial_and_machine_service > automation_service,automation_service,Automation Service,3,services_and_business,false,b2b_industrial_and_machine_service,21056
services_and_business > b2b_service > b2b_industrial_and_machine_service > b2b_equipment_maintenance_and_repair,b2b_equipment_maintenance_and_repair,B2B Equipment Maintenance and Repair,3,services_and_business,false,b2b_industrial_and_machine_service,626
services_and_business > b2b_service > b2b_industrial_and_machine_service > casting_molding_service,casting_molding_service,Casting Molding Service,3,services_and_business,false,b2b_industrial_and_machine_service,137
services_and_business > b2b_service > b2b_industrial_and_machine_service > chemical_plant,chemical_plant,Chemical Plant,3,services_and_business,false,b2b_industrial_and_machine_service,54309
services_and_business > b2b_service > b2b_industrial_and_machine_service > inventory_control_service,inventory_control_service,Inventory Control Service,3,services_and_business,false,b2b_industrial_and_machine_service,1060
services_and_business > b2b_service > b2b_industrial_and_machine_service > laser_cutting_service,laser_cutting_service,Laser Cutting Service,3,services_and_business,false,b2b_industrial_and_machine_service,203
services_and_business > b2b_service > b2b_industrial_and_machine_service > manufacturing_and_industrial_consultant,manufacturing_and_industrial_consultant,Manufacturing and Industrial Consultant,3,services_and_business,false,b2b_industrial_and_machine_service,233
services_and_business > b2b_service > b2b_industrial_and_machine_service > metal_plating_service,metal_plating_service,Metal Plating Service,3,services_and_business,false,b2b_industrial_and_machine_service,2939
services_and_business > b2b_service > b2b_industrial_and_machine_service > occupational_safety,occupational_safety,Occupational Safety,3,services_and_business,false,b2b_industrial_and_machine_service,14486
services_and_business > b2b_service > b2b_industrial_and_machine_service > plastic_injection_molding_service,plastic_injection_molding_service,Plastic Injection Molding Service,3,services_and_business,false,b2b_industrial_and_machine_service,239
services_and_business > b2b_service > b2b_industrial_and_machine_service > turnery,turnery,Turnery,3,services_and_business,false,b2b_industrial_and_machine_service,60
services_and_business > b2b_service > b2b_media_service,b2b_media_service,B2B Media Service,2,services_and_business,false,b2b_service,
services_and_business > b2b_service > b2b_media_service > b2b_audio_visual_production,b2b_audio_visual_production,B2B Audio Visual Production,3,services_and_business,false,b2b_service,2682
services_and_business > b2b_service > b2b_medical_support_service,b2b_medical_support_service,B2B Medical Support Service,2,services_and_business,false,b2b_service,210
services_and_business > b2b_service > b2b_medical_support_service > b2b_clinical_lab,b2b_clinical_lab,B2B Clinical Lab,3,services_and_business,false,b2b_service,5983
services_and_business > b2b_service > b2b_medical_support_service > b2b_dental_lab,b2b_dental_lab,B2B Dental Lab,3,services_and_business,false,b2b_service,1151
services_and_business > b2b_service > b2b_medical_support_service > b2b_hospital_equipment_and_supplies,b2b_hospital_equipment_and_supplies,B2B Hospital Equipment and Supplies,3,services_and_business,false,b2b_service,1563
services_and_business > b2b_service > b2b_medical_support_service > b2b_surgical_appliances_and_supplies,b2b_surgical_appliances_and_supplies,B2B Surgical Appliances and Supplies,3,services_and_business,false,b2b_service,24280
services_and_business > b2b_service > b2b_office_and_professional_service,b2b_office_and_professional_service,B2B Office and Professional Service,2,services_and_business,true,b2b_office_and_professional_service,
services_and_business > b2b_service > b2b_office_and_professional_service > b2b_advertising_and_marketing_service,b2b_advertising_and_marketing_service,B2B Advertising and Marketing Service,3,services_and_business,false,b2b_office_and_professional_service,48779
services_and_business > b2b_service > b2b_office_and_professional_service > b2b_advertising_and_marketing_service > b2b_direct_mail_advertising,b2b_direct_mail_advertising,B2B Direct Mail Advertising,4,services_and_business,false,b2b_office_and_professional_service,196
services_and_business > b2b_service > b2b_office_and_professional_service > b2b_advertising_and_marketing_service > b2b_marketing_consultant,b2b_marketing_consultant,B2B Marketing Consultant,4,services_and_business,false,b2b_office_and_professional_service,24298
services_and_business > b2b_service > b2b_office_and_professional_service > b2b_advertising_and_marketing_service > b2b_newspaper_advertising,b2b_newspaper_advertising,B2B Newspaper Advertising,4,services_and_business,false,b2b_office_and_professional_service,627
services_and_business > b2b_service > b2b_office_and_professional_service > b2b_advertising_and_marketing_service > b2b_outdoor_advertising,b2b_outdoor_advertising,B2B Outdoor Advertising,4,services_and_business,false,b2b_office_and_professional_service,177
services_and_business > b2b_service > b2b_office_and_professional_service > b2b_advertising_and_marketing_service > b2b_promotional_products_and_services,b2b_promotional_products_and_services,B2B Promotional Products and Services,4,services_and_business,false,b2b_office_and_professional_service,2029
services_and_business > b2b_service > b2b_office_and_professional_service > b2b_advertising_and_marketing_service > b2b_publicity_service,b2b_publicity_service,B2B Publicity Service,4,services_and_business,false,b2b_office_and_professional_service,690
services_and_business > b2b_service > b2b_office_and_professional_service > b2b_advertising_and_marketing_service > b2b_radio_and_television_commercials,b2b_radio_and_television_commercials,B2B Radio and Television Commercials,4,services_and_business,false,b2b_office_and_professional_service,1201
services_and_business > b2b_service > b2b_office_and_professional_service > b2b_advertising_and_marketing_service > b2b_signage_service,b2b_signage_service,B2B Signage Service,4,services_and_business,false,b2b_office_and_professional_service,1341
services_and_business > b2b_service > b2b_office_and_professional_service > b2b_advertising_and_marketing_service > b2b_telemarketing_service,b2b_telemarketing_service,B2B Telemarketing Service,4,services_and_business,false,b2b_office_and_professional_service,2637
services_and_business > b2b_service > b2b_office_and_professional_service > b2b_background_check_service,b2b_background_check_service,B2B Background Check Service,3,services_and_business,false,b2b_office_and_professional_service,36
services_and_business > b2b_service > b2b_office_and_professional_service > b2b_business_management_service,b2b_business_management_service,B2B Business Management Service,3,services_and_business,false,b2b_office_and_professional_service,81576
services_and_business > b2b_service > b2b_office_and_professional_service > b2b_business_management_service > b2b_executive_search_consultants,b2b_executive_search_consultants,B2B Executive Search Consultants,4,services_and_business,false,b2b_office_and_professional_service,700
services_and_business > b2b_service > b2b_office_and_professional_service > b2b_business_management_service > b2b_secretarial_service,b2b_secretarial_service,B2B Secretarial Service,4,services_and_business,false,b2b_office_and_professional_service,1692
services_and_business > b2b_service > b2b_office_and_professional_service > b2b_domestic_trade_service,b2b_domestic_trade_service,B2B Domestic Trade Service,3,services_and_business,false,b2b_office_and_professional_service,1154
services_and_business > b2b_service > b2b_office_and_professional_service > b2b_human_resource_service,b2b_human_resource_service,B2B Human Resource Service,3,services_and_business,false,b2b_office_and_professional_service,4727
services_and_business > b2b_service > b2b_office_and_professional_service > b2b_international_trade_service,b2b_international_trade_service,B2B International Trade Service,3,services_and_business,false,b2b_office_and_professional_service,8400
services_and_business > b2b_service > b2b_office_and_professional_service > b2b_records_storage_service,b2b_records_storage_service,B2B Records Storage Service,3,services_and_business,false,b2b_office_and_professional_service,1211
services_and_business > b2b_service > b2b_office_and_professional_service > restaurant_management,restaurant_management,Restaurant Management,3,services_and_business,false,b2b_office_and_professional_service,13
services_and_business > b2b_service > b2b_office_and_professional_service > transcription_service,transcription_service,Transcription Service,3,services_and_business,false,b2b_office_and_professional_service,212
services_and_business > b2b_service > b2b_office_and_professional_service > translating_and_interpreting_service,translating_and_interpreting_service,Translating and Interpreting Service,3,services_and_business,false,b2b_office_and_professional_service,11071
services_and_business > b2b_service > b2b_science_and_technology_service,b2b_science_and_technology_service,B2B Science and Technology Service,2,services_and_business,true,b2b_science_and_technology_service,14826
services_and_business > b2b_service > b2b_science_and_technology_service > b2b_scientific_equipment,b2b_scientific_equipment,B2B Scientific Equipment,3,services_and_business,false,b2b_science_and_technology_service,507
services_and_business > b2b_service > b2b_science_and_technology_service > b2b_scientific_lab,b2b_scientific_lab,B2B Scientific Lab,3,services_and_business,false,b2b_science_and_technology_service,165
services_and_business > b2b_service > b2b_telecommunications_service,b2b_telecommunications_service,B2B Telecommunications Service,2,services_and_business,false,b2b_service,
services_and_business > b2b_service > b2b_telecommunications_service > tower_communication_service,tower_communication_service,Tower Communication Service,3,services_and_business,false,b2b_service,20
services_and_business > b2b_service > b2b_transportation_and_storage_service,b2b_transportation_and_storage_service,B2B Transportation and Storage Service,2,services_and_business,true,b2b_transportation_and_storage_service,1110
services_and_business > b2b_service > b2b_transportation_and_storage_service > b2b_storage,b2b_storage,B2B Storage,3,services_and_business,false,b2b_transportation_and_storage_service,106
services_and_business > b2b_service > b2b_transportation_and_storage_service > b2b_storage > warehouse,warehouse,Warehouse,4,services_and_business,false,b2b_transportation_and_storage_service,9999
services_and_business > b2b_service > b2b_transportation_and_storage_service > b2b_storage > warehouse_rental_service_yard,warehouse_rental_service_yard,Warehouse Rental Service Yard,4,services_and_business,false,b2b_transportation_and_storage_service,69
services_and_business > b2b_service > b2b_transportation_and_storage_service > freight_and_cargo_service,freight_and_cargo_service,Freight and Cargo Service,3,services_and_business,false,b2b_transportation_and_storage_service,173480
services_and_business > b2b_service > b2b_transportation_and_storage_service > freight_and_cargo_service > distribution_service,distribution_service,Distribution Service,4,services_and_business,false,b2b_transportation_and_storage_service,6159
services_and_business > b2b_service > b2b_transportation_and_storage_service > freight_and_cargo_service > freight_forwarding_agency,freight_forwarding_agency,Freight Forwarding Agency,4,services_and_business,false,b2b_transportation_and_storage_service,3521
services_and_business > b2b_service > b2b_transportation_and_storage_service > motor_freight_trucking,motor_freight_trucking,Motor Freight Trucking,3,services_and_business,false,b2b_transportation_and_storage_service,1701
services_and_business > b2b_service > b2b_transportation_and_storage_service > pipeline_transportation,pipeline_transportation,Pipeline Transportation,3,services_and_business,false,b2b_transportation_and_storage_service,630
services_and_business > b2b_service > b2b_transportation_and_storage_service > railroad_freight,railroad_freight,Railroad Freight,3,services_and_business,false,b2b_transportation_and_storage_service,4867
services_and_business > b2b_service > b2b_transportation_and_storage_service > truck_and_industrial_vehicle_services,truck_and_industrial_vehicle_services,Truck and Industrial Vehicle Services,3,services_and_business,false,b2b_transportation_and_storage_service,335
services_and_business > b2b_service > b2b_transportation_and_storage_service > truck_and_industrial_vehicle_services > tractor_dealer,tractor_dealer,Tractor Dealer,4,services_and_business,false,b2b_transportation_and_storage_service,1681
services_and_business > b2b_service > b2b_transportation_and_storage_service > truck_and_industrial_vehicle_services > truck_parts_and_accessories,truck_parts_and_accessories,Truck Parts and Accessories,4,services_and_business,false,b2b_transportation_and_storage_service,1152
services_and_business > b2b_service > commercial_industrial,commercial_industrial,Commercial Industrial,2,services_and_business,false,b2b_service,102336
services_and_business > b2b_service > manufacturer,manufacturer,Manufacturer,2,services_and_business,true,manufacturer,258533
services_and_business > b2b_service > manufacturer > apparel_manufacturer,apparel_manufacturer,Apparel Manufacturer,3,services_and_business,false,manufacturer,7834
services_and_business > b2b_service > manufacturer > apparel_manufacturer > shoe_factory_manufacturer,shoe_factory_manufacturer,Shoe Factory Manufacturer,4,services_and_business,false,manufacturer,39
services_and_business > b2b_service > manufacturer > appliance_manufacturer,appliance_manufacturer,Appliance Manufacturer,3,services_and_business,false,manufacturer,9347
services_and_business > b2b_service > manufacturer > cosmetic_products_manufacturer,cosmetic_products_manufacturer,Cosmetic Products Manufacturer,3,services_and_business,false,manufacturer,204
services_and_business > b2b_service > manufacturer > furniture_manufacturer,furniture_manufacturer,Furniture Manufacturer,3,services_and_business,false,manufacturer,12423
services_and_business > b2b_service > manufacturer > glass_manufacturer,glass_manufacturer,Glass Manufacturer,3,services_and_business,false,manufacturer,6808
services_and_business > b2b_service > manufacturer > hardware_and_fastener_manufacturer,hardware_and_fastener_manufacturer,Hardware and Fastener Manufacturer,3,services_and_business,false,manufacturer,146
services_and_business > b2b_service > manufacturer > jewelry_and_watches_manufacturer,jewelry_and_watches_manufacturer,Jewelry and Watches Manufacturer,3,services_and_business,false,manufacturer,39778
services_and_business > b2b_service > manufacturer > jewelry_manufacturer,jewelry_manufacturer,Jewelry Manufacturer,3,services_and_business,false,manufacturer,75
services_and_business > b2b_service > manufacturer > leather_products_manufacturer,leather_products_manufacturer,Leather Products Manufacturer,3,services_and_business,false,manufacturer,592
services_and_business > b2b_service > manufacturer > lighting_fixture_manufacturer,lighting_fixture_manufacturer,Lighting Fixture Manufacturer,3,services_and_business,false,manufacturer,249
services_and_business > b2b_service > manufacturer > machinery_and_tool_manufacturer,machinery_and_tool_manufacturer,Machinery and Tool Manufacturer,3,services_and_business,false,manufacturer,1579
services_and_business > b2b_service > manufacturer > machinery_and_tool_manufacturer > industrial_equipment_manufacturer,industrial_equipment_manufacturer,Industrial Equipment Manufacturer,4,services_and_business,false,manufacturer,217105
services_and_business > b2b_service > manufacturer > mattress_manufacturing,mattress_manufacturing,Mattress Manufacturing,3,services_and_business,false,manufacturer,3048
services_and_business > b2b_service > manufacturer > metal_fabricator,metal_fabricator,Metal Fabricator,3,services_and_business,false,manufacturer,124092
services_and_business > b2b_service > manufacturer > metal_fabricator > iron_fabricator,iron_fabricator,Iron Fabricator,4,services_and_business,false,manufacturer,
services_and_business > b2b_service > manufacturer > metal_fabricator > sheet_metal_fabricator,sheet_metal_fabricator,Sheet Metal Fabricator,4,services_and_business,false,manufacturer,322
services_and_business > b2b_service > manufacturer > metal_fabricator > steel_fabricator,steel_fabricator,Steel Fabricator,4,services_and_business,false,manufacturer,2104
services_and_business > b2b_service > manufacturer > mill,mill,Mill,3,services_and_business,false,manufacturer,226
services_and_business > b2b_service > manufacturer > mill > cotton_mill,cotton_mill,Cotton Mill,4,services_and_business,false,manufacturer,193
services_and_business > b2b_service > manufacturer > mill > flour_mill,flour_mill,Flour Mill,4,services_and_business,false,manufacturer,97
services_and_business > b2b_service > manufacturer > mill > paper_mill,paper_mill,Paper Mill,4,services_and_business,false,manufacturer,901
services_and_business > b2b_service > manufacturer > mill > rice_mill,rice_mill,Rice Mill,4,services_and_business,false,manufacturer,76
services_and_business > b2b_service > manufacturer > mill > sawmill,sawmill,Sawmill,4,services_and_business,false,manufacturer,1108
services_and_business > b2b_service > manufacturer > mill > textile_mill,textile_mill,Textile Mill,4,services_and_business,false,manufacturer,2573
services_and_business > b2b_service > manufacturer > mill > weaving_mill,weaving_mill,Weaving Mill,4,services_and_business,false,manufacturer,25
services_and_business > b2b_service > manufacturer > plastic_manufacturer,plastic_manufacturer,Plastic Manufacturer,3,services_and_business,false,manufacturer,16962
services_and_business > b2b_service > manufacturer > rubber_and_plastics_manufacturer,rubber_and_plastics_manufacturer,Rubber and Plastics Manufacturer,3,services_and_business,false,manufacturer,2062
services_and_business > b2b_service > manufacturer > sporting_goods_manufacturer,sporting_goods_manufacturer,Sporting Goods Manufacturer,3,services_and_business,false,manufacturer,340
services_and_business > b2b_service > manufacturer > textile_manufacturer,textile_manufacturer,Textile Manufacturer,3,services_and_business,false,manufacturer,34762
services_and_business > b2b_service > manufacturer > vehicle_manufacturer,vehicle_manufacturer,Vehicle Manufacturer,3,services_and_business,false,manufacturer,170
services_and_business > b2b_service > manufacturer > vehicle_manufacturer > aircraft_manufacturer,aircraft_manufacturer,Aircraft Manufacturer,4,services_and_business,false,manufacturer,784
services_and_business > b2b_service > manufacturer > vehicle_manufacturer > auto_manufacturer,auto_manufacturer,Auto Manufacturer,4,services_and_business,false,manufacturer,12742
services_and_business > b2b_service > manufacturer > vehicle_manufacturer > boat_and_ship_manufacturer,boat_and_ship_manufacturer,Boat and Ship Manufacturer,4,services_and_business,false,manufacturer,196
services_and_business > b2b_service > manufacturer > vehicle_manufacturer > motorcycle_manufacturer,motorcycle_manufacturer,Motorcycle Manufacturer,4,services_and_business,false,manufacturer,2385
services_and_business > b2b_service > manufacturer > vehicle_parts_manufacturer,vehicle_parts_manufacturer,Vehicle Parts Manufacturer,3,services_and_business,false,manufacturer,
services_and_business > b2b_service > manufacturer > vehicle_parts_manufacturer > tires_manufacturer,tires_manufacturer,Tires Manufacturer,4,services_and_business,false,manufacturer,82
services_and_business > b2b_service > supplier_or_distributor,supplier_or_distributor,Supplier or Distributor,2,services_and_business,true,supplier_or_distributor,5376
services_and_business > b2b_service > supplier_or_distributor > abrasives_supplier,abrasives_supplier,Abrasives Supplier,3,services_and_business,false,supplier_or_distributor,110
services_and_business > b2b_service > supplier_or_distributor > aggregate_supplier,aggregate_supplier,Aggregate Supplier,3,services_and_business,false,supplier_or_distributor,178
services_and_business > b2b_service > supplier_or_distributor > aluminum_supplier,aluminum_supplier,Aluminum Supplier,3,services_and_business,false,supplier_or_distributor,393
services_and_business > b2b_service > supplier_or_distributor > awning_supplier,awning_supplier,Awning Supplier,3,services_and_business,false,supplier_or_distributor,955
services_and_business > b2b_service > supplier_or_distributor > battery_inverter_supplier,battery_inverter_supplier,Battery Inverter Supplier,3,services_and_business,false,supplier_or_distributor,1
services_and_business > b2b_service > supplier_or_distributor > bearing_supplier,bearing_supplier,Bearing Supplier,3,services_and_business,false,supplier_or_distributor,353
services_and_business > b2b_service > supplier_or_distributor > beauty_product_supplier,beauty_product_supplier,Beauty Product Supplier,3,services_and_business,false,supplier_or_distributor,25937
services_and_business > b2b_service > supplier_or_distributor > beverage_supplier,beverage_supplier,Beverage Supplier,3,services_and_business,false,supplier_or_distributor,5209
services_and_business > b2b_service > supplier_or_distributor > box_lunch_supplier,box_lunch_supplier,Box Lunch Supplier,3,services_and_business,false,supplier_or_distributor,80
services_and_business > b2b_service > supplier_or_distributor > business_office_supplies_and_stationery,business_office_supplies_and_stationery,Business Office Supplies and Stationery,3,services_and_business,false,supplier_or_distributor,4097
services_and_business > b2b_service > supplier_or_distributor > cement_supplier,cement_supplier,Cement Supplier,3,services_and_business,false,supplier_or_distributor,1169
services_and_business > b2b_service > supplier_or_distributor > cleaning_products_supplier,cleaning_products_supplier,Cleaning Products Supplier,3,services_and_business,false,supplier_or_distributor,1846
services_and_business > b2b_service > supplier_or_distributor > corporate_gift_supplier,corporate_gift_supplier,Corporate Gift Supplier,3,services_and_business,false,supplier_or_distributor,92
services_and_business > b2b_service > supplier_or_distributor > electronic_equipment_supplier,electronic_equipment_supplier,Electronic Equipment Supplier,3,services_and_business,false,supplier_or_distributor,24617
services_and_business > b2b_service > supplier_or_distributor > electronic_parts_supplier,electronic_parts_supplier,Electronic Parts Supplier,3,services_and_business,false,supplier_or_distributor,4525
services_and_business > b2b_service > supplier_or_distributor > fastener_supplier,fastener_supplier,Fastener Supplier,3,services_and_business,false,supplier_or_distributor,762
services_and_business > b2b_service > supplier_or_distributor > food_beverage_distributor,food_beverage_distributor,Food Beverage Distributor,3,services_and_business,false,supplier_or_distributor,50030
services_and_business > b2b_service > supplier_or_distributor > granite_supplier,granite_supplier,Granite Supplier,3,services_and_business,false,supplier_or_distributor,15913
services_and_business > b2b_service > supplier_or_distributor > hotel_supply_service,hotel_supply_service,Hotel Supply Service,3,services_and_business,false,supplier_or_distributor,2548
services_and_business > b2b_service > supplier_or_distributor > hvac_supplier,hvac_supplier,HVAC Supplier,3,services_and_business,false,supplier_or_distributor,10080
services_and_business > b2b_service > supplier_or_distributor > hydraulic_equipment_supplier,hydraulic_equipment_supplier,Hydraulic Equipment Supplier,3,services_and_business,false,supplier_or_distributor,3503
services_and_business > b2b_service > supplier_or_distributor > ice_supplier,ice_supplier,Ice Supplier,3,services_and_business,false,supplier_or_distributor,891
services_and_business > b2b_service > supplier_or_distributor > import_export_service,import_export_service,Import Export Service,3,services_and_business,false,supplier_or_distributor,3782
services_and_business > b2b_service > supplier_or_distributor > import_export_service > exporter,exporter,Exporter,4,services_and_business,false,supplier_or_distributor,947
services_and_business > b2b_service > supplier_or_distributor > import_export_service > exporter > food_and_beverage_exporter,food_and_beverage_exporter,Food and Beverage Exporter,5,services_and_business,false,supplier_or_distributor,813
services_and_business > b2b_service > supplier_or_distributor > import_export_service > importer,importer,Importer,4,services_and_business,false,supplier_or_distributor,669
services_and_business > b2b_service > supplier_or_distributor > laboratory_equipment_supplier,laboratory_equipment_supplier,Laboratory Equipment Supplier,3,services_and_business,false,supplier_or_distributor,776
services_and_business > b2b_service > supplier_or_distributor > metal_supplier,metal_supplier,Metal Supplier,3,services_and_business,false,supplier_or_distributor,49043
services_and_business > b2b_service > supplier_or_distributor > pipe_supplier,pipe_supplier,Pipe Supplier,3,services_and_business,false,supplier_or_distributor,664
services_and_business > b2b_service > supplier_or_distributor > playground_equipment_supplier,playground_equipment_supplier,Playground Equipment Supplier,3,services_and_business,false,supplier_or_distributor,6
services_and_business > b2b_service > supplier_or_distributor > printing_equipment_supplier,printing_equipment_supplier,Printing Equipment Supplier,3,services_and_business,false,supplier_or_distributor,1887
services_and_business > b2b_service > supplier_or_distributor > propane_supplier,propane_supplier,Propane Supplier,3,services_and_business,false,supplier_or_distributor,47004
services_and_business > b2b_service > supplier_or_distributor > restaurant_equipment_and_supply,restaurant_equipment_and_supply,Restaurant Equipment and Supply,3,services_and_business,false,supplier_or_distributor,12496
services_and_business > b2b_service > supplier_or_distributor > retaining_wall_supplier,retaining_wall_supplier,Retaining Wall Supplier,3,services_and_business,false,supplier_or_distributor,43
services_and_business > b2b_service > supplier_or_distributor > sand_and_gravel_supplier,sand_and_gravel_supplier,Sand and Gravel Supplier,3,services_and_business,false,supplier_or_distributor,859
services_and_business > b2b_service > supplier_or_distributor > scale_supplier,scale_supplier,Scale Supplier,3,services_and_business,false,supplier_or_distributor,214
services_and_business > b2b_service > supplier_or_distributor > seal_and_hanko_supplier,seal_and_hanko_supplier,Seal and Hanko Supplier,3,services_and_business,false,supplier_or_distributor,
services_and_business > b2b_service > supplier_or_distributor > spring_supplier,spring_supplier,Spring Supplier,3,services_and_business,false,supplier_or_distributor,100
services_and_business > b2b_service > supplier_or_distributor > stone_supplier,stone_supplier,Stone Supplier,3,services_and_business,false,supplier_or_distributor,972
services_and_business > b2b_service > supplier_or_distributor > tableware_supplier,tableware_supplier,Tableware Supplier,3,services_and_business,false,supplier_or_distributor,261
services_and_business > b2b_service > supplier_or_distributor > tent_house_supplier,tent_house_supplier,Tent House Supplier,3,services_and_business,false,supplier_or_distributor,11
services_and_business > b2b_service > supplier_or_distributor > thread_supplier,thread_supplier,Thread Supplier,3,services_and_business,false,supplier_or_distributor,4
services_and_business > b2b_service > supplier_or_distributor > vending_machine_supplier,vending_machine_supplier,Vending Machine Supplier,3,services_and_business,false,supplier_or_distributor,6248
services_and_business > b2b_service > supplier_or_distributor > water_softening_equipment_supplier,water_softening_equipment_supplier,Water Softening Equipment Supplier,3,services_and_business,false,supplier_or_distributor,567
services_and_business > b2b_service > supplier_or_distributor > window_supplier,window_supplier,Window Supplier,3,services_and_business,false,supplier_or_distributor,5847
services_and_business > b2b_service > wholesaler,wholesaler,Wholesaler,2,services_and_business,true,wholesaler,15756
services_and_business > b2b_service > wholesaler > computer_wholesaler,computer_wholesaler,Computer Wholesaler,3,services_and_business,false,wholesaler,8605
services_and_business > b2b_service > wholesaler > electrical_wholesaler,electrical_wholesaler,Electrical Wholesaler,3,services_and_business,false,wholesaler,1012
services_and_business > b2b_service > wholesaler > fabric_wholesaler,fabric_wholesaler,Fabric Wholesaler,3,services_and_business,false,wholesaler,322
services_and_business > b2b_service > wholesaler > fitness_equipment_wholesaler,fitness_equipment_wholesaler,Fitness Equipment Wholesaler,3,services_and_business,false,wholesaler,413
services_and_business > b2b_service > wholesaler > fmcg_wholesaler,fmcg_wholesaler,Fmcg Wholesaler,3,services_and_business,false,wholesaler,157
services_and_business > b2b_service > wholesaler > footwear_wholesaler,footwear_wholesaler,Footwear Wholesaler,3,services_and_business,false,wholesaler,72
services_and_business > b2b_service > wholesaler > furniture_wholesaler,furniture_wholesaler,Furniture Wholesaler,3,services_and_business,false,wholesaler,973
services_and_business > b2b_service > wholesaler > greengrocer,greengrocer,Greengrocer,3,services_and_business,false,wholesaler,179
services_and_business > b2b_service > wholesaler > industrial_spares_and_products_wholesaler,industrial_spares_and_products_wholesaler,Industrial Spares and Products Wholesaler,3,services_and_business,false,wholesaler,319
services_and_business > b2b_service > wholesaler > iron_and_steel_store,iron_and_steel_store,Iron and Steel Store,3,services_and_business,false,wholesaler,138
services_and_business > b2b_service > wholesaler > lingerie_wholesaler,lingerie_wholesaler,Lingerie Wholesaler,3,services_and_business,false,wholesaler,7
services_and_business > b2b_service > wholesaler > meat_wholesaler,meat_wholesaler,Meat Wholesaler,3,services_and_business,false,wholesaler,12567
services_and_business > b2b_service > wholesaler > optical_wholesaler,optical_wholesaler,Optical Wholesaler,3,services_and_business,false,wholesaler,577
services_and_business > b2b_service > wholesaler > pharmaceutical_products_wholesaler,pharmaceutical_products_wholesaler,Pharmaceutical Products Wholesaler,3,services_and_business,false,wholesaler,6503
services_and_business > b2b_service > wholesaler > produce_wholesaler,produce_wholesaler,Produce Wholesaler,3,services_and_business,false,wholesaler,1197
services_and_business > b2b_service > wholesaler > restaurant_wholesale,restaurant_wholesale,Restaurant Wholesale,3,services_and_business,false,wholesaler,2740
services_and_business > b2b_service > wholesaler > seafood_wholesaler,seafood_wholesaler,Seafood Wholesaler,3,services_and_business,false,wholesaler,261
services_and_business > b2b_service > wholesaler > spices_wholesaler,spices_wholesaler,Spices Wholesaler,3,services_and_business,false,wholesaler,39
services_and_business > b2b_service > wholesaler > tea_wholesaler,tea_wholesaler,Tea Wholesaler,3,services_and_business,false,wholesaler,34
services_and_business > b2b_service > wholesaler > threads_and_yarns_wholesaler,threads_and_yarns_wholesaler,Threads and Yarns Wholesaler,3,services_and_business,false,wholesaler,280
services_and_business > b2b_service > wholesaler > tools_wholesaler,tools_wholesaler,Tools Wholesaler,3,services_and_business,false,wholesaler,376
services_and_business > b2b_service > wholesaler > wholesale_florist,wholesale_florist,Wholesale Florist,3,services_and_business,false,wholesaler,388
services_and_business > b2b_service > wholesaler > wholesale_grocer,wholesale_grocer,Wholesale Grocer,3,services_and_business,false,wholesaler,8379
services_and_business > b2b_service > wholesaler > wine_wholesaler,wine_wholesaler,Wine Wholesaler,3,services_and_business,false,wholesaler,1184
services_and_business > building_or_construction_service,building_or_construction_service,Building or Construction Service,1,services_and_business,true,building_or_construction_service,343319
services_and_business > building_or_construction_service > blacksmith,blacksmith,Blacksmith,2,services_and_business,false,building_or_construction_service,311
services_and_business > building_or_construction_service > blueprinter,blueprinter,Blueprinter,2,services_and_business,false,building_or_construction_service,97
services_and_business > building_or_construction_service > civil_engineer,civil_engineer,Civil Engineer,2,services_and_business,false,building_or_construction_service,3673
services_and_business > building_or_construction_service > construction_management,construction_management,Construction Management,2,services_and_business,false,building_or_construction_service,1023
services_and_business > building_or_construction_service > crane_service,crane_service,Crane Service,2,services_and_business,false,building_or_construction_service,1722
services_and_business > building_or_construction_service > engineering_service,engineering_service,Engineering Service,2,services_and_business,false,building_or_construction_service,161545
services_and_business > building_or_construction_service > gravel_professional,gravel_professional,Gravel Professional,2,services_and_business,false,building_or_construction_service,54
services_and_business > building_or_construction_service > inspection_service,inspection_service,Inspection Service,2,services_and_business,false,building_or_construction_service,2216
services_and_business > building_or_construction_service > instrumentation_engineer,instrumentation_engineer,Instrumentation Engineer,2,services_and_business,false,building_or_construction_service,78
services_and_business > building_or_construction_service > ironworker,ironworker,Ironworker,2,services_and_business,false,building_or_construction_service,33
services_and_business > building_or_construction_service > lime_professional,lime_professional,Lime Professional,2,services_and_business,false,building_or_construction_service,49
services_and_business > building_or_construction_service > marble_and_granite_professional,marble_and_granite_professional,Marble and Granite Professional,2,services_and_business,false,building_or_construction_service,906
services_and_business > building_or_construction_service > masonry_contractor,masonry_contractor,Masonry Contractor,2,services_and_business,false,building_or_construction_service,4488
services_and_business > building_or_construction_service > mechanical_engineer,mechanical_engineer,Mechanical Engineer,2,services_and_business,false,building_or_construction_service,1739
services_and_business > building_or_construction_service > metal_material_expert,metal_material_expert,Metal Material Expert,2,services_and_business,false,building_or_construction_service,711
services_and_business > building_or_construction_service > road_contractor,road_contractor,Road Contractor,2,services_and_business,false,building_or_construction_service,1111
services_and_business > building_or_construction_service > stone_and_masonry,stone_and_masonry,Stone and Masonry,2,services_and_business,false,building_or_construction_service,1096
services_and_business > building_or_construction_service > welder,welder,Welder,2,services_and_business,false,building_or_construction_service,2586
services_and_business > corporate_or_business_office,corporate_or_business_office,Corporate or Business Office,1,services_and_business,true,corporate_or_business_office,164478
services_and_business > corporate_or_business_office > auto_company,auto_company,Auto Company,2,services_and_business,false,corporate_or_business_office,51595
services_and_business > corporate_or_business_office > bags_luggage_company,bags_luggage_company,Bags Luggage Company,2,services_and_business,false,corporate_or_business_office,3202
services_and_business > corporate_or_business_office > biotechnology_company,biotechnology_company,Biotechnology Company,2,services_and_business,false,corporate_or_business_office,9059
services_and_business > corporate_or_business_office > bottled_water_company,bottled_water_company,Bottled Water Company,2,services_and_business,false,corporate_or_business_office,18748
services_and_business > corporate_or_business_office > clothing_company,clothing_company,Clothing Company,2,services_and_business,false,corporate_or_business_office,19317
services_and_business > corporate_or_business_office > energy_company,energy_company,Energy Company,2,services_and_business,false,corporate_or_business_office,31777
services_and_business > corporate_or_business_office > ferry_boat_company,ferry_boat_company,Ferry Boat Company,2,services_and_business,false,corporate_or_business_office,8015
services_and_business > corporate_or_business_office > industrial_company,industrial_company,Industrial Company,2,services_and_business,false,corporate_or_business_office,79208
services_and_business > corporate_or_business_office > information_technology_company,information_technology_company,Information Technology Company,2,services_and_business,false,corporate_or_business_office,133627
services_and_business > corporate_or_business_office > pharmaceutical_company,pharmaceutical_company,Pharmaceutical Company,2,services_and_business,false,corporate_or_business_office,20971
services_and_business > corporate_or_business_office > plastics_company,plastics_company,Plastics Company,2,services_and_business,false,corporate_or_business_office,21136
services_and_business > corporate_or_business_office > private_association,private_association,Private Association,2,services_and_business,false,corporate_or_business_office,14242
services_and_business > corporate_or_business_office > telecommunications_company,telecommunications_company,Telecommunications Company,2,services_and_business,false,corporate_or_business_office,77931
services_and_business > corporate_or_business_office > tobacco_company,tobacco_company,Tobacco Company,2,services_and_business,false,corporate_or_business_office,656
services_and_business > corporate_or_business_office > travel_company,travel_company,Travel Company,2,services_and_business,false,corporate_or_business_office,29844
services_and_business > design_service,design_service,Design Service,1,services_and_business,true,design_service,
services_and_business > design_service > architect,architect,Architect,2,services_and_business,false,design_service,32082
services_and_business > design_service > architectural_designer,architectural_designer,Architectural Designer,2,services_and_business,false,design_service,100199
services_and_business > design_service > graphic_designer,graphic_designer,Graphic Designer,2,services_and_business,false,design_service,68540
services_and_business > design_service > product_design,product_design,Product Design,2,services_and_business,false,design_service,5268
services_and_business > design_service > sign_making,sign_making,Sign Making,2,services_and_business,false,design_service,38412
services_and_business > design_service > web_designer,web_designer,Web Designer,2,services_and_business,false,design_service,73207
services_and_business > environmental_or_ecological_service,environmental_or_ecological_service,Environmental or Ecological Service,1,services_and_business,true,environmental_or_ecological_service,11061
services_and_business > environmental_or_ecological_service > environmental_abatement_service,environmental_abatement_service,Environmental Abatement Service,2,services_and_business,false,environmental_or_ecological_service,247
services_and_business > environmental_or_ecological_service > environmental_conservation_organization,environmental_conservation_organization,Environmental Conservation Organization,2,services_and_business,false,environmental_or_ecological_service,29506
services_and_business > environmental_or_ecological_service > environmental_testing_service,environmental_testing_service,Environmental Testing Service,2,services_and_business,false,environmental_or_ecological_service,2943
services_and_business > environmental_or_ecological_service > forestry_service,forestry_service,Forestry Service,2,services_and_business,false,environmental_or_ecological_service,13645
services_and_business > environmental_or_ecological_service > wildlife_control,wildlife_control,Wildlife Control,2,services_and_business,false,environmental_or_ecological_service,255
services_and_business > event_or_party_service,event_or_party_service,Event or Party Service,1,services_and_business,true,event_or_party_service,1
services_and_business > event_or_party_service > audiovisual_equipment_rental,audiovisual_equipment_rental,Audiovisual Equipment Rental,2,services_and_business,false,event_or_party_service,5510
services_and_business > event_or_party_service > balloon_service,balloon_service,Balloon Service,2,services_and_business,false,event_or_party_service,462
services_and_business > event_or_party_service > bartender,bartender,Bartender,2,services_and_business,false,event_or_party_service,3122
services_and_business > event_or_party_service > boat_charter,boat_charter,Boat Charter,2,services_and_business,false,event_or_party_service,712
services_and_business > event_or_party_service > bounce_house_rental,bounce_house_rental,Bounce House Rental,2,services_and_business,false,event_or_party_service,432
services_and_business > event_or_party_service > caricature,caricature,Caricature,2,services_and_business,false,event_or_party_service,19
services_and_business > event_or_party_service > caterer,caterer,Caterer,2,services_and_business,false,event_or_party_service,88970
services_and_business > event_or_party_service > clown,clown,Clown,2,services_and_business,false,event_or_party_service,38
services_and_business > event_or_party_service > dj_service,dj_service,DJ Service,2,services_and_business,false,event_or_party_service,5727
services_and_business > event_or_party_service > event_technology_service,event_technology_service,Event Technology Service,2,services_and_business,false,event_or_party_service,10345
services_and_business > event_or_party_service > face_painting,face_painting,Face Painting,2,services_and_business,false,event_or_party_service,47
services_and_business > event_or_party_service > floral_designer,floral_designer,Floral Designer,2,services_and_business,false,event_or_party_service,111
services_and_business > event_or_party_service > game_truck_rental,game_truck_rental,Game Truck Rental,2,services_and_business,false,event_or_party_service,11
services_and_business > event_or_party_service > golf_cart_rental,golf_cart_rental,Golf Cart Rental,2,services_and_business,false,event_or_party_service,66
services_and_business > event_or_party_service > henna_artist,henna_artist,Henna Artist,2,services_and_business,false,event_or_party_service,57
services_and_business > event_or_party_service > karaoke_rental,karaoke_rental,Karaoke Rental,2,services_and_business,false,event_or_party_service,32
services_and_business > event_or_party_service > kids_recreation_and_party,kids_recreation_and_party,Kids Recreation and Party,2,services_and_business,false,event_or_party_service,14759
services_and_business > event_or_party_service > magician,magician,Magician,2,services_and_business,false,event_or_party_service,883
services_and_business > event_or_party_service > mohel,mohel,Mohel,2,services_and_business,false,event_or_party_service,5
services_and_business > event_or_party_service > musician,musician,Musician,2,services_and_business,false,event_or_party_service,1465
services_and_business > event_or_party_service > officiating_service,officiating_service,Officiating Service,2,services_and_business,false,event_or_party_service,248
services_and_business > event_or_party_service > party_and_event_planning,party_and_event_planning,Party and Event Planning,2,services_and_business,false,event_or_party_service,771950
services_and_business > event_or_party_service > party_bike_rental,party_bike_rental,Party Bike Rental,2,services_and_business,false,event_or_party_service,3
services_and_business > event_or_party_service > party_bus_rental,party_bus_rental,Party Bus Rental,2,services_and_business,false,event_or_party_service,261
services_and_business > event_or_party_service > party_character,party_character,Party Character,2,services_and_business,false,event_or_party_service,20
services_and_business > event_or_party_service > party_equipment_rental,party_equipment_rental,Party Equipment Rental,2,services_and_business,false,event_or_party_service,3413
services_and_business > event_or_party_service > personal_chef,personal_chef,Personal Chef,2,services_and_business,false,event_or_party_service,1307
services_and_business > event_or_party_service > photo_booth_rental,photo_booth_rental,Photo Booth Rental,2,services_and_business,false,event_or_party_service,4391
services_and_business > event_or_party_service > silent_disco,silent_disco,Silent Disco,2,services_and_business,false,event_or_party_service,3
services_and_business > event_or_party_service > sommelier_service,sommelier_service,Sommelier Service,2,services_and_business,false,event_or_party_service,1
services_and_business > event_or_party_service > team_building_activity,team_building_activity,Team Building Activity,2,services_and_business,false,event_or_party_service,136
services_and_business > event_or_party_service > trivia_host,trivia_host,Trivia Host,2,services_and_business,false,event_or_party_service,3
services_and_business > event_or_party_service > valet_service,valet_service,Valet Service,2,services_and_business,false,event_or_party_service,434
services_and_business > event_or_party_service > videographer,videographer,Videographer,2,services_and_business,false,event_or_party_service,4466
services_and_business > event_or_party_service > wedding_chapel,wedding_chapel,Wedding Chapel,2,services_and_business,false,event_or_party_service,854
services_and_business > event_or_party_service > wedding_planning,wedding_planning,Wedding Planning,2,services_and_business,false,event_or_party_service,39755
services_and_business > family_service,family_service,Family Service,1,services_and_business,true,family_service,
services_and_business > family_service > adoption_service,adoption_service,Adoption Service,2,services_and_business,false,family_service,1137
services_and_business > family_service > child_care_and_day_care,child_care_and_day_care,Child Care and Day Care,2,services_and_business,false,family_service,23193
services_and_business > family_service > child_care_and_day_care > day_care_preschool,day_care_preschool,Day Care Preschool,3,services_and_business,false,family_service,96833
services_and_business > family_service > elder_care_planning,elder_care_planning,Elder Care Planning,2,services_and_business,false,family_service,30
services_and_business > family_service > family_service_center,family_service_center,Family Service Center,2,services_and_business,false,family_service,450
services_and_business > family_service > funeral_service,funeral_service,Funeral Service,2,services_and_business,false,family_service,106769
services_and_business > family_service > funeral_service > cremation_service,cremation_service,Cremation Service,3,services_and_business,false,family_service,5363
services_and_business > family_service > funeral_service > mortuary_service,mortuary_service,Mortuary Service,3,services_and_business,false,family_service,213
services_and_business > family_service > genealogist,genealogist,Genealogist,2,services_and_business,false,family_service,757
services_and_business > family_service > mobility_equipment_service,mobility_equipment_service,Mobility Equipment Service,2,services_and_business,false,family_service,2089
services_and_business > family_service > nanny_service,nanny_service,Nanny Service,2,services_and_business,false,family_service,1024
services_and_business > financial_service,financial_service,Financial Service,1,services_and_business,true,financial_service,313147
services_and_business > financial_service > accountant,accountant,Accountant,2,services_and_business,false,financial_service,176951
services_and_business > financial_service > appraisal_service,appraisal_service,Appraisal Service,2,services_and_business,false,financial_service,23411
services_and_business > financial_service > atm,atm,ATM,2,services_and_business,true,atm,342719
services_and_business > financial_service > bank_or_credit_union,bank_or_credit_union,Bank or Credit Union,2,services_and_business,true,bank_or_credit_union,358594
services_and_business > financial_service > bank_or_credit_union > bank,bank,Bank,3,services_and_business,false,bank_or_credit_union,234566
services_and_business > financial_service > bank_or_credit_union > credit_union,credit_union,Credit Union,3,services_and_business,false,bank_or_credit_union,69423
services_and_business > financial_service > broker,broker,Broker,2,services_and_business,false,financial_service,8156
services_and_business > financial_service > broker > business_broker,business_broker,Business Broker,3,services_and_business,false,financial_service,2391
services_and_business > financial_service > broker > stock_and_bond_broker,stock_and_bond_broker,Stock and Bond Broker,3,services_and_business,false,financial_service,10730
services_and_business > financial_service > business_banking_service,business_banking_service,Business Banking Service,2,services_and_business,false,financial_service,345
services_and_business > financial_service > business_financing,business_financing,Business Financing,2,services_and_business,false,financial_service,282
services_and_business > financial_service > check_cashing_payday_loans,check_cashing_payday_loans,Check Cashing Payday Loans,2,services_and_business,false,financial_service,11241
services_and_business > financial_service > coin_dealer,coin_dealer,Coin Dealer,2,services_and_business,false,financial_service,191
services_and_business > financial_service > collection_agency,collection_agency,Collection Agency,2,services_and_business,false,financial_service,3868
services_and_business > financial_service > credit_and_debt_counseling,credit_and_debt_counseling,Credit and Debt Counseling,2,services_and_business,false,financial_service,7867
services_and_business > financial_service > currency_exchange,currency_exchange,Currency Exchange,2,services_and_business,false,financial_service,17552
services_and_business > financial_service > customs_broker,customs_broker,Customs Broker,2,services_and_business,false,financial_service,413
services_and_business > financial_service > debt_relief_service,debt_relief_service,Debt Relief Service,2,services_and_business,false,financial_service,786
services_and_business > financial_service > financial_advising,financial_advising,Financial Advising,2,services_and_business,false,financial_service,65596
services_and_business > financial_service > gold_buyer,gold_buyer,Gold Buyer,2,services_and_business,false,financial_service,1893
services_and_business > financial_service > holding_company,holding_company,Holding Company,2,services_and_business,false,financial_service,1015
services_and_business > financial_service > installment_loans,installment_loans,Installment Loans,2,services_and_business,false,financial_service,35157
services_and_business > financial_service > installment_loans > auto_loan_provider,auto_loan_provider,Auto Loan Provider,3,services_and_business,false,financial_service,1301
services_and_business > financial_service > installment_loans > mortgage_lender,mortgage_lender,Mortgage Lender,3,services_and_business,false,financial_service,23663
services_and_business > financial_service > insurance_agency,insurance_agency,Insurance Agency,2,services_and_business,false,financial_service,303702
services_and_business > financial_service > insurance_agency > auto_insurance,auto_insurance,Auto Insurance,3,services_and_business,false,financial_service,37594
services_and_business > financial_service > insurance_agency > farm_insurance,farm_insurance,Farm Insurance,3,services_and_business,false,financial_service,34
services_and_business > financial_service > insurance_agency > fidelity_and_surety_bonds,fidelity_and_surety_bonds,Fidelity and Surety Bonds,3,services_and_business,false,financial_service,34
services_and_business > financial_service > insurance_agency > home_and_rental_insurance,home_and_rental_insurance,Home and Rental Insurance,3,services_and_business,false,financial_service,577
services_and_business > financial_service > insurance_agency > life_insurance,life_insurance,Life Insurance,3,services_and_business,false,financial_service,11234
services_and_business > financial_service > investing,investing,Investing,2,services_and_business,false,financial_service,24554
services_and_business > financial_service > investment_management_company,investment_management_company,Investment Management Company,2,services_and_business,false,financial_service,103
services_and_business > financial_service > money_transfer_service,money_transfer_service,Money Transfer Service,2,services_and_business,false,financial_service,151147
services_and_business > financial_service > mortgage_broker,mortgage_broker,Mortgage Broker,2,services_and_business,false,financial_service,55452
services_and_business > financial_service > private_equity_firm,private_equity_firm,Private Equity Firm,2,services_and_business,false,financial_service,299
services_and_business > financial_service > public_adjuster,public_adjuster,Public Adjuster,2,services_and_business,false,financial_service,254
services_and_business > financial_service > real_estate_investment,real_estate_investment,Real Estate Investment,2,services_and_business,false,financial_service,11519
services_and_business > financial_service > tax_service,tax_service,Tax Service,2,services_and_business,false,financial_service,37965
services_and_business > financial_service > trusts,trusts,Trusts,2,services_and_business,false,financial_service,71415
services_and_business > home_service,home_service,Home Service,1,services_and_business,true,home_service,151878
services_and_business > home_service > air_duct_cleaning_service,air_duct_cleaning_service,Air Duct Cleaning Service,2,services_and_business,false,home_service,1307
services_and_business > home_service > antenna_service,antenna_service,Antenna Service,2,services_and_business,false,home_service,125
services_and_business > home_service > appliance_repair_service,appliance_repair_service,Appliance Repair Service,2,services_and_business,false,home_service,44541
services_and_business > home_service > artificial_turf,artificial_turf,Artificial Turf,2,services_and_business,false,home_service,204
services_and_business > home_service > bathroom_remodeling,bathroom_remodeling,Bathroom Remodeling,2,services_and_business,false,home_service,6249
services_and_business > home_service > bathtub_and_sink_repair,bathtub_and_sink_repair,Bathtub and Sink Repair,2,services_and_business,false,home_service,330
services_and_business > home_service > cabinet_sales_service,cabinet_sales_service,Cabinet Sales Service,2,services_and_business,false,home_service,7706
services_and_business > home_service > carpenter,carpenter,Carpenter,2,services_and_business,false,home_service,86482
services_and_business > home_service > carpet_cleaning,carpet_cleaning,Carpet Cleaning,2,services_and_business,false,home_service,18689
services_and_business > home_service > carpet_dyeing,carpet_dyeing,Carpet Dyeing,2,services_and_business,false,home_service,
services_and_business > home_service > carpet_installation,carpet_installation,Carpet Installation,2,services_and_business,false,home_service,794
services_and_business > home_service > ceiling_and_roofing_repair_and_service,ceiling_and_roofing_repair_and_service,Ceiling and Roofing Repair and Service,2,services_and_business,false,home_service,187
services_and_business > home_service > ceiling_and_roofing_repair_and_service > ceiling_service,ceiling_service,Ceiling Service,3,services_and_business,false,home_service,1142
services_and_business > home_service > ceiling_and_roofing_repair_and_service > roofing,roofing,Roofing,3,services_and_business,false,home_service,88749
services_and_business > home_service > childproofing,childproofing,Childproofing,2,services_and_business,false,home_service,21
services_and_business > home_service > chimney_service,chimney_service,Chimney Service,2,services_and_business,false,home_service,221
services_and_business > home_service > chimney_service > chimney_sweep,chimney_sweep,Chimney Sweep,3,services_and_business,false,home_service,7074
services_and_business > home_service > clock_repair_service,clock_repair_service,Clock Repair Service,2,services_and_business,false,home_service,179
services_and_business > home_service > closet_remodeling,closet_remodeling,Closet Remodeling,2,services_and_business,false,home_service,39
services_and_business > home_service > community_book_box,community_book_box,Community Book Box,2,services_and_business,false,home_service,
services_and_business > home_service > contractor,contractor,Contractor,2,services_and_business,false,home_service,328751
services_and_business > home_service > contractor > altering_and_remodeling_contractor,altering_and_remodeling_contractor,Altering and Remodeling Contractor,3,services_and_business,false,home_service,4819
services_and_business > home_service > contractor > building_contractor,building_contractor,Building Contractor,3,services_and_business,false,home_service,10895
services_and_business > home_service > contractor > flooring_contractor,flooring_contractor,Flooring Contractor,3,services_and_business,false,home_service,17930
services_and_business > home_service > contractor > paving_contractor,paving_contractor,Paving Contractor,3,services_and_business,false,home_service,10770
services_and_business > home_service > countertop_installation,countertop_installation,Countertop Installation,2,services_and_business,false,home_service,27141
services_and_business > home_service > damage_restoration,damage_restoration,Damage Restoration,2,services_and_business,false,home_service,12798
services_and_business > home_service > damage_restoration > fire_and_water_damage_restoration,fire_and_water_damage_restoration,Fire and Water Damage Restoration,3,services_and_business,false,home_service,7829
services_and_business > home_service > deck_and_railing_sales_service,deck_and_railing_sales_service,Deck and Railing Sales Service,2,services_and_business,false,home_service,1764
services_and_business > home_service > demolition_service,demolition_service,Demolition Service,2,services_and_business,false,home_service,2240
services_and_business > home_service > donation_center,donation_center,Donation Center,2,services_and_business,false,home_service,396
services_and_business > home_service > door_sales_service,door_sales_service,Door Sales Service,2,services_and_business,false,home_service,3508
services_and_business > home_service > drywall_service,drywall_service,Drywall Service,2,services_and_business,false,home_service,4120
services_and_business > home_service > electrician,electrician,Electrician,2,services_and_business,false,home_service,120027
services_and_business > home_service > excavation_service,excavation_service,Excavation Service,2,services_and_business,false,home_service,17406
services_and_business > home_service > exterior_design,exterior_design,Exterior Design,2,services_and_business,false,home_service,102
services_and_business > home_service > fence_and_gate_sales_service,fence_and_gate_sales_service,Fence and Gate Sales Service,2,services_and_business,false,home_service,18025
services_and_business > home_service > feng_shui,feng_shui,Feng Shui,2,services_and_business,false,home_service,49
services_and_business > home_service > fire_protection_service,fire_protection_service,Fire Protection Service,2,services_and_business,false,home_service,25857
services_and_business > home_service > fireplace_service,fireplace_service,Fireplace Service,2,services_and_business,false,home_service,7937
services_and_business > home_service > firewood,firewood,Firewood,2,services_and_business,false,home_service,456
services_and_business > home_service > foundation_repair,foundation_repair,Foundation Repair,2,services_and_business,false,home_service,615
services_and_business > home_service > furniture_assembly,furniture_assembly,Furniture Assembly,2,services_and_business,false,home_service,31407
services_and_business > home_service > furniture_rental_service,furniture_rental_service,Furniture Rental Service,2,services_and_business,false,home_service,600
services_and_business > home_service > furniture_repair,furniture_repair,Furniture Repair,2,services_and_business,false,home_service,703
services_and_business > home_service > furniture_reupholstery,furniture_reupholstery,Furniture Reupholstery,2,services_and_business,false,home_service,1970
services_and_business > home_service > garage_door_service,garage_door_service,Garage Door Service,2,services_and_business,false,home_service,20276
services_and_business > home_service > glass_and_mirror_sales_service,glass_and_mirror_sales_service,Glass and Mirror Sales Service,2,services_and_business,false,home_service,38290
services_and_business > home_service > grout_service,grout_service,Grout Service,2,services_and_business,false,home_service,288
services_and_business > home_service > gutter_service,gutter_service,Gutter Service,2,services_and_business,false,home_service,7060
services_and_business > home_service > handyman,handyman,Handyman,2,services_and_business,false,home_service,14458
services_and_business > home_service > holiday_decorating_service,holiday_decorating_service,Holiday Decorating Service,2,services_and_business,false,home_service,33
services_and_business > home_service > home_automation,home_automation,Home Automation,2,services_and_business,false,home_service,1097
services_and_business > home_service > home_cleaning,home_cleaning,Home Cleaning,2,services_and_business,false,home_service,123054
services_and_business > home_service > home_energy_auditor,home_energy_auditor,Home Energy Auditor,2,services_and_business,false,home_service,120
services_and_business > home_service > home_inspector,home_inspector,Home Inspector,2,services_and_business,false,home_service,11733
services_and_business > home_service > home_network_installation,home_network_installation,Home Network Installation,2,services_and_business,false,home_service,113
services_and_business > home_service > home_security,home_security,Home Security,2,services_and_business,false,home_service,29716
services_and_business > home_service > home_window_tinting,home_window_tinting,Home Window Tinting,2,services_and_business,false,home_service,617
services_and_business > home_service > house_sitting,house_sitting,House Sitting,2,services_and_business,false,home_service,512
services_and_business > home_service > hvac_service,hvac_service,HVAC Service,2,services_and_business,false,home_service,132266
services_and_business > home_service > hydro_jetting,hydro_jetting,Hydro Jetting,2,services_and_business,false,home_service,35
services_and_business > home_service > indoor_landscaping,indoor_landscaping,Indoor Landscaping,2,services_and_business,false,home_service,117
services_and_business > home_service > insulation_installation,insulation_installation,Insulation Installation,2,services_and_business,false,home_service,2606
services_and_business > home_service > interior_design,interior_design,Interior Design,2,services_and_business,false,home_service,129816
services_and_business > home_service > irrigation_service,irrigation_service,Irrigation Service,2,services_and_business,false,home_service,2200
services_and_business > home_service > junk_removal_and_hauling,junk_removal_and_hauling,Junk Removal and Hauling,2,services_and_business,false,home_service,3031
services_and_business > home_service > key_and_locksmith,key_and_locksmith,Key and Locksmith,2,services_and_business,false,home_service,71344
services_and_business > home_service > kitchen_remodeling,kitchen_remodeling,Kitchen Remodeling,2,services_and_business,false,home_service,5002
services_and_business > home_service > knife_sharpening,knife_sharpening,Knife Sharpening,2,services_and_business,false,home_service,293
services_and_business > home_service > landscaping,landscaping,Landscaping,2,services_and_business,false,home_service,85973
services_and_business > home_service > landscaping > gardener,gardener,Gardener,3,services_and_business,false,home_service,40551
services_and_business > home_service > landscaping > landscape_architect,landscape_architect,Landscape Architect,3,services_and_business,false,home_service,8996
services_and_business > home_service > landscaping > lawn_service,lawn_service,Lawn Service,3,services_and_business,false,home_service,5355
services_and_business > home_service > landscaping > tree_service,tree_service,Tree Service,3,services_and_business,false,home_service,26175
services_and_business > home_service > lawn_mower_repair_service,lawn_mower_repair_service,Lawn Mower Repair Service,2,services_and_business,false,home_service,136
services_and_business > home_service > lighting_fixtures_and_equipment,lighting_fixtures_and_equipment,Lighting Fixtures and Equipment,2,services_and_business,false,home_service,419
services_and_business > home_service > masonry_concrete,masonry_concrete,Masonry Concrete,2,services_and_business,false,home_service,26076
services_and_business > home_service > misting_system_service,misting_system_service,Misting System Service,2,services_and_business,false,home_service,4
services_and_business > home_service > mobile_home_repair,mobile_home_repair,Mobile Home Repair,2,services_and_business,false,home_service,75
services_and_business > home_service > mover,mover,Mover,2,services_and_business,false,home_service,14144
services_and_business > home_service > packing_service,packing_service,Packing Service,2,services_and_business,false,home_service,2332
services_and_business > home_service > painting,painting,Painting,2,services_and_business,false,home_service,58586
services_and_business > home_service > patio_covers,patio_covers,Patio Covers,2,services_and_business,false,home_service,4993
services_and_business > home_service > personal_assistant,personal_assistant,Personal Assistant,2,services_and_business,false,home_service,834
services_and_business > home_service > pest_control_service,pest_control_service,Pest Control Service,2,services_and_business,false,home_service,42345
services_and_business > home_service > plasterer,plasterer,Plasterer,2,services_and_business,false,home_service,575
services_and_business > home_service > plumbing,plumbing,Plumbing,2,services_and_business,false,home_service,97862
services_and_business > home_service > plumbing > backflow_service,backflow_service,Backflow Service,3,services_and_business,false,home_service,96
services_and_business > home_service > pool_and_hot_tub_service,pool_and_hot_tub_service,Pool and Hot Tub Service,2,services_and_business,false,home_service,3364
services_and_business > home_service > pool_cleaning,pool_cleaning,Pool Cleaning,2,services_and_business,false,home_service,26936
services_and_business > home_service > pressure_washing,pressure_washing,Pressure Washing,2,services_and_business,false,home_service,2766
services_and_business > home_service > recycling_center,recycling_center,Recycling Center,2,services_and_business,false,home_service,28911
services_and_business > home_service > refinishing_service,refinishing_service,Refinishing Service,2,services_and_business,false,home_service,523
services_and_business > home_service > security_systems,security_systems,Security Systems,2,services_and_business,false,home_service,7332
services_and_business > home_service > sewing_and_alterations,sewing_and_alterations,Sewing and Alterations,2,services_and_business,false,home_service,49857
services_and_business > home_service > sewing_and_alterations > tailor,tailor,Tailor,3,services_and_business,false,home_service,3713
services_and_business > home_service > shades_and_blinds,shades_and_blinds,Shades and Blinds,2,services_and_business,false,home_service,2507
services_and_business > home_service > shutters,shutters,Shutters,2,services_and_business,false,home_service,221
services_and_business > home_service > siding,siding,Siding,2,services_and_business,false,home_service,946
services_and_business > home_service > snow_removal_service,snow_removal_service,Snow Removal Service,2,services_and_business,false,home_service,330
services_and_business > home_service > solar_installation,solar_installation,Solar Installation,2,services_and_business,false,home_service,20853
services_and_business > home_service > solar_panel_cleaning,solar_panel_cleaning,Solar Panel Cleaning,2,services_and_business,false,home_service,17
services_and_business > home_service > structural_engineer,structural_engineer,Structural Engineer,2,services_and_business,false,home_service,5640
services_and_business > home_service > stucco_service,stucco_service,Stucco Service,2,services_and_business,false,home_service,465
services_and_business > home_service > television_service_provider,television_service_provider,Television Service Provider,2,services_and_business,false,home_service,11322
services_and_business > home_service > tiling,tiling,Tiling,2,services_and_business,false,home_service,8412
services_and_business > home_service > tv_mounting,tv_mounting,TV Mounting,2,services_and_business,false,home_service,2446
services_and_business > home_service > wallpaper_installer,wallpaper_installer,Wallpaper Installer,2,services_and_business,false,home_service,32
services_and_business > home_service > washer_and_dryer_repair_service,washer_and_dryer_repair_service,Washer and Dryer Repair Service,2,services_and_business,false,home_service,96
services_and_business > home_service > water_delivery,water_delivery,Water Delivery,2,services_and_business,false,home_service,61
services_and_business > home_service > water_heater_installation_repair,water_heater_installation_repair,Water Heater Installation Repair,2,services_and_business,false,home_service,1753
services_and_business > home_service > water_purification_service,water_purification_service,Water Purification Service,2,services_and_business,false,home_service,1207
services_and_business > home_service > waterproofing,waterproofing,Waterproofing,2,services_and_business,false,home_service,1288
services_and_business > home_service > well_drilling,well_drilling,Well Drilling,2,services_and_business,false,home_service,7766
services_and_business > home_service > window_washing,window_washing,Window Washing,2,services_and_business,false,home_service,2097
services_and_business > home_service > windows_installation,windows_installation,Windows Installation,2,services_and_business,false,home_service,32290
services_and_business > home_service > windows_installation > skylight_installation,skylight_installation,Skylight Installation,3,services_and_business,false,home_service,176
services_and_business > housing_or_property_service,housing_or_property_service,Housing or Property Service,1,services_and_business,true,housing_or_property_service,
services_and_business > housing_or_property_service > apartment,apartment,Apartment,2,services_and_business,true,apartment,28150
services_and_business > housing_or_property_service > condominium,condominium,Condominium,2,services_and_business,true,condominium,13157
services_and_business > housing_or_property_service > halfway_house,halfway_house,Halfway House,2,services_and_business,false,housing_or_property_service,1902
services_and_business > housing_or_property_service > low_income_housing,low_income_housing,Low Income Housing,2,services_and_business,false,housing_or_property_service,125
services_and_business > housing_or_property_service > mobile_home_park,mobile_home_park,Mobile Home Park,2,services_and_business,false,housing_or_property_service,12068
services_and_business > housing_or_property_service > senior_living_facility,senior_living_facility,Senior Living Facility,2,services_and_business,true,senior_living_facility,
services_and_business > housing_or_property_service > senior_living_facility > assisted_living_facility,assisted_living_facility,Assisted Living Facility,3,services_and_business,false,senior_living_facility,27634
services_and_business > housing_or_property_service > senior_living_facility > memory_care_facility,memory_care_facility,Memory Care Facility,3,services_and_business,false,senior_living_facility,15
services_and_business > housing_or_property_service > senior_living_facility > retirement_home,retirement_home,Retirement Home,3,services_and_business,false,senior_living_facility,145353
services_and_business > housing_or_property_service > university_housing,university_housing,University Housing,2,services_and_business,false,housing_or_property_service,974
services_and_business > industrial_facility_or_service,industrial_facility_or_service,Industrial Facility or Service,1,services_and_business,true,industrial_facility_or_service,
services_and_business > industrial_facility_or_service > hazardous_waste_disposal,hazardous_waste_disposal,Hazardous Waste Disposal,2,services_and_business,false,industrial_facility_or_service,167
services_and_business > industrial_facility_or_service > powder_coating_service,powder_coating_service,Powder Coating Service,2,services_and_business,false,industrial_facility_or_service,6021
services_and_business > industrial_facility_or_service > sandblasting_service,sandblasting_service,Sandblasting Service,2,services_and_business,false,industrial_facility_or_service,3216
services_and_business > laundry_service,laundry_service,Laundry Service,1,services_and_business,true,laundry_service,16277
services_and_business > laundry_service > dry_cleaning,dry_cleaning,Dry Cleaning,2,services_and_business,false,laundry_service,50734
services_and_business > laundry_service > laundromat,laundromat,Laundromat,2,services_and_business,false,laundry_service,103129
services_and_business > legal_service,legal_service,Legal Service,1,services_and_business,true,legal_service,67183
services_and_business > legal_service > attorney_or_law_firm,attorney_or_law_firm,Attorney or Law Firm,2,services_and_business,true,attorney_or_law_firm,316077
services_and_business > legal_service > attorney_or_law_firm > appellate_practice_lawyer,appellate_practice_lawyer,Appellate Practice Lawyer,3,services_and_business,false,attorney_or_law_firm,2885
services_and_business > legal_service > attorney_or_law_firm > bankruptcy_law,bankruptcy_law,Bankruptcy Law,3,services_and_business,false,attorney_or_law_firm,7873
services_and_business > legal_service > attorney_or_law_firm > business_law,business_law,Business Law,3,services_and_business,false,attorney_or_law_firm,3250
services_and_business > legal_service > attorney_or_law_firm > civil_rights_lawyer,civil_rights_lawyer,Civil Rights Lawyer,3,services_and_business,false,attorney_or_law_firm,231
services_and_business > legal_service > attorney_or_law_firm > contract_law,contract_law,Contract Law,3,services_and_business,false,attorney_or_law_firm,349
services_and_business > legal_service > attorney_or_law_firm > criminal_defense_law,criminal_defense_law,Criminal Defense Law,3,services_and_business,false,attorney_or_law_firm,19239
services_and_business > legal_service > attorney_or_law_firm > disability_law,disability_law,Disability Law,3,services_and_business,false,attorney_or_law_firm,2121
services_and_business > legal_service > attorney_or_law_firm > divorce_and_family_law,divorce_and_family_law,Divorce and Family Law,3,services_and_business,false,attorney_or_law_firm,22793
services_and_business > legal_service > attorney_or_law_firm > dui_law,dui_law,DUI Law,3,services_and_business,false,attorney_or_law_firm,622
services_and_business > legal_service > attorney_or_law_firm > employment_law,employment_law,Employment Law,3,services_and_business,false,attorney_or_law_firm,8928
services_and_business > legal_service > attorney_or_law_firm > entertainment_law,entertainment_law,Entertainment Law,3,services_and_business,false,attorney_or_law_firm,243
services_and_business > legal_service > attorney_or_law_firm > estate_planning_law,estate_planning_law,Estate Planning Law,3,services_and_business,false,attorney_or_law_firm,3111
services_and_business > legal_service > attorney_or_law_firm > general_litigation,general_litigation,General Litigation,3,services_and_business,false,attorney_or_law_firm,1292
services_and_business > legal_service > attorney_or_law_firm > immigration_law,immigration_law,Immigration Law,3,services_and_business,false,attorney_or_law_firm,13742
services_and_business > legal_service > attorney_or_law_firm > ip_and_internet_law,ip_and_internet_law,Ip and Internet Law,3,services_and_business,false,attorney_or_law_firm,2227
services_and_business > legal_service > attorney_or_law_firm > medical_law,medical_law,Medical Law,3,services_and_business,false,attorney_or_law_firm,1326
services_and_business > legal_service > attorney_or_law_firm > paralegal_service,paralegal_service,Paralegal Service,3,services_and_business,false,attorney_or_law_firm,551
services_and_business > legal_service > attorney_or_law_firm > personal_injury_law,personal_injury_law,Personal Injury Law,3,services_and_business,false,attorney_or_law_firm,21505
services_and_business > legal_service > attorney_or_law_firm > real_estate_law,real_estate_law,Real Estate Law,3,services_and_business,false,attorney_or_law_firm,3697
services_and_business > legal_service > attorney_or_law_firm > social_security_law,social_security_law,Social Security Law,3,services_and_business,false,attorney_or_law_firm,641
services_and_business > legal_service > attorney_or_law_firm > tax_law,tax_law,Tax Law,3,services_and_business,false,attorney_or_law_firm,2818
services_and_business > legal_service > attorney_or_law_firm > traffic_ticketing_law,traffic_ticketing_law,Traffic Ticketing Law,3,services_and_business,false,attorney_or_law_firm,32
services_and_business > legal_service > attorney_or_law_firm > wills_trusts_and_probate,wills_trusts_and_probate,Wills Trusts and Probate,3,services_and_business,false,attorney_or_law_firm,5986
services_and_business > legal_service > attorney_or_law_firm > workers_compensation_law,workers_compensation_law,Workers Compensation Law,3,services_and_business,false,attorney_or_law_firm,144
services_and_business > legal_service > bail_bonds_service,bail_bonds_service,Bail Bonds Service,2,services_and_business,false,legal_service,6067
services_and_business > legal_service > court_reporter,court_reporter,Court Reporter,2,services_and_business,false,legal_service,522
services_and_business > legal_service > mediator,mediator,Mediator,2,services_and_business,false,legal_service,728
services_and_business > legal_service > notary_public,notary_public,Notary Public,2,services_and_business,false,legal_service,31228
services_and_business > legal_service > patent_law,patent_law,Patent Law,2,services_and_business,false,legal_service,963
services_and_business > legal_service > private_investigation,private_investigation,Private Investigation,2,services_and_business,false,legal_service,7257
services_and_business > legal_service > process_server,process_server,Process Server,2,services_and_business,false,legal_service,4678
services_and_business > legal_service > tenant_and_eviction_law,tenant_and_eviction_law,Tenant and Eviction Law,2,services_and_business,false,legal_service,75
services_and_business > media_service,media_service,Media Service,1,services_and_business,true,media_service,13702
services_and_business > media_service > art_restoration_service,art_restoration_service,Art Restoration Service,2,services_and_business,false,media_service,3868
services_and_business > media_service > bookbinding,bookbinding,Bookbinding,2,services_and_business,false,media_service,1353
services_and_business > media_service > calligraphy,calligraphy,Calligraphy,2,services_and_business,false,media_service,27
services_and_business > media_service > commissioned_artist,commissioned_artist,Commissioned Artist,2,services_and_business,false,media_service,593
services_and_business > media_service > corporate_entertainment_service,corporate_entertainment_service,Corporate Entertainment Service,2,services_and_business,false,media_service,241
services_and_business > media_service > digitizing_service,digitizing_service,Digitizing Service,2,services_and_business,false,media_service,592
services_and_business > media_service > engraving,engraving,Engraving,2,services_and_business,false,media_service,461
services_and_business > media_service > media_critic,media_critic,Media Critic,2,services_and_business,false,media_service,65
services_and_business > media_service > media_critic > movie_critic,movie_critic,Movie Critic,3,services_and_business,false,media_service,9
services_and_business > media_service > media_critic > music_critic,music_critic,Music Critic,3,services_and_business,false,media_service,10
services_and_business > media_service > media_critic > video_game_critic,video_game_critic,Video Game Critic,3,services_and_business,false,media_service,22
services_and_business > media_service > media_news_company,media_news_company,Media News Company,2,services_and_business,false,media_service,23214
services_and_business > media_service > media_news_company > animation_studio,animation_studio,Animation Studio,3,services_and_business,false,media_service,2787
services_and_business > media_service > media_news_company > book_magazine_distribution,book_magazine_distribution,Book Magazine Distribution,3,services_and_business,false,media_service,2767
services_and_business > media_service > media_news_company > broadcasting_media_production,broadcasting_media_production,Broadcasting Media Production,3,services_and_business,false,media_service,49938
services_and_business > media_service > media_news_company > game_publisher,game_publisher,Game Publisher,3,services_and_business,false,media_service,4588
services_and_business > media_service > media_news_company > media_agency,media_agency,Media Agency,3,services_and_business,false,media_service,24427
services_and_business > media_service > media_news_company > movie_television_studio,movie_television_studio,Movie Television Studio,3,services_and_business,false,media_service,15306
services_and_business > media_service > media_news_company > music_production,music_production,Music Production,3,services_and_business,false,media_service,52884
services_and_business > media_service > media_news_company > publisher,publisher,Publisher,3,services_and_business,false,media_service,44126
services_and_business > media_service > media_news_company > radio_station,radio_station,Radio Station,3,services_and_business,true,radio_station,24573
services_and_business > media_service > media_news_company > social_media_company,social_media_company,Social Media Company,3,services_and_business,false,media_service,1738
services_and_business > media_service > media_news_company > television_station,television_station,Television Station,3,services_and_business,true,television_station,1073
services_and_business > media_service > media_news_company > weather_forecast_service,weather_forecast_service,Weather Forecast Service,3,services_and_business,false,media_service,22
services_and_business > media_service > media_news_website,media_news_website,Media News Website,2,services_and_business,false,media_service,6598
services_and_business > media_service > media_restoration_service,media_restoration_service,Media Restoration Service,2,services_and_business,false,media_service,900
services_and_business > media_service > music_production_service,music_production_service,Music Production Service,2,services_and_business,false,media_service,452
services_and_business > media_service > musical_instrument_service,musical_instrument_service,Musical Instrument Service,2,services_and_business,false,media_service,338
services_and_business > media_service > musical_instrument_service > piano_service,piano_service,Piano Service,3,services_and_business,false,media_service,979
services_and_business > media_service > musical_instrument_service > vocal_coach,vocal_coach,Vocal Coach,3,services_and_business,false,media_service,149
services_and_business > media_service > photography_service,photography_service,Photography Service,2,services_and_business,false,media_service,10838
services_and_business > media_service > photography_service > boudoir_photography_service,boudoir_photography_service,Boudoir Photography Service,3,services_and_business,false,media_service,90
services_and_business > media_service > photography_service > event_photography_service,event_photography_service,Event Photography Service,3,services_and_business,false,media_service,90581
services_and_business > media_service > photography_service > session_photography_service,session_photography_service,Session Photography Service,3,services_and_business,false,media_service,5664
services_and_business > media_service > print_media,print_media,Print Media,2,services_and_business,false,media_service,21014
services_and_business > media_service > record_label,record_label,Record Label,2,services_and_business,false,media_service,6956
services_and_business > media_service > recording_and_rehearsal_studio,recording_and_rehearsal_studio,Recording and Rehearsal Studio,2,services_and_business,false,media_service,2634
services_and_business > media_service > studio_taping,studio_taping,Studio Taping,2,services_and_business,false,media_service,90
services_and_business > media_service > theatrical_production,theatrical_production,Theatrical Production,2,services_and_business,false,media_service,15179
services_and_business > media_service > video_film_production,video_film_production,Video Film Production,2,services_and_business,false,media_service,3807
services_and_business > media_service > weather_station,weather_station,Weather Station,2,services_and_business,false,media_service,313
services_and_business > printing_service,printing_service,Printing Service,1,services_and_business,true,printing_service,298475
services_and_business > printing_service > 3d_printing_service,3d_printing_service,3d Printing Service,2,services_and_business,false,printing_service,822
services_and_business > printing_service > commercial_printer,commercial_printer,Commercial Printer,2,services_and_business,false,printing_service,1341
services_and_business > printing_service > duplication_service,duplication_service,Duplication Service,2,services_and_business,false,printing_service,115
services_and_business > printing_service > screen_printing_service,screen_printing_service,Screen Printing Service,2,services_and_business,false,printing_service,
services_and_business > printing_service > screen_printing_service > t_shirt_printing_service,t_shirt_printing_service,T-shirt Printing Service,3,services_and_business,false,printing_service,43046
services_and_business > professional_service,professional_service,Professional Service,1,services_and_business,true,professional_service,1267482
services_and_business > professional_service > advertising_agency,advertising_agency,Advertising Agency,2,services_and_business,false,professional_service,231973
services_and_business > professional_service > bank_equipment_service,bank_equipment_service,Bank Equipment Service,2,services_and_business,false,professional_service,729
services_and_business > professional_service > billing_service,billing_service,Billing Service,2,services_and_business,false,professional_service,676
services_and_business > professional_service > bookkeeper,bookkeeper,Bookkeeper,2,services_and_business,false,professional_service,2159
services_and_business > professional_service > business_consulting,business_consulting,Business Consulting,2,services_and_business,false,professional_service,33463
services_and_business > professional_service > career_counseling,career_counseling,Career Counseling,2,services_and_business,false,professional_service,7160
services_and_business > professional_service > certification_agency,certification_agency,Certification Agency,2,services_and_business,false,professional_service,151
services_and_business > professional_service > cleaning_service,cleaning_service,Cleaning Service,2,services_and_business,false,professional_service,20553
services_and_business > professional_service > cleaning_service > industrial_cleaning_service,industrial_cleaning_service,Industrial Cleaning Service,3,services_and_business,false,professional_service,285
services_and_business > professional_service > cleaning_service > janitorial_service,janitorial_service,Janitorial Service,3,services_and_business,false,professional_service,23518
services_and_business > professional_service > cleaning_service > office_cleaning,office_cleaning,Office Cleaning,3,services_and_business,false,professional_service,5232
services_and_business > professional_service > copywriting_service,copywriting_service,Copywriting Service,2,services_and_business,false,professional_service,846
services_and_business > professional_service > coworking_space,coworking_space,Coworking Space,2,services_and_business,false,professional_service,10905
services_and_business > professional_service > e_commerce_service,e_commerce_service,E-commerce Service,2,services_and_business,false,professional_service,7957
services_and_business > professional_service > editorial_service,editorial_service,Editorial Service,2,services_and_business,false,professional_service,107
services_and_business > professional_service > employment_agency,employment_agency,Employment Agency,2,services_and_business,false,professional_service,102515
services_and_business > professional_service > employment_agency > temp_agency,temp_agency,Temp Agency,3,services_and_business,false,professional_service,5007
services_and_business > professional_service > food_and_beverage_consultant,food_and_beverage_consultant,Food and Beverage Consultant,2,services_and_business,false,professional_service,503
services_and_business > professional_service > immigration_assistance_service,immigration_assistance_service,Immigration Assistance Service,2,services_and_business,false,professional_service,109
services_and_business > professional_service > internet_marketing_service,internet_marketing_service,Internet Marketing Service,2,services_and_business,false,professional_service,32808
services_and_business > professional_service > marketing_agency,marketing_agency,Marketing Agency,2,services_and_business,false,professional_service,124986
services_and_business > professional_service > merchandising_service,merchandising_service,Merchandising Service,2,services_and_business,false,professional_service,7753
services_and_business > professional_service > payroll_service,payroll_service,Payroll Service,2,services_and_business,false,professional_service,688
services_and_business > professional_service > public_relations,public_relations,Public Relations,2,services_and_business,false,professional_service,10979
services_and_business > professional_service > shredding_service,shredding_service,Shredding Service,2,services_and_business,false,professional_service,2102
services_and_business > professional_service > social_media_agency,social_media_agency,Social Media Agency,2,services_and_business,false,professional_service,10293
services_and_business > professional_service > talent_agency,talent_agency,Talent Agency,2,services_and_business,false,professional_service,1307
services_and_business > professional_service > translation_service,translation_service,Translation Service,2,services_and_business,false,professional_service,3539
services_and_business > professional_service > typing_service,typing_service,Typing Service,2,services_and_business,false,professional_service,108
services_and_business > professional_service > writing_service,writing_service,Writing Service,2,services_and_business,false,professional_service,3003
services_and_business > real_estate_service,real_estate_service,Real Estate Service,1,services_and_business,true,real_estate_service,740534
services_and_business > real_estate_service > builder,builder,Builder,2,services_and_business,false,real_estate_service,15120
services_and_business > real_estate_service > builder > home_developer,home_developer,Home Developer,3,services_and_business,false,real_estate_service,124408
services_and_business > real_estate_service > commercial_real_estate,commercial_real_estate,Commercial Real Estate,2,services_and_business,false,real_estate_service,33119
services_and_business > real_estate_service > display_home_center,display_home_center,Display Home Center,2,services_and_business,false,real_estate_service,448
services_and_business > real_estate_service > escrow_service,escrow_service,Escrow Service,2,services_and_business,false,real_estate_service,3770
services_and_business > real_estate_service > estate_liquidation,estate_liquidation,Estate Liquidation,2,services_and_business,false,real_estate_service,296
services_and_business > real_estate_service > home_organization,home_organization,Home Organization,2,services_and_business,false,real_estate_service,1812
services_and_business > real_estate_service > home_staging,home_staging,Home Staging,2,services_and_business,false,real_estate_service,4264
services_and_business > real_estate_service > homeowner_association,homeowner_association,Homeowner Association,2,services_and_business,false,real_estate_service,289
services_and_business > real_estate_service > housing_cooperative,housing_cooperative,Housing Cooperative,2,services_and_business,false,real_estate_service,1033
services_and_business > real_estate_service > kitchen_incubator,kitchen_incubator,Kitchen Incubator,2,services_and_business,false,real_estate_service,4
services_and_business > real_estate_service > land_surveying,land_surveying,Land Surveying,2,services_and_business,false,real_estate_service,24388
services_and_business > real_estate_service > mobile_home_dealer,mobile_home_dealer,Mobile Home Dealer,2,services_and_business,false,real_estate_service,7163
services_and_business > real_estate_service > property_management,property_management,Property Management,2,services_and_business,false,real_estate_service,115520
services_and_business > real_estate_service > real_estate_agent,real_estate_agent,Real Estate Agent,2,services_and_business,false,real_estate_service,614266
services_and_business > real_estate_service > real_estate_agent > apartment_agent,apartment_agent,Apartment Agent,3,services_and_business,false,real_estate_service,1316
services_and_business > real_estate_service > real_estate_photography,real_estate_photography,Real Estate Photography,2,services_and_business,false,real_estate_service,187
services_and_business > real_estate_service > shared_office_space,shared_office_space,Shared Office Space,2,services_and_business,false,real_estate_service,319
services_and_business > rental_service,rental_service,Rental Service,1,services_and_business,true,rental_service,69201
services_and_business > rental_service > art_space_rental,art_space_rental,Art Space Rental,2,services_and_business,false,rental_service,1
services_and_business > rental_service > bus_rental,bus_rental,Bus Rental,2,services_and_business,false,rental_service,1345
services_and_business > rental_service > clothing_rental,clothing_rental,Clothing Rental,2,services_and_business,false,rental_service,4920
services_and_business > rental_service > dumpster_rental,dumpster_rental,Dumpster Rental,2,services_and_business,false,rental_service,1825
services_and_business > rental_service > machine_and_tool_rental,machine_and_tool_rental,Machine and Tool Rental,2,services_and_business,false,rental_service,8393
services_and_business > rental_service > rental_kiosk,rental_kiosk,Rental Kiosk,2,services_and_business,false,rental_service,199664
services_and_business > rental_service > vehicle_rental_service,vehicle_rental_service,Vehicle Rental Service,2,services_and_business,false,rental_service,
services_and_business > rental_service > vehicle_rental_service > car_rental_service,car_rental_service,Car Rental Service,3,services_and_business,false,rental_service,100731
services_and_business > rental_service > vehicle_rental_service > motorcycle_rental_service,motorcycle_rental_service,Motorcycle Rental Service,3,services_and_business,false,rental_service,2391
services_and_business > rental_service > vehicle_rental_service > rv_rental_service,rv_rental_service,RV Rental Service,3,services_and_business,false,rental_service,4016
services_and_business > rental_service > vehicle_rental_service > trailer_rental_service,trailer_rental_service,Trailer Rental Service,3,services_and_business,false,rental_service,6215
services_and_business > rental_service > vehicle_rental_service > truck_rental_service,truck_rental_service,Truck Rental Service,3,services_and_business,false,rental_service,45453
services_and_business > security_service,security_service,Security Service,1,services_and_business,true,security_service,7724
services_and_business > security_service > fingerprinting_service,fingerprinting_service,Fingerprinting Service,2,services_and_business,false,security_service,411
services_and_business > shipping_or_delivery_service,shipping_or_delivery_service,Shipping or Delivery Service,1,services_and_business,true,shipping_or_delivery_service,
services_and_business > shipping_or_delivery_service > courier_and_delivery_service,courier_and_delivery_service,Courier and Delivery Service,2,services_and_business,false,shipping_or_delivery_service,54895
services_and_business > shipping_or_delivery_service > mailbox_center,mailbox_center,Mailbox Center,2,services_and_business,false,shipping_or_delivery_service,437
services_and_business > shipping_or_delivery_service > packaging_contractors_and_service,packaging_contractors_and_service,Packaging Contractors and Service,2,services_and_business,false,shipping_or_delivery_service,452
services_and_business > shipping_or_delivery_service > post_office,post_office,Post Office,2,services_and_business,false,shipping_or_delivery_service,233650
services_and_business > shipping_or_delivery_service > shipping_center,shipping_center,Shipping Center,2,services_and_business,false,shipping_or_delivery_service,87524
services_and_business > shipping_or_delivery_service > shipping_collection_service,shipping_collection_service,Shipping Collection Service,2,services_and_business,false,shipping_or_delivery_service,1061
services_and_business > shipping_or_delivery_service > vehicle_shipping,vehicle_shipping,Vehicle Shipping,2,services_and_business,false,shipping_or_delivery_service,3612
services_and_business > storage_facility,storage_facility,Storage Facility,1,services_and_business,true,storage_facility,80256
services_and_business > storage_facility > automotive_storage_facility,automotive_storage_facility,Automotive Storage Facility,2,services_and_business,false,storage_facility,2232
services_and_business > storage_facility > boat_storage_facility,boat_storage_facility,Boat Storage Facility,2,services_and_business,false,storage_facility,462
services_and_business > storage_facility > package_locker,package_locker,Package Locker,2,services_and_business,false,storage_facility,121868
services_and_business > storage_facility > rv_storage_facility,rv_storage_facility,RV Storage Facility,2,services_and_business,false,storage_facility,674
services_and_business > storage_facility > self_storage_facility,self_storage_facility,Self Storage Facility,2,services_and_business,false,storage_facility,64145
services_and_business > technical_service,technical_service,Technical Service,1,services_and_business,true,technical_service,
services_and_business > technical_service > acoustical_consultant,acoustical_consultant,Acoustical Consultant,2,services_and_business,false,technical_service,218
services_and_business > technical_service > bike_repair_maintenance,bike_repair_maintenance,Bike Repair Maintenance,2,services_and_business,false,technical_service,13744
services_and_business > technical_service > commercial_refrigeration,commercial_refrigeration,Commercial Refrigeration,2,services_and_business,false,technical_service,8396
services_and_business > technical_service > computer_hardware_company,computer_hardware_company,Computer Hardware Company,2,services_and_business,false,technical_service,30718
services_and_business > technical_service > electronics_repair_shop,electronics_repair_shop,Electronics Repair Shop,2,services_and_business,false,technical_service,1938
services_and_business > technical_service > elevator_service,elevator_service,Elevator Service,2,services_and_business,false,technical_service,8423
services_and_business > technical_service > generator_installation_repair,generator_installation_repair,Generator Installation Repair,2,services_and_business,false,technical_service,67
services_and_business > technical_service > hydraulic_repair_service,hydraulic_repair_service,Hydraulic Repair Service,2,services_and_business,false,technical_service,514
services_and_business > technical_service > internet_service_provider,internet_service_provider,Internet Service Provider,2,services_and_business,false,technical_service,41419
services_and_business > technical_service > internet_service_provider > web_hosting_service,web_hosting_service,Web Hosting Service,3,services_and_business,false,technical_service,1274
services_and_business > technical_service > it_service_and_computer_repair,it_service_and_computer_repair,IT Service and Computer Repair,2,services_and_business,false,technical_service,175655
services_and_business > technical_service > it_service_and_computer_repair > it_consultant,it_consultant,IT Consultant,3,services_and_business,false,technical_service,2072
services_and_business > technical_service > it_service_and_computer_repair > mobile_phone_repair,mobile_phone_repair,Mobile Phone Repair,3,services_and_business,false,technical_service,8599
services_and_business > technical_service > jewelry_repair_service,jewelry_repair_service,Jewelry Repair Service,2,services_and_business,false,technical_service,49
services_and_business > technical_service > laboratory,laboratory,Laboratory,2,services_and_business,false,technical_service,14241
services_and_business > technical_service > machine_shop,machine_shop,Machine Shop,2,services_and_business,false,technical_service,55723
services_and_business > technical_service > metal_detector_service,metal_detector_service,Metal Detector Service,2,services_and_business,false,technical_service,8
services_and_business > technical_service > software_development,software_development,Software Development,2,services_and_business,false,technical_service,148533
services_and_business > technical_service > taxidermist,taxidermist,Taxidermist,2,services_and_business,false,technical_service,5351
services_and_business > technical_service > telephone_service,telephone_service,Telephone Service,2,services_and_business,false,technical_service,678
services_and_business > technical_service > watch_repair_service,watch_repair_service,Watch Repair Service,2,services_and_business,false,technical_service,119
services_and_business > telecommunications_service,telecommunications_service,Telecommunications Service,1,services_and_business,true,telecommunications_service,35375
services_and_business > utility_energy_infrastructure,utility_energy_infrastructure,Utility Energy Infrastructure,1,services_and_business,true,utility_energy_infrastructure,
services_and_business > utility_energy_infrastructure > wind_energy,wind_energy,Wind Energy,2,services_and_business,false,utility_energy_infrastructure,69
shopping,shopping,Shopping,0,shopping,true,shopping,1225096
shopping > convenience_store,convenience_store,Convenience Store,1,shopping,true,convenience_store,469802
shopping > department_store,department_store,Department Store,1,shopping,true,department_store,86591
shopping > discount_store,discount_store,Discount Store,1,shopping,true,discount_store,124970
shopping > fashion_and_apparel_store,fashion_and_apparel_store,Fashion and Apparel Store,1,shopping,true,fashion_and_apparel_store,97108
shopping > fashion_and_apparel_store > baby_gear_and_nursery_store,baby_gear_and_nursery_store,Baby Gear and Nursery Store,2,shopping,false,fashion_and_apparel_store,5475
shopping > fashion_and_apparel_store > clothing_store,clothing_store,Clothing Store,2,shopping,false,fashion_and_apparel_store,897039
shopping > fashion_and_apparel_store > clothing_store > bridal_shop,bridal_shop,Bridal Shop,3,shopping,false,fashion_and_apparel_store,55741
shopping > fashion_and_apparel_store > clothing_store > childrens_clothing_store,childrens_clothing_store,Children's Clothing Store,3,shopping,false,fashion_and_apparel_store,119892
shopping > fashion_and_apparel_store > clothing_store > custom_clothing_store,custom_clothing_store,Custom Clothing Store,3,shopping,false,fashion_and_apparel_store,1266
shopping > fashion_and_apparel_store > clothing_store > denim_wear_store,denim_wear_store,Denim Wear Store,3,shopping,false,fashion_and_apparel_store,233
shopping > fashion_and_apparel_store > clothing_store > designer_clothing,designer_clothing,Designer Clothing,3,shopping,false,fashion_and_apparel_store,6818
shopping > fashion_and_apparel_store > clothing_store > formal_wear_store,formal_wear_store,Formal Wear Store,3,shopping,false,fashion_and_apparel_store,1310
shopping > fashion_and_apparel_store > clothing_store > fur_clothing,fur_clothing,Fur Clothing,3,shopping,false,fashion_and_apparel_store,572
shopping > fashion_and_apparel_store > clothing_store > lingerie_store,lingerie_store,Lingerie Store,3,shopping,false,fashion_and_apparel_store,49278
shopping > fashion_and_apparel_store > clothing_store > maternity_wear,maternity_wear,Maternity Wear,3,shopping,false,fashion_and_apparel_store,2582
shopping > fashion_and_apparel_store > clothing_store > mens_clothing_store,mens_clothing_store,Men's Clothing Store,3,shopping,false,fashion_and_apparel_store,98311
shopping > fashion_and_apparel_store > clothing_store > plus_size_clothing_store,plus_size_clothing_store,Plus Size Clothing Store,3,shopping,false,fashion_and_apparel_store,371
shopping > fashion_and_apparel_store > clothing_store > sleepwear,sleepwear,Sleepwear,3,shopping,false,fashion_and_apparel_store,2
shopping > fashion_and_apparel_store > clothing_store > t_shirt_store,t_shirt_store,T-shirt Store,3,shopping,false,fashion_and_apparel_store,5198
shopping > fashion_and_apparel_store > clothing_store > t_shirt_store > custom_t_shirt_store,custom_t_shirt_store,Custom T-shirt Store,4,shopping,false,fashion_and_apparel_store,2290
shopping > fashion_and_apparel_store > clothing_store > traditional_clothing,traditional_clothing,Traditional Clothing,3,shopping,false,fashion_and_apparel_store,1809
shopping > fashion_and_apparel_store > clothing_store > traditional_clothing > saree_shop,saree_shop,Saree Shop,4,shopping,false,fashion_and_apparel_store,48
shopping > fashion_and_apparel_store > clothing_store > uniform_store,uniform_store,Uniform Store,3,shopping,false,fashion_and_apparel_store,22370
shopping > fashion_and_apparel_store > clothing_store > womens_clothing_store,womens_clothing_store,Women's Clothing Store,3,shopping,false,fashion_and_apparel_store,301400
shopping > fashion_and_apparel_store > eyewear_store,eyewear_store,Eyewear Store,2,shopping,false,fashion_and_apparel_store,181002
shopping > fashion_and_apparel_store > eyewear_store > sunglasses_store,sunglasses_store,Sunglasses Store,3,shopping,false,fashion_and_apparel_store,5463
shopping > fashion_and_apparel_store > fashion_accessories_store,fashion_accessories_store,Fashion Accessories Store,2,shopping,false,fashion_and_apparel_store,93907
shopping > fashion_and_apparel_store > fashion_accessories_store > handbag_store,handbag_store,Handbag Store,3,shopping,false,fashion_and_apparel_store,1407
shopping > fashion_and_apparel_store > fashion_accessories_store > hat_store,hat_store,Hat Store,3,shopping,false,fashion_and_apparel_store,6541
shopping > fashion_and_apparel_store > fashion_boutique,fashion_boutique,Fashion Boutique,2,shopping,false,fashion_and_apparel_store,113370
shopping > fashion_and_apparel_store > jewelry_store,jewelry_store,Jewelry Store,2,shopping,false,fashion_and_apparel_store,279379
shopping > fashion_and_apparel_store > jewelry_store > diamond_dealer,diamond_dealer,Diamond Dealer,3,shopping,false,fashion_and_apparel_store,544
shopping > fashion_and_apparel_store > jewelry_store > goldsmith,goldsmith,Goldsmith,3,shopping,false,fashion_and_apparel_store,109
shopping > fashion_and_apparel_store > jewelry_store > watch_store,watch_store,Watch Store,3,shopping,false,fashion_and_apparel_store,4377
shopping > fashion_and_apparel_store > leather_goods_store,leather_goods_store,Leather Goods Store,2,shopping,false,fashion_and_apparel_store,3745
shopping > fashion_and_apparel_store > luggage_store,luggage_store,Luggage Store,2,shopping,false,fashion_and_apparel_store,25835
shopping > fashion_and_apparel_store > shoe_store,shoe_store,Shoe Store,2,shopping,false,fashion_and_apparel_store,244075
shopping > fashion_and_apparel_store > shoe_store > orthopedic_shoe_store,orthopedic_shoe_store,Orthopedic Shoe Store,3,shopping,false,fashion_and_apparel_store,981
shopping > food_and_beverage_store,food_and_beverage_store,Food and Beverage Store,1,shopping,true,food_and_beverage_store,65762
shopping > food_and_beverage_store > beer_wine_spirits_store,beer_wine_spirits_store,Beer Wine Spirits Store,2,shopping,false,food_and_beverage_store,17709
shopping > food_and_beverage_store > brewing_supply_store,brewing_supply_store,Brewing Supply Store,2,shopping,false,food_and_beverage_store,445
shopping > food_and_beverage_store > butcher_shop,butcher_shop,Butcher Shop,2,shopping,false,food_and_beverage_store,138455
shopping > food_and_beverage_store > cheese_shop,cheese_shop,Cheese Shop,2,shopping,false,food_and_beverage_store,13765
shopping > food_and_beverage_store > coffee_and_tea_supplies,coffee_and_tea_supplies,Coffee and Tea Supplies,2,shopping,false,food_and_beverage_store,642
shopping > food_and_beverage_store > csa_farm,csa_farm,Csa Farm,2,shopping,false,food_and_beverage_store,18
shopping > food_and_beverage_store > fishmonger,fishmonger,Fishmonger,2,shopping,false,food_and_beverage_store,29577
shopping > food_and_beverage_store > grocery_store,grocery_store,Grocery Store,2,shopping,false,food_and_beverage_store,928726
shopping > food_and_beverage_store > grocery_store > asian_grocery_store,asian_grocery_store,Asian Grocery Store,3,shopping,false,food_and_beverage_store,821
shopping > food_and_beverage_store > grocery_store > ethical_grocery_store,ethical_grocery_store,Ethical Grocery Store,3,shopping,false,food_and_beverage_store,2394
shopping > food_and_beverage_store > grocery_store > indian_grocery_store,indian_grocery_store,Indian Grocery Store,3,shopping,false,food_and_beverage_store,5884
shopping > food_and_beverage_store > grocery_store > international_grocery_store,international_grocery_store,International Grocery Store,3,shopping,false,food_and_beverage_store,2006
shopping > food_and_beverage_store > grocery_store > japanese_grocery_store,japanese_grocery_store,Japanese Grocery Store,3,shopping,false,food_and_beverage_store,36
shopping > food_and_beverage_store > grocery_store > korean_grocery_store,korean_grocery_store,Korean Grocery Store,3,shopping,false,food_and_beverage_store,10588
shopping > food_and_beverage_store > grocery_store > kosher_grocery_store,kosher_grocery_store,Kosher Grocery Store,3,shopping,false,food_and_beverage_store,50
shopping > food_and_beverage_store > grocery_store > mexican_grocery_store,mexican_grocery_store,Mexican Grocery Store,3,shopping,false,food_and_beverage_store,482
shopping > food_and_beverage_store > grocery_store > organic_grocery_store,organic_grocery_store,Organic Grocery Store,3,shopping,false,food_and_beverage_store,20512
shopping > food_and_beverage_store > grocery_store > russian_grocery_store,russian_grocery_store,Russian Grocery Store,3,shopping,false,food_and_beverage_store,11
shopping > food_and_beverage_store > health_food_store,health_food_store,Health Food Store,2,shopping,false,food_and_beverage_store,76534
shopping > food_and_beverage_store > herb_and_spice_store,herb_and_spice_store,Herb and Spice Store,2,shopping,false,food_and_beverage_store,3236
shopping > food_and_beverage_store > honey_farm_shop,honey_farm_shop,Honey Farm Shop,2,shopping,false,food_and_beverage_store,410
shopping > food_and_beverage_store > imported_food_store,imported_food_store,Imported Food Store,2,shopping,false,food_and_beverage_store,650
shopping > food_and_beverage_store > liquor_store,liquor_store,Liquor Store,2,shopping,false,food_and_beverage_store,145040
shopping > food_and_beverage_store > olive_oil_store,olive_oil_store,Olive Oil Store,2,shopping,false,food_and_beverage_store,189
shopping > food_and_beverage_store > patisserie_cake_shop,patisserie_cake_shop,Patisserie Cake Shop,2,shopping,false,food_and_beverage_store,3844
shopping > food_and_beverage_store > patisserie_cake_shop > custom_cakes_shop,custom_cakes_shop,Custom Cakes Shop,3,shopping,false,food_and_beverage_store,668
shopping > food_and_beverage_store > pick_your_own_farm,pick_your_own_farm,Pick Your Own Farm,2,shopping,false,food_and_beverage_store,56
shopping > food_and_beverage_store > seafood_market,seafood_market,Seafood Market,2,shopping,false,food_and_beverage_store,2480
shopping > food_and_beverage_store > smokehouse,smokehouse,Smokehouse,2,shopping,false,food_and_beverage_store,121
shopping > food_and_beverage_store > specialty_foods_store,specialty_foods_store,Specialty Foods Store,2,shopping,false,food_and_beverage_store,32027
shopping > food_and_beverage_store > specialty_foods_store > dairy_store,dairy_store,Dairy Store,3,shopping,false,food_and_beverage_store,1840
shopping > food_and_beverage_store > specialty_foods_store > frozen_foods_store,frozen_foods_store,Frozen Foods Store,3,shopping,false,food_and_beverage_store,1793
shopping > food_and_beverage_store > specialty_foods_store > pasta_store,pasta_store,Pasta Store,3,shopping,false,food_and_beverage_store,495
shopping > food_and_beverage_store > specialty_foods_store > produce_store,produce_store,Produce Store,3,shopping,false,food_and_beverage_store,69238
shopping > food_and_beverage_store > specialty_foods_store > rice_store,rice_store,Rice Store,3,shopping,false,food_and_beverage_store,43
shopping > food_and_beverage_store > tobacco_shop,tobacco_shop,Tobacco Shop,2,shopping,false,food_and_beverage_store,63044
shopping > food_and_beverage_store > vitamin_and_supplement_store,vitamin_and_supplement_store,Vitamin and Supplement Store,2,shopping,false,food_and_beverage_store,45198
shopping > food_and_beverage_store > water_store,water_store,Water Store,2,shopping,false,food_and_beverage_store,221
shopping > kiosk,kiosk,Kiosk,1,shopping,true,kiosk,1865
shopping > market,market,Market,1,shopping,true,market,
shopping > market > bazaar,bazaar,Bazaar,2,shopping,false,market,11
shopping > market > farmers_market,farmers_market,Farmers Market,2,shopping,true,farmers_market,60196
shopping > market > health_market,health_market,Health Market,2,shopping,false,market,2549
shopping > market > holiday_market,holiday_market,Holiday Market,2,shopping,false,market,25
shopping > market > market_stall,market_stall,Market Stall,2,shopping,false,market,2
shopping > market > night_market,night_market,Night Market,2,shopping,false,market,4497
shopping > market > public_market,public_market,Public Market,2,shopping,false,market,722
shopping > market > shopping_passage,shopping_passage,Shopping Passage,2,shopping,false,market,3
shopping > market > street_vendor,street_vendor,Street Vendor,2,shopping,false,market,253
shopping > second_hand_store,second_hand_store,Second Hand Store,1,shopping,true,second_hand_store,84231
shopping > second_hand_store > antique_store,antique_store,Antique Store,2,shopping,false,second_hand_store,57939
shopping > second_hand_store > flea_market,flea_market,Flea Market,2,shopping,false,second_hand_store,26044
shopping > second_hand_store > junkyard,junkyard,Junkyard,2,shopping,false,second_hand_store,8362
shopping > second_hand_store > pawn_shop,pawn_shop,Pawn Shop,2,shopping,false,second_hand_store,29797
shopping > second_hand_store > second_hand_clothing_store,second_hand_clothing_store,Second Hand Clothing Store,2,shopping,false,second_hand_store,21717
shopping > shopping_mall,shopping_mall,Shopping Mall,1,shopping,true,shopping_mall,186795
shopping > shopping_service,shopping_service,Shopping Service,1,shopping,true,shopping_service,
shopping > shopping_service > personal_shopper,personal_shopper,Personal Shopper,2,shopping,false,shopping_service,303
shopping > specialty_store,specialty_store,Specialty Store,1,shopping,true,specialty_store,53
shopping > specialty_store > adult_store,adult_store,Adult Store,2,shopping,false,specialty_store,1645
shopping > specialty_store > animal_and_pet_store,animal_and_pet_store,Animal and Pet Store,2,shopping,true,animal_and_pet_store,
shopping > specialty_store > animal_and_pet_store > horse_equipment_shop,horse_equipment_shop,Horse Equipment Shop,3,shopping,false,animal_and_pet_store,570
shopping > specialty_store > animal_and_pet_store > livestock_feed_and_supply_store,livestock_feed_and_supply_store,Livestock Feed and Supply Store,3,shopping,false,animal_and_pet_store,1323
shopping > specialty_store > animal_and_pet_store > pet_store,pet_store,Pet Store,3,shopping,false,animal_and_pet_store,163852
shopping > specialty_store > animal_and_pet_store > pet_store > aquatic_pet_store,aquatic_pet_store,Aquatic Pet Store,4,shopping,false,animal_and_pet_store,12151
shopping > specialty_store > animal_and_pet_store > pet_store > bird_store,bird_store,Bird Store,4,shopping,false,animal_and_pet_store,187
shopping > specialty_store > animal_and_pet_store > pet_store > reptile_store,reptile_store,Reptile Store,4,shopping,false,animal_and_pet_store,2325
shopping > specialty_store > arts_crafts_and_hobby_store,arts_crafts_and_hobby_store,Arts Crafts and Hobby Store,2,shopping,true,arts_crafts_and_hobby_store,142261
shopping > specialty_store > arts_crafts_and_hobby_store > art_supply_store,art_supply_store,Art Supply Store,3,shopping,false,arts_crafts_and_hobby_store,1852
shopping > specialty_store > arts_crafts_and_hobby_store > atelier,atelier,Atelier,3,shopping,false,arts_crafts_and_hobby_store,44
shopping > specialty_store > arts_crafts_and_hobby_store > cooking_classes,cooking_classes,Cooking Classes,3,shopping,false,arts_crafts_and_hobby_store,540
shopping > specialty_store > arts_crafts_and_hobby_store > costume_store,costume_store,Costume Store,3,shopping,false,arts_crafts_and_hobby_store,18243
shopping > specialty_store > arts_crafts_and_hobby_store > craft_store,craft_store,Craft Store,3,shopping,false,arts_crafts_and_hobby_store,4064
shopping > specialty_store > arts_crafts_and_hobby_store > craft_store > embroidery_and_crochet_store,embroidery_and_crochet_store,Embroidery and Crochet Store,4,shopping,false,arts_crafts_and_hobby_store,3876
shopping > specialty_store > arts_crafts_and_hobby_store > craft_store > knitting_supply_store,knitting_supply_store,Knitting Supply Store,4,shopping,false,arts_crafts_and_hobby_store,1259
shopping > specialty_store > arts_crafts_and_hobby_store > fabric_store,fabric_store,Fabric Store,3,shopping,false,arts_crafts_and_hobby_store,54423
shopping > specialty_store > arts_crafts_and_hobby_store > framing_store,framing_store,Framing Store,3,shopping,false,arts_crafts_and_hobby_store,5524
shopping > specialty_store > arts_crafts_and_hobby_store > hobby_shop,hobby_shop,Hobby Shop,3,shopping,false,arts_crafts_and_hobby_store,29009
shopping > specialty_store > auction_house,auction_house,Auction House,2,shopping,false,specialty_store,17731
shopping > specialty_store > auction_house > car_auction,car_auction,Car Auction,3,shopping,false,specialty_store,605
shopping > specialty_store > books_music_and_video_store,books_music_and_video_store,Books Music and Video Store,2,shopping,true,books_music_and_video_store,5663
shopping > specialty_store > books_music_and_video_store > bookstore,bookstore,Bookstore,3,shopping,false,books_music_and_video_store,137135
shopping > specialty_store > books_music_and_video_store > bookstore > academic_bookstore,academic_bookstore,Academic Bookstore,4,shopping,false,books_music_and_video_store,1830
shopping > specialty_store > books_music_and_video_store > bookstore > comic_books_store,comic_books_store,Comic Books Store,4,shopping,false,books_music_and_video_store,9722
shopping > specialty_store > books_music_and_video_store > bookstore > used_bookstore,used_bookstore,Used Bookstore,4,shopping,false,books_music_and_video_store,875
shopping > specialty_store > books_music_and_video_store > music_and_dvd_store,music_and_dvd_store,Music and DVD Store,3,shopping,false,books_music_and_video_store,25119
shopping > specialty_store > books_music_and_video_store > newspaper_and_magazines_store,newspaper_and_magazines_store,Newspaper and Magazines Store,3,shopping,false,books_music_and_video_store,20879
shopping > specialty_store > books_music_and_video_store > video_and_video_game_rental,video_and_video_game_rental,Video and Video Game Rental,3,shopping,false,books_music_and_video_store,10110
shopping > specialty_store > books_music_and_video_store > video_game_store,video_game_store,Video Game Store,3,shopping,false,books_music_and_video_store,25468
shopping > specialty_store > books_music_and_video_store > vinyl_record_store,vinyl_record_store,Vinyl Record Store,3,shopping,false,books_music_and_video_store,1808
shopping > specialty_store > cards_and_stationery_store,cards_and_stationery_store,Cards and Stationery Store,2,shopping,false,specialty_store,4177
shopping > specialty_store > customized_merchandise_store,customized_merchandise_store,Customized Merchandise Store,2,shopping,false,specialty_store,2917
shopping > specialty_store > duty_free_store,duty_free_store,Duty Free Store,2,shopping,false,specialty_store,1158
shopping > specialty_store > educational_supply_store,educational_supply_store,Educational Supply Store,2,shopping,false,specialty_store,8301
shopping > specialty_store > electronics_store,electronics_store,Electronics Store,2,shopping,true,electronics_store,256895
shopping > specialty_store > electronics_store > audio_visual_equipment_store,audio_visual_equipment_store,Audio Visual Equipment Store,3,shopping,false,electronics_store,17006
shopping > specialty_store > electronics_store > battery_store,battery_store,Battery Store,3,shopping,false,electronics_store,4056
shopping > specialty_store > electronics_store > camera_and_photography_store,camera_and_photography_store,Camera and Photography Store,3,shopping,false,electronics_store,32900
shopping > specialty_store > electronics_store > car_stereo_store,car_stereo_store,Car Stereo Store,3,shopping,false,electronics_store,13180
shopping > specialty_store > electronics_store > computer_store,computer_store,Computer Store,3,shopping,false,electronics_store,99986
shopping > specialty_store > electronics_store > drone_store,drone_store,Drone Store,3,shopping,false,electronics_store,193
shopping > specialty_store > electronics_store > home_theater_systems_stores,home_theater_systems_stores,Home Theater Systems Stores,3,shopping,false,electronics_store,2139
shopping > specialty_store > electronics_store > mobile_phone_accessory_store,mobile_phone_accessory_store,Mobile Phone Accessory Store,3,shopping,false,electronics_store,6121
shopping > specialty_store > electronics_store > mobile_phone_store,mobile_phone_store,Mobile Phone Store,3,shopping,false,electronics_store,331501
shopping > specialty_store > farming_equipment_and_supply_store,farming_equipment_and_supply_store,Farming Equipment and Supply Store,2,shopping,false,specialty_store,
shopping > specialty_store > farming_equipment_and_supply_store > agricultural_seed_store,agricultural_seed_store,Agricultural Seed Store,3,shopping,false,specialty_store,620
shopping > specialty_store > farming_equipment_and_supply_store > farming_equipment_store,farming_equipment_store,Farming Equipment Store,3,shopping,false,specialty_store,1267
shopping > specialty_store > fireworks_store,fireworks_store,Fireworks Store,2,shopping,false,specialty_store,11824
shopping > specialty_store > flowers_and_gifts_store,flowers_and_gifts_store,Flowers and Gifts Store,2,shopping,true,flowers_and_gifts_store,398227
shopping > specialty_store > flowers_and_gifts_store > florist,florist,Florist,3,shopping,false,flowers_and_gifts_store,41622
shopping > specialty_store > flowers_and_gifts_store > flower_market,flower_market,Flower Market,3,shopping,false,flowers_and_gifts_store,79
shopping > specialty_store > flowers_and_gifts_store > gift_shop,gift_shop,Gift Shop,3,shopping,false,flowers_and_gifts_store,55126
shopping > specialty_store > gemstone_and_mineral_store,gemstone_and_mineral_store,Gemstone and Mineral Store,2,shopping,false,specialty_store,448
shopping > specialty_store > gun_and_ammo_store,gun_and_ammo_store,Gun and Ammo Store,2,shopping,false,specialty_store,18276
shopping > specialty_store > gun_and_ammo_store > gunsmith,gunsmith,Gunsmith,3,shopping,false,specialty_store,58
shopping > specialty_store > hardware_home_and_garden_store,hardware_home_and_garden_store,Hardware Home and Garden Store,2,shopping,true,hardware_home_and_garden_store,30904
shopping > specialty_store > hardware_home_and_garden_store > appliance_store,appliance_store,Appliance Store,3,shopping,false,hardware_home_and_garden_store,64912
shopping > specialty_store > hardware_home_and_garden_store > bedding_and_bath_store,bedding_and_bath_store,Bedding and Bath Store,3,shopping,false,hardware_home_and_garden_store,1926
shopping > specialty_store > hardware_home_and_garden_store > building_supply_store,building_supply_store,Building Supply Store,3,shopping,false,hardware_home_and_garden_store,318226
shopping > specialty_store > hardware_home_and_garden_store > building_supply_store > lumber_store,lumber_store,Lumber Store,4,shopping,false,hardware_home_and_garden_store,27265
shopping > specialty_store > hardware_home_and_garden_store > candle_store,candle_store,Candle Store,3,shopping,false,hardware_home_and_garden_store,2398
shopping > specialty_store > hardware_home_and_garden_store > carpet_store,carpet_store,Carpet Store,3,shopping,false,hardware_home_and_garden_store,63339
shopping > specialty_store > hardware_home_and_garden_store > christmas_tree_store,christmas_tree_store,Christmas Tree Store,3,shopping,false,hardware_home_and_garden_store,2979
shopping > specialty_store > hardware_home_and_garden_store > do_it_yourself_store,do_it_yourself_store,Do IT Yourself Store,3,shopping,false,hardware_home_and_garden_store,2677
shopping > specialty_store > hardware_home_and_garden_store > electrical_supply_store,electrical_supply_store,Electrical Supply Store,3,shopping,false,hardware_home_and_garden_store,10508
shopping > specialty_store > hardware_home_and_garden_store > flooring_store,flooring_store,Flooring Store,3,shopping,false,hardware_home_and_garden_store,11120
shopping > specialty_store > hardware_home_and_garden_store > furniture_accessory_store,furniture_accessory_store,Furniture Accessory Store,3,shopping,false,hardware_home_and_garden_store,2131
shopping > specialty_store > hardware_home_and_garden_store > furniture_store,furniture_store,Furniture Store,3,shopping,false,hardware_home_and_garden_store,460012
shopping > specialty_store > hardware_home_and_garden_store > grilling_equipment_store,grilling_equipment_store,Grilling Equipment Store,3,shopping,false,hardware_home_and_garden_store,603
shopping > specialty_store > hardware_home_and_garden_store > hardware_store,hardware_store,Hardware Store,3,shopping,false,hardware_home_and_garden_store,259867
shopping > specialty_store > hardware_home_and_garden_store > hardware_store > welding_supply_store,welding_supply_store,Welding Supply Store,4,shopping,false,hardware_home_and_garden_store,2972
shopping > specialty_store > hardware_home_and_garden_store > holiday_decor_store,holiday_decor_store,Holiday Decor Store,3,shopping,false,hardware_home_and_garden_store,330
shopping > specialty_store > hardware_home_and_garden_store > home_decor_store,home_decor_store,Home Decor Store,3,shopping,false,hardware_home_and_garden_store,12302
shopping > specialty_store > hardware_home_and_garden_store > home_goods_store,home_goods_store,Home Goods Store,3,shopping,false,hardware_home_and_garden_store,125802
shopping > specialty_store > hardware_home_and_garden_store > home_improvement_store,home_improvement_store,Home Improvement Store,3,shopping,false,hardware_home_and_garden_store,118242
shopping > specialty_store > hardware_home_and_garden_store > hot_tub_and_pool_store,hot_tub_and_pool_store,Hot Tub and Pool Store,3,shopping,false,hardware_home_and_garden_store,4394
shopping > specialty_store > hardware_home_and_garden_store > kitchen_and_bath_store,kitchen_and_bath_store,Kitchen and Bath Store,3,shopping,false,hardware_home_and_garden_store,9502
shopping > specialty_store > hardware_home_and_garden_store > kitchen_and_bath_store > bathroom_fixture_store,bathroom_fixture_store,Bathroom Fixture Store,4,shopping,false,hardware_home_and_garden_store,313
shopping > specialty_store > hardware_home_and_garden_store > kitchen_and_bath_store > kitchen_supply_store,kitchen_supply_store,Kitchen Supply Store,4,shopping,false,hardware_home_and_garden_store,12351
shopping > specialty_store > hardware_home_and_garden_store > lawn_mower_store,lawn_mower_store,Lawn Mower Store,3,shopping,false,hardware_home_and_garden_store,2149
shopping > specialty_store > hardware_home_and_garden_store > lighting_store,lighting_store,Lighting Store,3,shopping,false,hardware_home_and_garden_store,39904
shopping > specialty_store > hardware_home_and_garden_store > linen_store,linen_store,Linen Store,3,shopping,false,hardware_home_and_garden_store,32787
shopping > specialty_store > hardware_home_and_garden_store > mattress_store,mattress_store,Mattress Store,3,shopping,false,hardware_home_and_garden_store,41623
shopping > specialty_store > hardware_home_and_garden_store > nursery_and_gardening_store,nursery_and_gardening_store,Nursery and Gardening Store,3,shopping,false,hardware_home_and_garden_store,122703
shopping > specialty_store > hardware_home_and_garden_store > nursery_and_gardening_store > hydroponic_gardening_store,hydroponic_gardening_store,Hydroponic Gardening Store,4,shopping,false,hardware_home_and_garden_store,684
shopping > specialty_store > hardware_home_and_garden_store > outdoor_furniture_store,outdoor_furniture_store,Outdoor Furniture Store,3,shopping,false,hardware_home_and_garden_store,2011
shopping > specialty_store > hardware_home_and_garden_store > paint_store,paint_store,Paint Store,3,shopping,false,hardware_home_and_garden_store,18781
shopping > specialty_store > hardware_home_and_garden_store > rug_store,rug_store,Rug Store,3,shopping,false,hardware_home_and_garden_store,1759
shopping > specialty_store > hardware_home_and_garden_store > tile_store,tile_store,Tile Store,3,shopping,false,hardware_home_and_garden_store,5941
shopping > specialty_store > hardware_home_and_garden_store > wallpaper_store,wallpaper_store,Wallpaper Store,3,shopping,false,hardware_home_and_garden_store,379
shopping > specialty_store > hardware_home_and_garden_store > window_treatment_store,window_treatment_store,Window Treatment Store,3,shopping,false,hardware_home_and_garden_store,5501
shopping > specialty_store > hardware_home_and_garden_store > woodworking_supply_store,woodworking_supply_store,Woodworking Supply Store,3,shopping,false,hardware_home_and_garden_store,3967
shopping > specialty_store > medical_supply_store,medical_supply_store,Medical Supply Store,2,shopping,false,specialty_store,52253
shopping > specialty_store > medical_supply_store > dental_supply_store,dental_supply_store,Dental Supply Store,3,shopping,false,specialty_store,1413
shopping > specialty_store > medical_supply_store > hearing_aid_store,hearing_aid_store,Hearing Aid Store,3,shopping,false,specialty_store,23703
shopping > specialty_store > musical_instrument_and_pro_audio_store,musical_instrument_and_pro_audio_store,Musical Instrument and Pro Audio Store,2,shopping,true,musical_instrument_and_pro_audio_store,
shopping > specialty_store > musical_instrument_and_pro_audio_store > dj_equipment_store,dj_equipment_store,DJ Equipment Store,3,shopping,false,musical_instrument_and_pro_audio_store,
shopping > specialty_store > musical_instrument_and_pro_audio_store > musical_instrument_store,musical_instrument_store,Musical Instrument Store,3,shopping,false,musical_instrument_and_pro_audio_store,41435
shopping > specialty_store > musical_instrument_and_pro_audio_store > musical_instrument_store > guitar_store,guitar_store,Guitar Store,4,shopping,false,musical_instrument_and_pro_audio_store,735
shopping > specialty_store > musical_instrument_and_pro_audio_store > musical_instrument_store > piano_store,piano_store,Piano Store,4,shopping,false,musical_instrument_and_pro_audio_store,441
shopping > specialty_store > musical_instrument_and_pro_audio_store > pro_audio_store,pro_audio_store,Pro Audio Store,3,shopping,false,musical_instrument_and_pro_audio_store,
shopping > specialty_store > office_supply_store,office_supply_store,Office Supply Store,2,shopping,true,office_supply_store,57124
shopping > specialty_store > office_supply_store > packing_supply_store,packing_supply_store,Packing Supply Store,3,shopping,false,office_supply_store,13010
shopping > specialty_store > office_supply_store > pen_store,pen_store,Pen Store,3,shopping,false,office_supply_store,94
shopping > specialty_store > outlet_store,outlet_store,Outlet Store,2,shopping,false,specialty_store,15772
shopping > specialty_store > party_supply_store,party_supply_store,Party Supply Store,2,shopping,false,specialty_store,50534
shopping > specialty_store > personal_care_and_beauty_store,personal_care_and_beauty_store,Personal Care and Beauty Store,2,shopping,true,personal_care_and_beauty_store,
shopping > specialty_store > personal_care_and_beauty_store > bath_and_body_store,bath_and_body_store,Bath and Body Store,3,shopping,false,personal_care_and_beauty_store,
shopping > specialty_store > personal_care_and_beauty_store > beauty_supply_store,beauty_supply_store,Beauty Supply Store,3,shopping,false,personal_care_and_beauty_store,184142
shopping > specialty_store > personal_care_and_beauty_store > beauty_supply_store > cosmetics_and_fragrance_store,cosmetics_and_fragrance_store,Cosmetics and Fragrance Store,4,shopping,false,personal_care_and_beauty_store,26588
shopping > specialty_store > personal_care_and_beauty_store > beauty_supply_store > hair_supply_store,hair_supply_store,Hair Supply Store,4,shopping,false,personal_care_and_beauty_store,47898
shopping > specialty_store > personal_care_and_beauty_store > beauty_supply_store > wig_store,wig_store,Wig Store,4,shopping,false,personal_care_and_beauty_store,5166
shopping > specialty_store > pharmacy_and_drug_store,pharmacy_and_drug_store,Pharmacy and Drug Store,2,shopping,true,pharmacy_and_drug_store,
shopping > specialty_store > pharmacy_and_drug_store > drugstore,drugstore,Drugstore,3,shopping,false,pharmacy_and_drug_store,29597
shopping > specialty_store > pharmacy_and_drug_store > pharmacy,pharmacy,Pharmacy,3,shopping,false,pharmacy_and_drug_store,519231
shopping > specialty_store > pop_up_store,pop_up_store,Pop Up Store,2,shopping,false,specialty_store,7473
shopping > specialty_store > religious_and_spiritual_goods_store,religious_and_spiritual_goods_store,Religious and Spiritual Goods Store,2,shopping,false,specialty_store,1132
shopping > specialty_store > religious_and_spiritual_goods_store > buddhist_goods_store,buddhist_goods_store,Buddhist Goods Store,3,shopping,false,specialty_store,
shopping > specialty_store > religious_and_spiritual_goods_store > christian_goods_store,christian_goods_store,Christian Goods Store,3,shopping,false,specialty_store,
shopping > specialty_store > religious_and_spiritual_goods_store > christian_goods_store > church_supply_store,church_supply_store,Church Supply Store,4,shopping,false,specialty_store,
shopping > specialty_store > religious_and_spiritual_goods_store > hindu_goods_store,hindu_goods_store,Hindu Goods Store,3,shopping,false,specialty_store,
shopping > specialty_store > religious_and_spiritual_goods_store > islamic_goods_store,islamic_goods_store,Islamic Goods Store,3,shopping,false,specialty_store,
shopping > specialty_store > religious_and_spiritual_goods_store > jewish_goods_store,jewish_goods_store,Jewish Goods Store,3,shopping,false,specialty_store,
shopping > specialty_store > religious_and_spiritual_goods_store > mind_body_spirit_store,mind_body_spirit_store,Mind Body Spirit Store,3,shopping,false,specialty_store,
shopping > specialty_store > religious_and_spiritual_goods_store > new_age_goods_store,new_age_goods_store,New Age Goods Store,3,shopping,false,specialty_store,
shopping > specialty_store > religious_and_spiritual_goods_store > occult_store,occult_store,Occult Store,3,shopping,false,specialty_store,
shopping > specialty_store > religious_and_spiritual_goods_store > pagan_goods_store,pagan_goods_store,Pagan Goods Store,3,shopping,false,specialty_store,
shopping > specialty_store > safe_store,safe_store,Safe Store,2,shopping,false,specialty_store,535
shopping > specialty_store > safety_equipment_store,safety_equipment_store,Safety Equipment Store,2,shopping,false,specialty_store,10888
shopping > specialty_store > smoke_and_vape_store,smoke_and_vape_store,Smoke and Vape Store,2,shopping,false,specialty_store,40067
shopping > specialty_store > smoke_and_vape_store > cannabis_dispensary,cannabis_dispensary,Cannabis Dispensary,3,shopping,false,specialty_store,9007
shopping > specialty_store > souvenir_store,souvenir_store,Souvenir Store,2,shopping,false,specialty_store,13771
shopping > specialty_store > sporting_goods_store,sporting_goods_store,Sporting Goods Store,2,shopping,true,sporting_goods_store,128526
shopping > specialty_store > sporting_goods_store > archery_store,archery_store,Archery Store,3,shopping,false,sporting_goods_store,1602
shopping > specialty_store > sporting_goods_store > bike_store,bike_store,Bike Store,3,shopping,false,sporting_goods_store,87983
shopping > specialty_store > sporting_goods_store > dive_store,dive_store,Dive Store,3,shopping,false,sporting_goods_store,877
shopping > specialty_store > sporting_goods_store > fitness_exercise_store,fitness_exercise_store,Fitness Exercise Store,3,shopping,false,sporting_goods_store,1356
shopping > specialty_store > sporting_goods_store > golf_equipment_store,golf_equipment_store,Golf Equipment Store,3,shopping,false,sporting_goods_store,2286
shopping > specialty_store > sporting_goods_store > hockey_equipment_store,hockey_equipment_store,Hockey Equipment Store,3,shopping,false,sporting_goods_store,282
shopping > specialty_store > sporting_goods_store > hunting_and_fishing_store,hunting_and_fishing_store,Hunting and Fishing Store,3,shopping,false,sporting_goods_store,29248
shopping > specialty_store > sporting_goods_store > outdoor_store,outdoor_store,Outdoor Store,3,shopping,false,sporting_goods_store,28466
shopping > specialty_store > sporting_goods_store > pool_and_billiards_store,pool_and_billiards_store,Pool and Billiards Store,3,shopping,false,sporting_goods_store,117
shopping > specialty_store > sporting_goods_store > skate_store,skate_store,Skate Store,3,shopping,false,sporting_goods_store,5351
shopping > specialty_store > sporting_goods_store > ski_and_snowboard_store,ski_and_snowboard_store,Ski and Snowboard Store,3,shopping,false,sporting_goods_store,5051
shopping > specialty_store > sporting_goods_store > sportswear_store,sportswear_store,Sportswear Store,3,shopping,false,sporting_goods_store,31896
shopping > specialty_store > sporting_goods_store > sportswear_store > dancewear_store,dancewear_store,Dancewear Store,4,shopping,false,sporting_goods_store,1581
shopping > specialty_store > sporting_goods_store > surf_store,surf_store,Surf Store,3,shopping,false,sporting_goods_store,7454
shopping > specialty_store > sporting_goods_store > swimwear_store,swimwear_store,Swimwear Store,3,shopping,false,sporting_goods_store,6670
shopping > specialty_store > tactical_supply_store,tactical_supply_store,Tactical Supply Store,2,shopping,false,specialty_store,
shopping > specialty_store > tactical_supply_store > army_and_navy_store,army_and_navy_store,Army and Navy Store,3,shopping,false,specialty_store,20
shopping > specialty_store > tactical_supply_store > military_surplus_store,military_surplus_store,Military Surplus Store,3,shopping,false,specialty_store,646
shopping > specialty_store > toys_and_games_store,toys_and_games_store,Toys and Games Store,2,shopping,true,toys_and_games_store,
shopping > specialty_store > toys_and_games_store > tabletop_games_store,tabletop_games_store,Tabletop Games Store,3,shopping,false,toys_and_games_store,198
shopping > specialty_store > toys_and_games_store > toy_store,toy_store,Toy Store,3,shopping,false,toys_and_games_store,69398
shopping > specialty_store > trophy_store,trophy_store,Trophy Store,2,shopping,false,specialty_store,8591
shopping > specialty_store > vehicle_parts_store,vehicle_parts_store,Vehicle Parts Store,2,shopping,true,vehicle_parts_store,
shopping > specialty_store > vehicle_parts_store > auto_parts_store,auto_parts_store,Auto Parts Store,3,shopping,false,vehicle_parts_store,324519
shopping > specialty_store > vehicle_parts_store > boat_parts_store,boat_parts_store,Boat Parts Store,3,shopping,false,vehicle_parts_store,7358
shopping > specialty_store > vehicle_parts_store > motorcycle_parts_store,motorcycle_parts_store,Motorcycle Parts Store,3,shopping,false,vehicle_parts_store,784
shopping > specialty_store > vehicle_parts_store > motorsports_store,motorsports_store,Motorsports Store,3,shopping,false,vehicle_parts_store,10829
shopping > specialty_store > vehicle_parts_store > rv_parts_store,rv_parts_store,RV Parts Store,3,shopping,false,vehicle_parts_store,334
shopping > superstore,superstore,Superstore,1,shopping,true,superstore,15014
shopping > vehicle_dealer,vehicle_dealer,Vehicle Dealer,1,shopping,true,vehicle_dealer,1512
shopping > vehicle_dealer > aircraft_dealer,aircraft_dealer,Aircraft Dealer,2,shopping,false,vehicle_dealer,1023
shopping > vehicle_dealer > auto_dealer,auto_dealer,Auto Dealer,2,shopping,true,auto_dealer,542069
shopping > vehicle_dealer > auto_dealer > auto_broker,auto_broker,Auto Broker,3,shopping,false,auto_dealer,2662
shopping > vehicle_dealer > auto_dealer > auto_leasing,auto_leasing,Auto Leasing,3,shopping,false,auto_dealer,5002
shopping > vehicle_dealer > auto_dealer > used_auto_dealer,used_auto_dealer,Used Auto Dealer,3,shopping,false,auto_dealer,83076
shopping > vehicle_dealer > boat_dealer,boat_dealer,Boat Dealer,2,shopping,false,vehicle_dealer,14630
shopping > vehicle_dealer > commercial_vehicle_dealer,commercial_vehicle_dealer,Commercial Vehicle Dealer,2,shopping,false,vehicle_dealer,6453
shopping > vehicle_dealer > forklift_dealer,forklift_dealer,Forklift Dealer,2,shopping,false,vehicle_dealer,1546
shopping > vehicle_dealer > golf_cart_dealer,golf_cart_dealer,Golf Cart Dealer,2,shopping,false,vehicle_dealer,3668
shopping > vehicle_dealer > motorcycle_dealer,motorcycle_dealer,Motorcycle Dealer,2,shopping,false,vehicle_dealer,112997
shopping > vehicle_dealer > motorsport_vehicle_dealer,motorsport_vehicle_dealer,Motorsport Vehicle Dealer,2,shopping,false,vehicle_dealer,4939
shopping > vehicle_dealer > recreational_vehicle_dealer,recreational_vehicle_dealer,Recreational Vehicle Dealer,2,shopping,false,vehicle_dealer,14094
shopping > vehicle_dealer > scooter_dealer,scooter_dealer,Scooter Dealer,2,shopping,false,vehicle_dealer,360
shopping > vehicle_dealer > trailer_dealer,trailer_dealer,Trailer Dealer,2,shopping,false,vehicle_dealer,9737
shopping > vehicle_dealer > truck_dealer,truck_dealer,Truck Dealer,2,shopping,false,vehicle_dealer,25200
shopping > warehouse_club_store,warehouse_club_store,Warehouse Club Store,1,shopping,true,warehouse_club_store,121150
sports_and_recreation,sports_and_recreation,Sports and Recreation,0,sports_and_recreation,true,sports_and_recreation,198851
sports_and_recreation > park,park,Park,1,sports_and_recreation,true,park,491407
sports_and_recreation > park > dog_park,dog_park,Dog Park,2,sports_and_recreation,true,dog_park,12924
sports_and_recreation > park > mountain_bike_park,mountain_bike_park,Mountain Bike Park,2,sports_and_recreation,false,park,55
sports_and_recreation > park > national_park,national_park,National Park,2,sports_and_recreation,true,national_park,27732
sports_and_recreation > park > playground,playground,Playground,2,sports_and_recreation,true,playground,38750
sports_and_recreation > park > state_park,state_park,State Park,2,sports_and_recreation,false,park,1336
sports_and_recreation > park > water_park,water_park,Water Park,2,sports_and_recreation,false,park,13612
sports_and_recreation > recreational_equipment_rental,recreational_equipment_rental,Recreational Equipment Rental,1,sports_and_recreation,true,recreational_equipment_rental,
sports_and_recreation > recreational_equipment_rental > atv_rental_tour,atv_rental_tour,ATV Rental Tour,2,sports_and_recreation,false,recreational_equipment_rental,2011
sports_and_recreation > recreational_equipment_rental > beach_equipment_rental,beach_equipment_rental,Beach Equipment Rental,2,sports_and_recreation,false,recreational_equipment_rental,962
sports_and_recreation > recreational_equipment_rental > bike_rental,bike_rental,Bike Rental,2,sports_and_recreation,false,recreational_equipment_rental,13255
sports_and_recreation > recreational_equipment_rental > boat_hire_service,boat_hire_service,Boat Hire Service,2,sports_and_recreation,false,recreational_equipment_rental,
sports_and_recreation > recreational_equipment_rental > boat_rental_and_training,boat_rental_and_training,Boat Rental and Training,2,sports_and_recreation,false,recreational_equipment_rental,15402
sports_and_recreation > recreational_equipment_rental > canoe_and_kayak_hire_service,canoe_and_kayak_hire_service,Canoe and Kayak Hire Service,2,sports_and_recreation,false,recreational_equipment_rental,8313
sports_and_recreation > recreational_equipment_rental > jet_skis_rental,jet_skis_rental,Jet Skis Rental,2,sports_and_recreation,false,recreational_equipment_rental,1773
sports_and_recreation > recreational_equipment_rental > paddleboard_rental,paddleboard_rental,Paddleboard Rental,2,sports_and_recreation,false,recreational_equipment_rental,102
sports_and_recreation > recreational_equipment_rental > scooter_rental,scooter_rental,Scooter Rental,2,sports_and_recreation,false,recreational_equipment_rental,252
sports_and_recreation > recreational_equipment_rental > sledding_rental,sledding_rental,Sledding Rental,2,sports_and_recreation,false,recreational_equipment_rental,71
sports_and_recreation > recreational_equipment_rental > snorkeling_equipment_rental,snorkeling_equipment_rental,Snorkeling Equipment Rental,2,sports_and_recreation,false,recreational_equipment_rental,4
sports_and_recreation > recreational_equipment_rental > sport_equipment_rental,sport_equipment_rental,Sport Equipment Rental,2,sports_and_recreation,false,recreational_equipment_rental,517
sports_and_recreation > recreational_equipment_rental > surfboard_rental,surfboard_rental,Surfboard Rental,2,sports_and_recreation,false,recreational_equipment_rental,66
sports_and_recreation > recreational_trail_or_path,recreational_trail_or_path,Recreational Trail or Path,1,sports_and_recreation,true,recreational_trail_or_path,24
sports_and_recreation > recreational_trail_or_path > backpacking_area,backpacking_area,Backpacking Area,2,sports_and_recreation,false,recreational_trail_or_path,2
sports_and_recreation > recreational_trail_or_path > bike_path,bike_path,Bike Path,2,sports_and_recreation,false,recreational_trail_or_path,15
sports_and_recreation > recreational_trail_or_path > hiking_trail,hiking_trail,Hiking Trail,2,sports_and_recreation,false,recreational_trail_or_path,42664
sports_and_recreation > recreational_trail_or_path > mountain_bike_trail,mountain_bike_trail,Mountain Bike Trail,2,sports_and_recreation,false,recreational_trail_or_path,4299
sports_and_recreation > sport_league,sport_league,Sport League,1,sports_and_recreation,true,sport_league,
sports_and_recreation > sport_league > amateur_sport_league,amateur_sport_league,Amateur Sport League,2,sports_and_recreation,false,sport_league,4988
sports_and_recreation > sport_league > esports_league,esports_league,Esports League,2,sports_and_recreation,false,sport_league,722
sports_and_recreation > sport_league > professional_sport_league,professional_sport_league,Professional Sport League,2,sports_and_recreation,false,sport_league,1307
sports_and_recreation > sport_league > school_sport_league,school_sport_league,School Sport League,2,sports_and_recreation,false,sport_league,452
sports_and_recreation > sport_or_fitness_facility,sport_or_fitness_facility,Sport or Fitness Facility,1,sports_and_recreation,true,sport_or_fitness_facility,135796
sports_and_recreation > sport_or_fitness_facility > adventure_sport,adventure_sport,Adventure Sport,2,sports_and_recreation,false,sport_or_fitness_facility,
sports_and_recreation > sport_or_fitness_facility > adventure_sport > axe_throwing,axe_throwing,Axe Throwing,3,sports_and_recreation,false,sport_or_fitness_facility,106
sports_and_recreation > sport_or_fitness_facility > adventure_sport > bungee_jumping_center,bungee_jumping_center,Bungee Jumping Center,3,sports_and_recreation,false,sport_or_fitness_facility,4
sports_and_recreation > sport_or_fitness_facility > adventure_sport > challenge_courses_center,challenge_courses_center,Challenge Courses Center,3,sports_and_recreation,false,sport_or_fitness_facility,72
sports_and_recreation > sport_or_fitness_facility > adventure_sport > cliff_jumping_center,cliff_jumping_center,Cliff Jumping Center,3,sports_and_recreation,false,sport_or_fitness_facility,
sports_and_recreation > sport_or_fitness_facility > adventure_sport > climbing_service,climbing_service,Climbing Service,3,sports_and_recreation,false,sport_or_fitness_facility,96
sports_and_recreation > sport_or_fitness_facility > adventure_sport > high_gliding_center,high_gliding_center,High Gliding Center,3,sports_and_recreation,false,sport_or_fitness_facility,9
sports_and_recreation > sport_or_fitness_facility > adventure_sport > rock_climbing_spot,rock_climbing_spot,Rock Climbing Spot,3,sports_and_recreation,false,sport_or_fitness_facility,7473
sports_and_recreation > sport_or_fitness_facility > adventure_sport > ziplining_center,ziplining_center,Ziplining Center,3,sports_and_recreation,false,sport_or_fitness_facility,29
sports_and_recreation > sport_or_fitness_facility > adventure_sports_center,adventure_sports_center,Adventure Sports Center,2,sports_and_recreation,false,sport_or_fitness_facility,751
sports_and_recreation > sport_or_fitness_facility > atv_recreation_park,atv_recreation_park,ATV Recreation Park,2,sports_and_recreation,false,sport_or_fitness_facility,1125
sports_and_recreation > sport_or_fitness_facility > batting_cage,batting_cage,Batting Cage,2,sports_and_recreation,false,sport_or_fitness_facility,2841
sports_and_recreation > sport_or_fitness_facility > bowling_alley,bowling_alley,Bowling Alley,2,sports_and_recreation,false,sport_or_fitness_facility,17518
sports_and_recreation > sport_or_fitness_facility > boxing_class,boxing_class,Boxing Class,2,sports_and_recreation,false,sport_or_fitness_facility,14073
sports_and_recreation > sport_or_fitness_facility > boxing_gym,boxing_gym,Boxing Gym,2,sports_and_recreation,false,sport_or_fitness_facility,1532
sports_and_recreation > sport_or_fitness_facility > cardio_class,cardio_class,Cardio Class,2,sports_and_recreation,false,sport_or_fitness_facility,154
sports_and_recreation > sport_or_fitness_facility > climbing_class,climbing_class,Climbing Class,2,sports_and_recreation,false,sport_or_fitness_facility,4
sports_and_recreation > sport_or_fitness_facility > curling_center,curling_center,Curling Center,2,sports_and_recreation,false,sport_or_fitness_facility,
sports_and_recreation > sport_or_fitness_facility > curling_ice,curling_ice,Curling Ice,2,sports_and_recreation,false,sport_or_fitness_facility,
sports_and_recreation > sport_or_fitness_facility > cycling_class,cycling_class,Cycling Class,2,sports_and_recreation,false,sport_or_fitness_facility,2886
sports_and_recreation > sport_or_fitness_facility > dance_studio,dance_studio,Dance Studio,2,sports_and_recreation,false,sport_or_fitness_facility,130237
sports_and_recreation > sport_or_fitness_facility > diving_center,diving_center,Diving Center,2,sports_and_recreation,false,sport_or_fitness_facility,1259
sports_and_recreation > sport_or_fitness_facility > diving_center > free_diving_center,free_diving_center,Free Diving Center,3,sports_and_recreation,false,sport_or_fitness_facility,34
sports_and_recreation > sport_or_fitness_facility > diving_center > scuba_diving_center,scuba_diving_center,Scuba Diving Center,3,sports_and_recreation,false,sport_or_fitness_facility,12258
sports_and_recreation > sport_or_fitness_facility > diving_instruction,diving_instruction,Diving Instruction,2,sports_and_recreation,false,sport_or_fitness_facility,
sports_and_recreation > sport_or_fitness_facility > diving_instruction > free_diving_instruction,free_diving_instruction,Free Diving Instruction,3,sports_and_recreation,false,sport_or_fitness_facility,
sports_and_recreation > sport_or_fitness_facility > diving_instruction > scuba_diving_instruction,scuba_diving_instruction,Scuba Diving Instruction,3,sports_and_recreation,false,sport_or_fitness_facility,1432
sports_and_recreation > sport_or_fitness_facility > fitness_studio,fitness_studio,Fitness Studio,2,sports_and_recreation,true,fitness_studio,
sports_and_recreation > sport_or_fitness_facility > fitness_studio > aerial_fitness_center,aerial_fitness_center,Aerial Fitness Center,3,sports_and_recreation,false,fitness_studio,40
sports_and_recreation > sport_or_fitness_facility > fitness_studio > barre_class,barre_class,Barre Class,3,sports_and_recreation,false,fitness_studio,431
sports_and_recreation > sport_or_fitness_facility > fitness_studio > boot_camp,boot_camp,Boot Camp,3,sports_and_recreation,false,fitness_studio,9631
sports_and_recreation > sport_or_fitness_facility > fitness_studio > pilates_studio,pilates_studio,Pilates Studio,3,sports_and_recreation,false,fitness_studio,52568
sports_and_recreation > sport_or_fitness_facility > fitness_studio > qi_gong_studio,qi_gong_studio,Qi Gong Studio,3,sports_and_recreation,false,fitness_studio,38
sports_and_recreation > sport_or_fitness_facility > fitness_studio > tai_chi_studio,tai_chi_studio,Tai Chi Studio,3,sports_and_recreation,false,fitness_studio,1158
sports_and_recreation > sport_or_fitness_facility > fitness_studio > yoga_studio,yoga_studio,Yoga Studio,3,sports_and_recreation,false,fitness_studio,82713
sports_and_recreation > sport_or_fitness_facility > fitness_trainer,fitness_trainer,Fitness Trainer,2,sports_and_recreation,false,sport_or_fitness_facility,71824
sports_and_recreation > sport_or_fitness_facility > flyboarding_center,flyboarding_center,Flyboarding Center,2,sports_and_recreation,false,sport_or_fitness_facility,101
sports_and_recreation > sport_or_fitness_facility > flyboarding_rental,flyboarding_rental,Flyboarding Rental,2,sports_and_recreation,false,sport_or_fitness_facility,3
sports_and_recreation > sport_or_fitness_facility > golf_course,golf_course,Golf Course,2,sports_and_recreation,true,golf_course,37906
sports_and_recreation > sport_or_fitness_facility > golf_course > driving_range,driving_range,Driving Range,3,sports_and_recreation,false,golf_course,6116
sports_and_recreation > sport_or_fitness_facility > golf_instructor,golf_instructor,Golf Instructor,2,sports_and_recreation,false,sport_or_fitness_facility,4384
sports_and_recreation > sport_or_fitness_facility > gym,gym,Gym,2,sports_and_recreation,true,gym,541730
sports_and_recreation > sport_or_fitness_facility > gym > cycle_studio,cycle_studio,Cycle Studio,3,sports_and_recreation,false,gym,
sports_and_recreation > sport_or_fitness_facility > gymnastics_center,gymnastics_center,Gymnastics Center,2,sports_and_recreation,false,sport_or_fitness_facility,18050
sports_and_recreation > sport_or_fitness_facility > hang_gliding_center,hang_gliding_center,Hang Gliding Center,2,sports_and_recreation,false,sport_or_fitness_facility,415
sports_and_recreation > sport_or_fitness_facility > hockey_rink,hockey_rink,Hockey Rink,2,sports_and_recreation,false,sport_or_fitness_facility,
sports_and_recreation > sport_or_fitness_facility > hockey_rink > ice_hockey_rink,ice_hockey_rink,Ice Hockey Rink,3,sports_and_recreation,false,sport_or_fitness_facility,
sports_and_recreation > sport_or_fitness_facility > hockey_rink > roller_hockey_rink,roller_hockey_rink,Roller Hockey Rink,3,sports_and_recreation,false,sport_or_fitness_facility,
sports_and_recreation > sport_or_fitness_facility > horse_riding,horse_riding,Horse Riding,2,sports_and_recreation,false,sport_or_fitness_facility,10682
sports_and_recreation > sport_or_fitness_facility > horse_riding > equestrian_facility,equestrian_facility,Equestrian Facility,3,sports_and_recreation,false,sport_or_fitness_facility,33372
sports_and_recreation > sport_or_fitness_facility > horseback_riding_service,horseback_riding_service,Horseback Riding Service,2,sports_and_recreation,false,sport_or_fitness_facility,8463
sports_and_recreation > sport_or_fitness_facility > indoor_playcenter,indoor_playcenter,Indoor Playcenter,2,sports_and_recreation,false,sport_or_fitness_facility,1339
sports_and_recreation > sport_or_fitness_facility > kiteboarding,kiteboarding,Kiteboarding,2,sports_and_recreation,false,sport_or_fitness_facility,1106
sports_and_recreation > sport_or_fitness_facility > kiteboarding_instruction,kiteboarding_instruction,Kiteboarding Instruction,2,sports_and_recreation,false,sport_or_fitness_facility,3
sports_and_recreation > sport_or_fitness_facility > laser_tag,laser_tag,Laser Tag,2,sports_and_recreation,false,sport_or_fitness_facility,2538
sports_and_recreation > sport_or_fitness_facility > miniature_golf_course,miniature_golf_course,Miniature Golf Course,2,sports_and_recreation,false,sport_or_fitness_facility,5109
sports_and_recreation > sport_or_fitness_facility > paddleboarding_center,paddleboarding_center,Paddleboarding Center,2,sports_and_recreation,false,sport_or_fitness_facility,1029
sports_and_recreation > sport_or_fitness_facility > paddleboarding_lessons,paddleboarding_lessons,Paddleboarding Lessons,2,sports_and_recreation,false,sport_or_fitness_facility,1
sports_and_recreation > sport_or_fitness_facility > paintball,paintball,Paintball,2,sports_and_recreation,false,sport_or_fitness_facility,7072
sports_and_recreation > sport_or_fitness_facility > parasailing_ride_service,parasailing_ride_service,Parasailing Ride Service,2,sports_and_recreation,false,sport_or_fitness_facility,49
sports_and_recreation > sport_or_fitness_facility > pool_billiards,pool_billiards,Pool Billiards,2,sports_and_recreation,false,sport_or_fitness_facility,17603
sports_and_recreation > sport_or_fitness_facility > pool_billiards > pool_hall,pool_hall,Pool Hall,3,sports_and_recreation,false,sport_or_fitness_facility,1084
sports_and_recreation > sport_or_fitness_facility > race_track,race_track,Race Track,2,sports_and_recreation,false,sport_or_fitness_facility,18735
sports_and_recreation > sport_or_fitness_facility > race_track > go_kart_track,go_kart_track,Go Kart Track,3,sports_and_recreation,false,sport_or_fitness_facility,417
sports_and_recreation > sport_or_fitness_facility > race_track > horse_racing_track,horse_racing_track,Horse Racing Track,3,sports_and_recreation,false,sport_or_fitness_facility,376
sports_and_recreation > sport_or_fitness_facility > race_track > motor_race_track,motor_race_track,Motor Race Track,3,sports_and_recreation,false,sport_or_fitness_facility,
sports_and_recreation > sport_or_fitness_facility > race_track > track_and_field_track,track_and_field_track,Track and Field Track,3,sports_and_recreation,false,sport_or_fitness_facility,
sports_and_recreation > sport_or_fitness_facility > race_track > velodrome,velodrome,Velodrome,3,sports_and_recreation,false,sport_or_fitness_facility,
sports_and_recreation > sport_or_fitness_facility > racing_experience,racing_experience,Racing Experience,2,sports_and_recreation,false,sport_or_fitness_facility,58
sports_and_recreation > sport_or_fitness_facility > rock_climbing_gym,rock_climbing_gym,Rock Climbing Gym,2,sports_and_recreation,false,sport_or_fitness_facility,372
sports_and_recreation > sport_or_fitness_facility > rock_climbing_instructor,rock_climbing_instructor,Rock Climbing Instructor,2,sports_and_recreation,false,sport_or_fitness_facility,18
sports_and_recreation > sport_or_fitness_facility > running_and_track,running_and_track,Running and Track,2,sports_and_recreation,false,sport_or_fitness_facility,
sports_and_recreation > sport_or_fitness_facility > running_and_track > running,running,Running,3,sports_and_recreation,false,sport_or_fitness_facility,
sports_and_recreation > sport_or_fitness_facility > running_and_track > track_field_event,track_field_event,Track Field Event,3,sports_and_recreation,false,sport_or_fitness_facility,
sports_and_recreation > sport_or_fitness_facility > self_defense_class,self_defense_class,Self Defense Class,2,sports_and_recreation,false,sport_or_fitness_facility,578
sports_and_recreation > sport_or_fitness_facility > shooting_range,shooting_range,Shooting Range,2,sports_and_recreation,false,sport_or_fitness_facility,17991
sports_and_recreation > sport_or_fitness_facility > shooting_range > archery_range,archery_range,Archery Range,3,sports_and_recreation,false,sport_or_fitness_facility,3684
sports_and_recreation > sport_or_fitness_facility > skate_park,skate_park,Skate Park,2,sports_and_recreation,true,skate_park,18613
sports_and_recreation > sport_or_fitness_facility > skating_rink,skating_rink,Skating Rink,2,sports_and_recreation,true,skating_rink,669
sports_and_recreation > sport_or_fitness_facility > skating_rink > ice_skating_rink,ice_skating_rink,Ice Skating Rink,3,sports_and_recreation,false,skating_rink,5869
sports_and_recreation > sport_or_fitness_facility > skating_rink > roller_skating_rink,roller_skating_rink,Roller Skating Rink,3,sports_and_recreation,false,skating_rink,2275
sports_and_recreation > sport_or_fitness_facility > ski_and_snowboard_school,ski_and_snowboard_school,Ski and Snowboard School,2,sports_and_recreation,false,sport_or_fitness_facility,2651
sports_and_recreation > sport_or_fitness_facility > sky_diving,sky_diving,Sky Diving,2,sports_and_recreation,false,sport_or_fitness_facility,1715
sports_and_recreation > sport_or_fitness_facility > sky_diving > sky_diving_drop_zone,sky_diving_drop_zone,Sky Diving Drop Zone,3,sports_and_recreation,false,sport_or_fitness_facility,
sports_and_recreation > sport_or_fitness_facility > sky_diving > skydiving_center,skydiving_center,Skydiving Center,3,sports_and_recreation,false,sport_or_fitness_facility,
sports_and_recreation > sport_or_fitness_facility > snow_sport,snow_sport,Snow Sport,2,sports_and_recreation,false,sport_or_fitness_facility,
sports_and_recreation > sport_or_fitness_facility > snow_sport > bobsledding_field,bobsledding_field,Bobsledding Field,3,sports_and_recreation,false,sport_or_fitness_facility,
sports_and_recreation > sport_or_fitness_facility > snow_sport > ski_area,ski_area,Ski Area,3,sports_and_recreation,false,sport_or_fitness_facility,20
sports_and_recreation > sport_or_fitness_facility > snow_sport > ski_chairlift,ski_chairlift,Ski Chairlift,3,sports_and_recreation,false,sport_or_fitness_facility,
sports_and_recreation > sport_or_fitness_facility > snow_sport > ski_chalet,ski_chalet,Ski Chalet,3,sports_and_recreation,false,sport_or_fitness_facility,
sports_and_recreation > sport_or_fitness_facility > snow_sport > ski_resort_area,ski_resort_area,Ski Resort Area,3,sports_and_recreation,false,sport_or_fitness_facility,
sports_and_recreation > sport_or_fitness_facility > snow_sport > snowboarding_center,snowboarding_center,Snowboarding Center,3,sports_and_recreation,false,sport_or_fitness_facility,1
sports_and_recreation > sport_or_fitness_facility > sport_court,sport_court,Sport Court,2,sports_and_recreation,true,sport_court,
sports_and_recreation > sport_or_fitness_facility > sport_court > badminton_court,badminton_court,Badminton Court,3,sports_and_recreation,false,sport_court,4646
sports_and_recreation > sport_or_fitness_facility > sport_court > basketball_court,basketball_court,Basketball Court,3,sports_and_recreation,false,sport_court,8395
sports_and_recreation > sport_or_fitness_facility > sport_court > beach_volleyball_court,beach_volleyball_court,Beach Volleyball Court,3,sports_and_recreation,false,sport_court,27
sports_and_recreation > sport_or_fitness_facility > sport_court > bocce_ball_court,bocce_ball_court,Bocce Ball Court,3,sports_and_recreation,false,sport_court,9
sports_and_recreation > sport_or_fitness_facility > sport_court > handball_court,handball_court,Handball Court,3,sports_and_recreation,false,sport_court,1
sports_and_recreation > sport_or_fitness_facility > sport_court > pickleball_court,pickleball_court,Pickleball Court,3,sports_and_recreation,false,sport_court,
sports_and_recreation > sport_or_fitness_facility > sport_court > racquetball_court,racquetball_court,Racquetball Court,3,sports_and_recreation,false,sport_court,261
sports_and_recreation > sport_or_fitness_facility > sport_court > squash_court,squash_court,Squash Court,3,sports_and_recreation,false,sport_court,1190
sports_and_recreation > sport_or_fitness_facility > sport_court > street_hockey_court,street_hockey_court,Street Hockey Court,3,sports_and_recreation,false,sport_court,
sports_and_recreation > sport_or_fitness_facility > sport_court > tennis_court,tennis_court,Tennis Court,3,sports_and_recreation,false,sport_court,31657
sports_and_recreation > sport_or_fitness_facility > sport_court > volleyball_court,volleyball_court,Volleyball Court,3,sports_and_recreation,false,sport_court,2503
sports_and_recreation > sport_or_fitness_facility > sport_field,sport_field,Sport Field,2,sports_and_recreation,true,sport_field,
sports_and_recreation > sport_or_fitness_facility > sport_field > airsoft_field,airsoft_field,Airsoft Field,3,sports_and_recreation,false,sport_field,78
sports_and_recreation > sport_or_fitness_facility > sport_field > american_football_field,american_football_field,American Football Field,3,sports_and_recreation,false,sport_field,86
sports_and_recreation > sport_or_fitness_facility > sport_field > baseball_field,baseball_field,Baseball Field,3,sports_and_recreation,false,sport_field,17055
sports_and_recreation > sport_or_fitness_facility > sport_field > disc_golf_course,disc_golf_course,Disc Golf Course,3,sports_and_recreation,false,sport_field,3042
sports_and_recreation > sport_or_fitness_facility > sport_field > futsal_field,futsal_field,Futsal Field,3,sports_and_recreation,false,sport_field,20
sports_and_recreation > sport_or_fitness_facility > sport_field > hockey_field,hockey_field,Hockey Field,3,sports_and_recreation,false,sport_field,1208
sports_and_recreation > sport_or_fitness_facility > sport_field > hockey_field > field_hockey_pitch,field_hockey_pitch,Field Hockey Pitch,4,sports_and_recreation,false,sport_field,
sports_and_recreation > sport_or_fitness_facility > sport_field > lacrosse_field,lacrosse_field,Lacrosse Field,3,sports_and_recreation,false,sport_field,
sports_and_recreation > sport_or_fitness_facility > sport_field > rugby_pitch,rugby_pitch,Rugby Pitch,3,sports_and_recreation,false,sport_field,1485
sports_and_recreation > sport_or_fitness_facility > sport_field > soccer_field,soccer_field,Soccer Field,3,sports_and_recreation,false,sport_field,44279
sports_and_recreation > sport_or_fitness_facility > sport_field > softball_field,softball_field,Softball Field,3,sports_and_recreation,false,sport_field,
sports_and_recreation > sport_or_fitness_facility > sports_complex,sports_complex,Sports Complex,2,sports_and_recreation,true,sports_complex,
sports_and_recreation > sport_or_fitness_facility > surfing_school,surfing_school,Surfing School,2,sports_and_recreation,false,sport_or_fitness_facility,226
sports_and_recreation > sport_or_fitness_facility > swimming_pool,swimming_pool,Swimming Pool,2,sports_and_recreation,true,swimming_pool,64630
sports_and_recreation > sport_or_fitness_facility > swimming_pool > swimming_instructor,swimming_instructor,Swimming Instructor,3,sports_and_recreation,false,swimming_pool,11736
sports_and_recreation > sport_or_fitness_facility > trampoline_park,trampoline_park,Trampoline Park,2,sports_and_recreation,false,sport_or_fitness_facility,67
sports_and_recreation > sport_or_fitness_facility > tubing_provider,tubing_provider,Tubing Provider,2,sports_and_recreation,false,sport_or_fitness_facility,15
sports_and_recreation > sport_or_fitness_facility > water_sport,water_sport,Water Sport,2,sports_and_recreation,false,sport_or_fitness_facility,
sports_and_recreation > sport_or_fitness_facility > water_sport > boating_place,boating_place,Boating Place,3,sports_and_recreation,false,sport_or_fitness_facility,854
sports_and_recreation > sport_or_fitness_facility > water_sport > fishing,fishing,Fishing,3,sports_and_recreation,false,sport_or_fitness_facility,
sports_and_recreation > sport_or_fitness_facility > water_sport > fishing > fishing_area,fishing_area,Fishing Area,4,sports_and_recreation,false,sport_or_fitness_facility,
sports_and_recreation > sport_or_fitness_facility > water_sport > fishing > fishing_charter,fishing_charter,Fishing Charter,4,sports_and_recreation,false,sport_or_fitness_facility,11154
sports_and_recreation > sport_or_fitness_facility > water_sport > rafting_kayaking_area,rafting_kayaking_area,Rafting Kayaking Area,3,sports_and_recreation,false,sport_or_fitness_facility,669
sports_and_recreation > sport_or_fitness_facility > water_sport > sailing_area,sailing_area,Sailing Area,3,sports_and_recreation,false,sport_or_fitness_facility,207
sports_and_recreation > sport_or_fitness_facility > water_sport > snorkeling,snorkeling,Snorkeling,3,sports_and_recreation,false,sport_or_fitness_facility,338
sports_and_recreation > sport_or_fitness_facility > water_sport > surfing,surfing,Surfing,3,sports_and_recreation,false,sport_or_fitness_facility,5131
sports_and_recreation > sport_or_fitness_facility > water_sport > surfing > windsurfing_center,windsurfing_center,Windsurfing Center,4,sports_and_recreation,false,sport_or_fitness_facility,6
sports_and_recreation > sport_or_fitness_facility > wildlife_hunting_range,wildlife_hunting_range,Wildlife Hunting Range,2,sports_and_recreation,false,sport_or_fitness_facility,305
sports_and_recreation > sport_or_recreation_club,sport_or_recreation_club,Sport or Recreation Club,1,sports_and_recreation,true,sport_or_recreation_club,10279
sports_and_recreation > sport_or_recreation_club > beach_volleyball_club,beach_volleyball_club,Beach Volleyball Club,2,sports_and_recreation,false,sport_or_recreation_club,10
sports_and_recreation > sport_or_recreation_club > curling_club,curling_club,Curling Club,2,sports_and_recreation,false,sport_or_recreation_club,
sports_and_recreation > sport_or_recreation_club > fencing_club,fencing_club,Fencing Club,2,sports_and_recreation,false,sport_or_recreation_club,2082
sports_and_recreation > sport_or_recreation_club > fishing_club,fishing_club,Fishing Club,2,sports_and_recreation,false,sport_or_recreation_club,12457
sports_and_recreation > sport_or_recreation_club > football_club,football_club,Football Club,2,sports_and_recreation,false,sport_or_recreation_club,326
sports_and_recreation > sport_or_recreation_club > go_kart_club,go_kart_club,Go Kart Club,2,sports_and_recreation,false,sport_or_recreation_club,3989
sports_and_recreation > sport_or_recreation_club > golf_club,golf_club,Golf Club,2,sports_and_recreation,false,sport_or_recreation_club,1925
sports_and_recreation > sport_or_recreation_club > golf_club > indoor_golf_center,indoor_golf_center,Indoor Golf Center,3,sports_and_recreation,false,sport_or_recreation_club,227
sports_and_recreation > sport_or_recreation_club > gymnastics_club,gymnastics_club,Gymnastics Club,2,sports_and_recreation,false,sport_or_recreation_club,88
sports_and_recreation > sport_or_recreation_club > hockey_club,hockey_club,Hockey Club,2,sports_and_recreation,false,sport_or_recreation_club,
sports_and_recreation > sport_or_recreation_club > hockey_club > field_hockey_club,field_hockey_club,Field Hockey Club,3,sports_and_recreation,false,sport_or_recreation_club,
sports_and_recreation > sport_or_recreation_club > hockey_club > ice_hockey_club,ice_hockey_club,Ice Hockey Club,3,sports_and_recreation,false,sport_or_recreation_club,
sports_and_recreation > sport_or_recreation_club > hockey_club > roller_hockey_club,roller_hockey_club,Roller Hockey Club,3,sports_and_recreation,false,sport_or_recreation_club,
sports_and_recreation > sport_or_recreation_club > hockey_club > street_hockey_club,street_hockey_club,Street Hockey Club,3,sports_and_recreation,false,sport_or_recreation_club,
sports_and_recreation > sport_or_recreation_club > lacrosse_club,lacrosse_club,Lacrosse Club,2,sports_and_recreation,false,sport_or_recreation_club,
sports_and_recreation > sport_or_recreation_club > lawn_bowling_club,lawn_bowling_club,Lawn Bowling Club,2,sports_and_recreation,false,sport_or_recreation_club,78
sports_and_recreation > sport_or_recreation_club > martial_arts_club,martial_arts_club,Martial Arts Club,2,sports_and_recreation,false,sport_or_recreation_club,128101
sports_and_recreation > sport_or_recreation_club > martial_arts_club > brazilian_jiu_jitsu_club,brazilian_jiu_jitsu_club,Brazilian Jiu Jitsu Club,3,sports_and_recreation,false,sport_or_recreation_club,307
sports_and_recreation > sport_or_recreation_club > martial_arts_club > chinese_martial_arts_club,chinese_martial_arts_club,Chinese Martial Arts Club,3,sports_and_recreation,false,sport_or_recreation_club,186
sports_and_recreation > sport_or_recreation_club > martial_arts_club > karate_club,karate_club,Karate Club,3,sports_and_recreation,false,sport_or_recreation_club,1164
sports_and_recreation > sport_or_recreation_club > martial_arts_club > kickboxing_club,kickboxing_club,Kickboxing Club,3,sports_and_recreation,false,sport_or_recreation_club,951
sports_and_recreation > sport_or_recreation_club > martial_arts_club > muay_thai_club,muay_thai_club,Muay Thai Club,3,sports_and_recreation,false,sport_or_recreation_club,116
sports_and_recreation > sport_or_recreation_club > martial_arts_club > taekwondo_club,taekwondo_club,Taekwondo Club,3,sports_and_recreation,false,sport_or_recreation_club,717
sports_and_recreation > sport_or_recreation_club > naturist_club,naturist_club,Naturist Club,2,sports_and_recreation,false,sport_or_recreation_club,14
sports_and_recreation > sport_or_recreation_club > paddle_tennis_club,paddle_tennis_club,Paddle Tennis Club,2,sports_and_recreation,false,sport_or_recreation_club,20
sports_and_recreation > sport_or_recreation_club > pickleball_club,pickleball_club,Pickleball Club,2,sports_and_recreation,false,sport_or_recreation_club,
sports_and_recreation > sport_or_recreation_club > rowing_club,rowing_club,Rowing Club,2,sports_and_recreation,false,sport_or_recreation_club,64
sports_and_recreation > sport_or_recreation_club > running_and_track_club,running_and_track_club,Running and Track Club,2,sports_and_recreation,false,sport_or_recreation_club,
sports_and_recreation > sport_or_recreation_club > running_and_track_club > running_club,running_club,Running Club,3,sports_and_recreation,false,sport_or_recreation_club,
sports_and_recreation > sport_or_recreation_club > running_and_track_club > track_and_field_club,track_and_field_club,Track and Field Club,3,sports_and_recreation,false,sport_or_recreation_club,
sports_and_recreation > sport_or_recreation_club > sailing_club,sailing_club,Sailing Club,2,sports_and_recreation,false,sport_or_recreation_club,591
sports_and_recreation > sport_or_recreation_club > soccer_club,soccer_club,Soccer Club,2,sports_and_recreation,false,sport_or_recreation_club,1671
sports_and_recreation > sport_or_recreation_club > surf_lifesaving_club,surf_lifesaving_club,Surf Lifesaving Club,2,sports_and_recreation,false,sport_or_recreation_club,7
sports_and_recreation > sport_or_recreation_club > table_tennis_club,table_tennis_club,Table Tennis Club,2,sports_and_recreation,false,sport_or_recreation_club,75
sports_and_recreation > sport_or_recreation_club > volleyball_club,volleyball_club,Volleyball Club,2,sports_and_recreation,false,sport_or_recreation_club,306
sports_and_recreation > sport_team,sport_team,Sport Team,1,sports_and_recreation,true,sport_team,
sports_and_recreation > sport_team > amateur_sport_team,amateur_sport_team,Amateur Sport Team,2,sports_and_recreation,false,sport_team,30168
sports_and_recreation > sport_team > esports_team,esports_team,Esports Team,2,sports_and_recreation,false,sport_team,558
sports_and_recreation > sport_team > professional_sport_team,professional_sport_team,Professional Sport Team,2,sports_and_recreation,false,sport_team,5869
sports_and_recreation > sport_team > school_sport_team,school_sport_team,School Sport Team,2,sports_and_recreation,false,sport_team,1252
travel_and_transportation,travel_and_transportation,Travel and Transportation,0,travel_and_transportation,true,travel_and_transportation,207498
travel_and_transportation > air_transport_facility_or_service,air_transport_facility_or_service,Air Transport Facility or Service,1,travel_and_transportation,true,air_transport_facility_or_service,
travel_and_transportation > air_transport_facility_or_service > aircraft_parts_and_supplies,aircraft_parts_and_supplies,Aircraft Parts and Supplies,2,travel_and_transportation,false,air_transport_facility_or_service,1379
travel_and_transportation > air_transport_facility_or_service > aircraft_parts_and_supplies > avionics_shop,avionics_shop,Avionics Shop,3,travel_and_transportation,false,air_transport_facility_or_service,522
travel_and_transportation > air_transport_facility_or_service > airline,airline,Airline,2,travel_and_transportation,false,air_transport_facility_or_service,12094
travel_and_transportation > air_transport_facility_or_service > airline_ticket_agency,airline_ticket_agency,Airline Ticket Agency,2,travel_and_transportation,false,air_transport_facility_or_service,156
travel_and_transportation > air_transport_facility_or_service > airport,airport,Airport,2,travel_and_transportation,true,airport,53917
travel_and_transportation > air_transport_facility_or_service > airport > airport_terminal,airport_terminal,Airport Terminal,3,travel_and_transportation,false,airport,6149
travel_and_transportation > air_transport_facility_or_service > airport > balloon_port,balloon_port,Balloon Port,3,travel_and_transportation,false,airport,104
travel_and_transportation > air_transport_facility_or_service > airport > glider_port,glider_port,Glider Port,3,travel_and_transportation,false,airport,9
travel_and_transportation > air_transport_facility_or_service > airport > heliport,heliport,Heliport,3,travel_and_transportation,false,airport,1951
travel_and_transportation > air_transport_facility_or_service > airport > seaplane_base,seaplane_base,Seaplane Base,3,travel_and_transportation,false,airport,317
travel_and_transportation > air_transport_facility_or_service > airport > ultralight_airport,ultralight_airport,Ultralight Airport,3,travel_and_transportation,false,airport,1
travel_and_transportation > air_transport_facility_or_service > airport_shuttle,airport_shuttle,Airport Shuttle,2,travel_and_transportation,false,air_transport_facility_or_service,5301
travel_and_transportation > air_transport_facility_or_service > private_jet_charter,private_jet_charter,Private Jet Charter,2,travel_and_transportation,false,air_transport_facility_or_service,259
travel_and_transportation > fueling_station,fueling_station,Fueling Station,1,travel_and_transportation,true,fueling_station,
travel_and_transportation > fueling_station > ev_charging_station,ev_charging_station,EV Charging Station,2,travel_and_transportation,true,ev_charging_station,49715
travel_and_transportation > fueling_station > gas_station,gas_station,Gas Station,2,travel_and_transportation,true,gas_station,577515
travel_and_transportation > fueling_station > gas_station > fuel_dock,fuel_dock,Fuel Dock,3,travel_and_transportation,false,gas_station,26
travel_and_transportation > fueling_station > gas_station > truck_gas_station,truck_gas_station,Truck Gas Station,3,travel_and_transportation,false,gas_station,5518
travel_and_transportation > ground_transport_facility_or_service,ground_transport_facility_or_service,Ground Transport Facility or Service,1,travel_and_transportation,true,ground_transport_facility_or_service,
travel_and_transportation > ground_transport_facility_or_service > bikes_and_bike_service,bikes_and_bike_service,Bikes and Bike Service,2,travel_and_transportation,false,ground_transport_facility_or_service,
travel_and_transportation > ground_transport_facility_or_service > bikes_and_bike_service > bike_sharing_location,bike_sharing_location,Bike Sharing Location,3,travel_and_transportation,false,ground_transport_facility_or_service,47
travel_and_transportation > ground_transport_facility_or_service > public_transit_facility_or_service,public_transit_facility_or_service,Public Transit Facility or Service,2,travel_and_transportation,true,public_transit_facility_or_service,7875
travel_and_transportation > ground_transport_facility_or_service > public_transit_facility_or_service > bus_station,bus_station,Bus Station,3,travel_and_transportation,false,public_transit_facility_or_service,67230
travel_and_transportation > ground_transport_facility_or_service > public_transit_facility_or_service > bus_ticket_agency,bus_ticket_agency,Bus Ticket Agency,3,travel_and_transportation,false,public_transit_facility_or_service,144
travel_and_transportation > ground_transport_facility_or_service > public_transit_facility_or_service > cable_car_service,cable_car_service,Cable Car Service,3,travel_and_transportation,false,public_transit_facility_or_service,344
travel_and_transportation > ground_transport_facility_or_service > public_transit_facility_or_service > coach_bus,coach_bus,Coach Bus,3,travel_and_transportation,false,public_transit_facility_or_service,349
travel_and_transportation > ground_transport_facility_or_service > public_transit_facility_or_service > light_rail_and_subway_station,light_rail_and_subway_station,Light Rail and Subway Station,3,travel_and_transportation,false,public_transit_facility_or_service,1465
travel_and_transportation > ground_transport_facility_or_service > public_transit_facility_or_service > metro_station,metro_station,Metro Station,3,travel_and_transportation,false,public_transit_facility_or_service,2781
travel_and_transportation > ground_transport_facility_or_service > rail_facility_or_service,rail_facility_or_service,Rail Facility or Service,2,travel_and_transportation,true,rail_facility_or_service,221
travel_and_transportation > ground_transport_facility_or_service > rail_facility_or_service > railway_ticket_agent,railway_ticket_agent,Railway Ticket Agent,3,travel_and_transportation,false,rail_facility_or_service,12
travel_and_transportation > ground_transport_facility_or_service > rail_facility_or_service > train,train,Train,3,travel_and_transportation,false,rail_facility_or_service,1271
travel_and_transportation > ground_transport_facility_or_service > rail_facility_or_service > train_station,train_station,Train Station,3,travel_and_transportation,true,train_station,98033
travel_and_transportation > ground_transport_facility_or_service > road_structures_and_service,road_structures_and_service,Road Structures and Service,2,travel_and_transportation,false,ground_transport_facility_or_service,102
travel_and_transportation > ground_transport_facility_or_service > road_structures_and_service > rest_stop,rest_stop,Rest Stop,3,travel_and_transportation,true,rest_stop,549
travel_and_transportation > ground_transport_facility_or_service > road_structures_and_service > toll_station,toll_station,Toll Station,3,travel_and_transportation,true,toll_station,65
travel_and_transportation > ground_transport_facility_or_service > road_structures_and_service > truck_stop,truck_stop,Truck Stop,3,travel_and_transportation,false,ground_transport_facility_or_service,524
travel_and_transportation > ground_transport_facility_or_service > taxi_or_ride_share_service,taxi_or_ride_share_service,Taxi or Ride Share Service,2,travel_and_transportation,true,taxi_or_ride_share_service,
travel_and_transportation > ground_transport_facility_or_service > taxi_or_ride_share_service > car_sharing,car_sharing,Car Sharing,3,travel_and_transportation,false,taxi_or_ride_share_service,2974
travel_and_transportation > ground_transport_facility_or_service > taxi_or_ride_share_service > limo_service,limo_service,Limo Service,3,travel_and_transportation,false,taxi_or_ride_share_service,13556
travel_and_transportation > ground_transport_facility_or_service > taxi_or_ride_share_service > pedicab_service,pedicab_service,Pedicab Service,3,travel_and_transportation,false,taxi_or_ride_share_service,4
travel_and_transportation > ground_transport_facility_or_service > taxi_or_ride_share_service > ride_share_service,ride_share_service,Ride Share Service,3,travel_and_transportation,false,taxi_or_ride_share_service,603
travel_and_transportation > ground_transport_facility_or_service > taxi_or_ride_share_service > taxi_service,taxi_service,Taxi Service,3,travel_and_transportation,false,taxi_or_ride_share_service,49666
travel_and_transportation > ground_transport_facility_or_service > taxi_or_ride_share_service > taxi_service > taxi_stand,taxi_stand,Taxi Stand,4,travel_and_transportation,false,taxi_or_ride_share_service,53
travel_and_transportation > ground_transport_facility_or_service > taxi_or_ride_share_service > town_car_service,town_car_service,Town Car Service,3,travel_and_transportation,false,taxi_or_ride_share_service,340
travel_and_transportation > parking,parking,Parking,1,travel_and_transportation,true,parking,143540
travel_and_transportation > parking > bike_parking,bike_parking,Bike Parking,2,travel_and_transportation,false,parking,28
travel_and_transportation > parking > motorcycle_parking,motorcycle_parking,Motorcycle Parking,2,travel_and_transportation,false,parking,6
travel_and_transportation > parking > park_and_ride,park_and_ride,Park and Ride,2,travel_and_transportation,true,park_and_ride,164
travel_and_transportation > parking > parking_garage,parking_garage,Parking Garage,2,travel_and_transportation,true,parking_garage,
travel_and_transportation > parking > parking_lot,parking_lot,Parking Lot,2,travel_and_transportation,true,parking_lot,
travel_and_transportation > transport_interchange,transport_interchange,Transport Interchange,1,travel_and_transportation,false,travel_and_transportation,43
travel_and_transportation > travel_service,travel_service,Travel Service,1,travel_and_transportation,true,travel_service,395616
travel_and_transportation > travel_service > agritourism,agritourism,Agritourism,2,travel_and_transportation,false,travel_service,598
travel_and_transportation > travel_service > luggage_storage,luggage_storage,Luggage Storage,2,travel_and_transportation,false,travel_service,4435
travel_and_transportation > travel_service > passport_and_visa_service,passport_and_visa_service,Passport and Visa Service,2,travel_and_transportation,false,travel_service,18915
travel_and_transportation > travel_service > passport_and_visa_service > visa_agent,visa_agent,Visa Agent,3,travel_and_transportation,false,travel_service,160
travel_and_transportation > travel_service > tour_operator,tour_operator,Tour Operator,2,travel_and_transportation,false,travel_service,124213
travel_and_transportation > travel_service > tour_operator > aerial_tour,aerial_tour,Aerial Tour,3,travel_and_transportation,false,travel_service,115
travel_and_transportation > travel_service > tour_operator > architectural_tour,architectural_tour,Architectural Tour,3,travel_and_transportation,false,travel_service,150
travel_and_transportation > travel_service > tour_operator > art_tour,art_tour,Art Tour,3,travel_and_transportation,false,travel_service,35
travel_and_transportation > travel_service > tour_operator > beer_tour,beer_tour,Beer Tour,3,travel_and_transportation,false,travel_service,46
travel_and_transportation > travel_service > tour_operator > bike_tour,bike_tour,Bike Tour,3,travel_and_transportation,false,travel_service,102
travel_and_transportation > travel_service > tour_operator > boat_tour,boat_tour,Boat Tour,3,travel_and_transportation,false,travel_service,11210
travel_and_transportation > travel_service > tour_operator > bus_tour,bus_tour,Bus Tour,3,travel_and_transportation,false,travel_service,3449
travel_and_transportation > travel_service > tour_operator > cannabis_tour,cannabis_tour,Cannabis Tour,3,travel_and_transportation,false,travel_service,12
travel_and_transportation > travel_service > tour_operator > food_tour,food_tour,Food Tour,3,travel_and_transportation,false,travel_service,1211
travel_and_transportation > travel_service > tour_operator > historical_tour,historical_tour,Historical Tour,3,travel_and_transportation,false,travel_service,1311
travel_and_transportation > travel_service > tour_operator > hot_air_balloons_tour,hot_air_balloons_tour,Hot Air Balloons Tour,3,travel_and_transportation,false,travel_service,1146
travel_and_transportation > travel_service > tour_operator > scooter_tour,scooter_tour,Scooter Tour,3,travel_and_transportation,false,travel_service,7
travel_and_transportation > travel_service > tour_operator > sightseeing_tour_agency,sightseeing_tour_agency,Sightseeing Tour Agency,3,travel_and_transportation,false,travel_service,12458
travel_and_transportation > travel_service > tour_operator > walking_tour,walking_tour,Walking Tour,3,travel_and_transportation,false,travel_service,145
travel_and_transportation > travel_service > tour_operator > whale_watching_tour,whale_watching_tour,Whale Watching Tour,3,travel_and_transportation,false,travel_service,81
travel_and_transportation > travel_service > tour_operator > wine_tour,wine_tour,Wine Tour,3,travel_and_transportation,false,travel_service,189
travel_and_transportation > travel_service > travel_agent,travel_agent,Travel Agent,2,travel_and_transportation,false,travel_service,45543
travel_and_transportation > travel_service > vacation_rental_agent,vacation_rental_agent,Vacation Rental Agent,2,travel_and_transportation,false,travel_service,4084
travel_and_transportation > travel_service > visitor_center,visitor_center,Visitor Center,2,travel_and_transportation,false,travel_service,6642
travel_and_transportation > vehicle_service,vehicle_service,Vehicle Service,1,travel_and_transportation,true,vehicle_service,
travel_and_transportation > vehicle_service > aircraft_service,aircraft_service,Aircraft Service,2,travel_and_transportation,false,vehicle_service,2762
travel_and_transportation > vehicle_service > automotive_service,automotive_service,Automotive Service,2,travel_and_transportation,true,automotive_service,172801
travel_and_transportation > vehicle_service > automotive_service > auto_body_shop,auto_body_shop,Auto Body Shop,3,travel_and_transportation,false,automotive_service,89488
travel_and_transportation > vehicle_service > automotive_service > auto_customization,auto_customization,Auto Customization,3,travel_and_transportation,false,automotive_service,32666
travel_and_transportation > vehicle_service > automotive_service > auto_detailing,auto_detailing,Auto Detailing,3,travel_and_transportation,false,automotive_service,129597
travel_and_transportation > vehicle_service > automotive_service > auto_glass_service,auto_glass_service,Auto Glass Service,3,travel_and_transportation,false,automotive_service,33179
travel_and_transportation > vehicle_service > automotive_service > auto_glass_service > car_window_tinting,car_window_tinting,Car Window Tinting,4,travel_and_transportation,false,automotive_service,17537
travel_and_transportation > vehicle_service > automotive_service > auto_glass_service > windshield_installation_and_repair,windshield_installation_and_repair,Windshield Installation and Repair,4,travel_and_transportation,false,automotive_service,4012
travel_and_transportation > vehicle_service > automotive_service > auto_restoration_service,auto_restoration_service,Auto Restoration Service,3,travel_and_transportation,false,automotive_service,16433
travel_and_transportation > vehicle_service > automotive_service > auto_security,auto_security,Auto Security,3,travel_and_transportation,false,automotive_service,1345
travel_and_transportation > vehicle_service > automotive_service > auto_upholstery,auto_upholstery,Auto Upholstery,3,travel_and_transportation,false,automotive_service,2465
travel_and_transportation > vehicle_service > automotive_service > automobile_registration_service,automobile_registration_service,Automobile Registration Service,3,travel_and_transportation,false,automotive_service,4426
travel_and_transportation > vehicle_service > automotive_service > automotive_consultant,automotive_consultant,Automotive Consultant,3,travel_and_transportation,false,automotive_service,9504
travel_and_transportation > vehicle_service > automotive_service > automotive_repair,automotive_repair,Automotive Repair,3,travel_and_transportation,false,automotive_service,878312
travel_and_transportation > vehicle_service > automotive_service > automotive_repair > auto_electrical_repair,auto_electrical_repair,Auto Electrical Repair,4,travel_and_transportation,false,automotive_service,8949
travel_and_transportation > vehicle_service > automotive_service > automotive_repair > brake_service_and_repair,brake_service_and_repair,Brake Service and Repair,4,travel_and_transportation,false,automotive_service,7168
travel_and_transportation > vehicle_service > automotive_service > automotive_repair > diy_auto_shop,diy_auto_shop,DIY Auto Shop,4,travel_and_transportation,false,automotive_service,25
travel_and_transportation > vehicle_service > automotive_service > automotive_repair > engine_repair_service,engine_repair_service,Engine Repair Service,4,travel_and_transportation,false,automotive_service,6785
travel_and_transportation > vehicle_service > automotive_service > automotive_repair > exhaust_and_muffler_repair,exhaust_and_muffler_repair,Exhaust and Muffler Repair,4,travel_and_transportation,false,automotive_service,359
travel_and_transportation > vehicle_service > automotive_service > automotive_repair > hybrid_car_repair,hybrid_car_repair,Hybrid Car Repair,4,travel_and_transportation,false,automotive_service,102
travel_and_transportation > vehicle_service > automotive_service > automotive_repair > motorsport_vehicle_repair,motorsport_vehicle_repair,Motorsport Vehicle Repair,4,travel_and_transportation,false,automotive_service,51
travel_and_transportation > vehicle_service > automotive_service > automotive_repair > tire_dealer_and_repair,tire_dealer_and_repair,Tire Dealer and Repair,4,travel_and_transportation,false,automotive_service,125483
travel_and_transportation > vehicle_service > automotive_service > automotive_repair > trailer_repair,trailer_repair,Trailer Repair,4,travel_and_transportation,false,automotive_service,806
travel_and_transportation > vehicle_service > automotive_service > automotive_repair > transmission_repair,transmission_repair,Transmission Repair,4,travel_and_transportation,false,automotive_service,4318
travel_and_transportation > vehicle_service > automotive_service > automotive_repair > wheel_and_rim_repair,wheel_and_rim_repair,Wheel and Rim Repair,4,travel_and_transportation,false,automotive_service,3265
travel_and_transportation > vehicle_service > automotive_service > automotive_wheel_polishing_service,automotive_wheel_polishing_service,Automotive Wheel Polishing Service,3,travel_and_transportation,false,automotive_service,644
travel_and_transportation > vehicle_service > automotive_service > car_buyer,car_buyer,Car Buyer,3,travel_and_transportation,false,automotive_service,754
travel_and_transportation > vehicle_service > automotive_service > car_inspection,car_inspection,Car Inspection,3,travel_and_transportation,false,automotive_service,4609
travel_and_transportation > vehicle_service > automotive_service > car_stereo_installation,car_stereo_installation,Car Stereo Installation,3,travel_and_transportation,false,automotive_service,631
travel_and_transportation > vehicle_service > automotive_service > car_wash,car_wash,Car Wash,3,travel_and_transportation,false,automotive_service,123805
travel_and_transportation > vehicle_service > automotive_service > emergency_roadside_service,emergency_roadside_service,Emergency Roadside Service,3,travel_and_transportation,false,automotive_service,2341
travel_and_transportation > vehicle_service > automotive_service > emissions_inspection,emissions_inspection,Emissions Inspection,3,travel_and_transportation,false,automotive_service,8008
travel_and_transportation > vehicle_service > automotive_service > oil_change_station,oil_change_station,Oil Change Station,3,travel_and_transportation,false,automotive_service,19505
travel_and_transportation > vehicle_service > automotive_service > tire_shop,tire_shop,Tire Shop,3,travel_and_transportation,false,automotive_service,29938
travel_and_transportation > vehicle_service > automotive_service > towing_service,towing_service,Towing Service,3,travel_and_transportation,false,automotive_service,38606
travel_and_transportation > vehicle_service > automotive_service > truck_repair,truck_repair,Truck Repair,3,travel_and_transportation,false,automotive_service,22657
travel_and_transportation > vehicle_service > automotive_service > vehicle_wrap,vehicle_wrap,Vehicle Wrap,3,travel_and_transportation,false,automotive_service,673
travel_and_transportation > vehicle_service > boat_service,boat_service,Boat Service,2,travel_and_transportation,false,vehicle_service,14451
travel_and_transportation > vehicle_service > boat_service > mooring_service,mooring_service,Mooring Service,3,travel_and_transportation,false,vehicle_service,
travel_and_transportation > vehicle_service > delegated_driver_service,delegated_driver_service,Delegated Driver Service,2,travel_and_transportation,false,vehicle_service,
travel_and_transportation > vehicle_service > motorcycle_service,motorcycle_service,Motorcycle Service,2,travel_and_transportation,false,vehicle_service,
travel_and_transportation > vehicle_service > motorcycle_service > motorcycle_repair,motorcycle_repair,Motorcycle Repair,3,travel_and_transportation,false,vehicle_service,94976
travel_and_transportation > vehicle_service > recreation_vehicle_service,recreation_vehicle_service,Recreation Vehicle Service,2,travel_and_transportation,false,vehicle_service,
travel_and_transportation > vehicle_service > recreation_vehicle_service > recreation_vehicle_repair,recreation_vehicle_repair,Recreation Vehicle Repair,3,travel_and_transportation,false,vehicle_service,4720
travel_and_transportation > vehicle_service > roadside_assistance,roadside_assistance,Roadside Assistance,2,travel_and_transportation,false,vehicle_service,1388
travel_and_transportation > vehicle_service > roadside_assistance > mobile_dent_repair,mobile_dent_repair,Mobile Dent Repair,3,travel_and_transportation,false,vehicle_service,574
travel_and_transportation > water_transport_facility_or_service,water_transport_facility_or_service,Water Transport Facility or Service,1,travel_and_transportation,true,water_transport_facility_or_service,
travel_and_transportation > water_transport_facility_or_service > ferry_service,ferry_service,Ferry Service,2,travel_and_transportation,true,ferry_service,369
travel_and_transportation > water_transport_facility_or_service > water_taxi_service,water_taxi_service,Water Taxi Service,2,travel_and_transportation,true,water_taxi_service,2
