taxonomy,primary,displayName,level,isBasic,basicCategory
arts_and_entertainment,arts_and_entertainment,Arts and Entertainment,0,true,arts_and_entertainment
arts_and_entertainment > amusement_attraction,amusement_attraction,Amusement Attraction,1,true,amusement_attraction
arts_and_entertainment > amusement_attraction > amusement_park,amusement_park,Amusement Park,2,true,amusement_park
arts_and_entertainment > amusement_attraction > carnival_venue,carnival_venue,Carnival Venue,2,false,amusement_attraction
arts_and_entertainment > amusement_attraction > carousel,carousel,Carousel,2,false,amusement_attraction
arts_and_entertainment > amusement_attraction > circus_venue,circus_venue,Circus Venue,2,false,amusement_attraction
arts_and_entertainment > amusement_attraction > haunted_house,haunted_house,Haunted House,2,false,amusement_attraction
arts_and_entertainment > animal_attraction,animal_attraction,Animal Attraction,1,true,animal_attraction
arts_and_entertainment > animal_attraction > aquarium,aquarium,Aquarium,2,true,aquarium
arts_and_entertainment > animal_attraction > wildlife_sanctuary,wildlife_sanctuary,Wildlife Sanctuary,2,false,animal_attraction
arts_and_entertainment > animal_attraction > zoo,zoo,Zoo,2,true,zoo
arts_and_entertainment > animal_attraction > zoo > petting_zoo,petting_zoo,Petting Zoo,3,false,zoo
arts_and_entertainment > animal_attraction > zoo > zoo_exhibit,zoo_exhibit,Zoo Exhibit,3,false,zoo
arts_and_entertainment > arts_and_crafts_space,arts_and_crafts_space,Arts and Crafts Space,1,true,arts_and_crafts_space
arts_and_entertainment > arts_and_crafts_space > art_gallery,art_gallery,Art Gallery,2,true,art_gallery
arts_and_entertainment > arts_and_crafts_space > artist_studio,artist_studio,Artist Studio,2,false,arts_and_crafts_space
arts_and_entertainment > arts_and_crafts_space > glass_blowing_venue,glass_blowing_venue,Glass Blowing Venue,2,false,arts_and_crafts_space
arts_and_entertainment > arts_and_crafts_space > paint_and_sip_venue,paint_and_sip_venue,Paint and Sip Venue,2,false,arts_and_crafts_space
arts_and_entertainment > arts_and_crafts_space > paint_your_own_pottery_venue,paint_your_own_pottery_venue,Paint Your Own Pottery Venue,2,false,arts_and_crafts_space
arts_and_entertainment > arts_and_crafts_space > sculpture_park,sculpture_park,Sculpture Park,2,false,arts_and_crafts_space
arts_and_entertainment > arts_and_crafts_space > sculpture_statue,sculpture_statue,Sculpture Statue,2,true,sculpture_statue
arts_and_entertainment > arts_and_crafts_space > street_art,street_art,Street Art,2,true,street_art
arts_and_entertainment > event_venue,event_venue,Event Venue,1,true,event_venue
arts_and_entertainment > event_venue > auditorium,auditorium,Auditorium,2,false,event_venue
arts_and_entertainment > event_venue > exhibition_and_trade_fair_venue,exhibition_and_trade_fair_venue,Exhibition and Trade Fair Venue,2,false,event_venue
arts_and_entertainment > festival_venue,festival_venue,Festival Venue,1,true,festival_venue
arts_and_entertainment > festival_venue > fairgrounds,fairgrounds,Fairgrounds,2,true,fairgrounds
arts_and_entertainment > festival_venue > film_festival_venue,film_festival_venue,Film Festival Venue,2,false,festival_venue
arts_and_entertainment > festival_venue > music_festival_venue,music_festival_venue,Music Festival Venue,2,false,festival_venue
arts_and_entertainment > gaming_venue,gaming_venue,Gaming Venue,1,true,gaming_venue
arts_and_entertainment > gaming_venue > arcade,arcade,Arcade,2,true,arcade
arts_and_entertainment > gaming_venue > betting_center,betting_center,Betting Center,2,false,gaming_venue
arts_and_entertainment > gaming_venue > bingo_hall,bingo_hall,Bingo Hall,2,false,gaming_venue
arts_and_entertainment > gaming_venue > casino,casino,Casino,2,true,casino
arts_and_entertainment > gaming_venue > escape_room,escape_room,Escape Room,2,false,gaming_venue
arts_and_entertainment > gaming_venue > lottery_vendor,lottery_vendor,Lottery Vendor,2,false,gaming_venue
arts_and_entertainment > gaming_venue > scavenger_hunt,scavenger_hunt,Scavenger Hunt,2,false,gaming_venue
arts_and_entertainment > movie_theater,movie_theater,Movie Theater,1,true,movie_theater
arts_and_entertainment > movie_theater > drive_in_theater,drive_in_theater,Drive-In Theater,2,false,movie_theater
arts_and_entertainment > movie_theater > outdoor_movie_space,outdoor_movie_space,Outdoor Movie Space,2,false,movie_theater
arts_and_entertainment > museum,museum,Museum,1,true,museum
arts_and_entertainment > museum > art_museum,art_museum,Art Museum,2,false,museum
arts_and_entertainment > museum > art_museum > asian_art_museum,asian_art_museum,Asian Art Museum,3,false,museum
arts_and_entertainment > museum > art_museum > cartooning_museum,cartooning_museum,Cartooning Museum,3,false,museum
arts_and_entertainment > museum > art_museum > contemporary_art_museum,contemporary_art_museum,Contemporary Art Museum,3,false,museum
arts_and_entertainment > museum > art_museum > costume_museum,costume_museum,Costume Museum,3,false,museum
arts_and_entertainment > museum > art_museum > decorative_arts_museum,decorative_arts_museum,Decorative Arts Museum,3,false,museum
arts_and_entertainment > museum > art_museum > design_museum,design_museum,Design Museum,3,false,museum
arts_and_entertainment > museum > art_museum > modern_art_museum,modern_art_museum,Modern Art Museum,3,false,museum
arts_and_entertainment > museum > art_museum > photography_museum,photography_museum,Photography Museum,3,false,museum
arts_and_entertainment > museum > art_museum > textile_museum,textile_museum,Textile Museum,3,false,museum
arts_and_entertainment > museum > aviation_museum,aviation_museum,Aviation Museum,2,false,museum
arts_and_entertainment > museum > childrens_museum,childrens_museum,Children's Museum,2,false,museum
arts_and_entertainment > museum > history_museum,history_museum,History Museum,2,false,museum
arts_and_entertainment > museum > history_museum > civilization_museum,civilization_museum,Civilization Museum,3,false,museum
arts_and_entertainment > museum > history_museum > community_museum,community_museum,Community Museum,3,false,museum
arts_and_entertainment > museum > military_museum,military_museum,Military Museum,2,false,museum
arts_and_entertainment > museum > national_museum,national_museum,National Museum,2,false,museum
arts_and_entertainment > museum > science_museum,science_museum,Science Museum,2,false,museum
arts_and_entertainment > museum > science_museum > computer_museum,computer_museum,Computer Museum,3,false,museum
arts_and_entertainment > museum > sports_museum,sports_museum,Sports Museum,2,false,museum
arts_and_entertainment > museum > state_museum,state_museum,State Museum,2,false,museum
arts_and_entertainment > nightlife_venue,nightlife_venue,Nightlife Venue,1,true,nightlife_venue
arts_and_entertainment > nightlife_venue > adult_entertainment_venue,adult_entertainment_venue,Adult Entertainment Venue,2,true,adult_entertainment_venue
arts_and_entertainment > nightlife_venue > adult_entertainment_venue > erotic_massage_venue,erotic_massage_venue,Erotic Massage Venue,3,false,adult_entertainment_venue
arts_and_entertainment > nightlife_venue > adult_entertainment_venue > strip_club,strip_club,Strip Club,3,false,adult_entertainment_venue
arts_and_entertainment > nightlife_venue > bar_crawl,bar_crawl,Bar Crawl,2,false,nightlife_venue
arts_and_entertainment > nightlife_venue > club_crawl,club_crawl,Club Crawl,2,false,nightlife_venue
arts_and_entertainment > nightlife_venue > dance_club,dance_club,Dance Club,2,true,dance_club
arts_and_entertainment > nightlife_venue > dance_club > salsa_club,salsa_club,Salsa Club,3,false,dance_club
arts_and_entertainment > performing_arts_venue,performing_arts_venue,Performing Arts Venue,1,true,performing_arts_venue
arts_and_entertainment > performing_arts_venue > amphitheater,amphitheater,Amphitheater,2,false,performing_arts_venue
arts_and_entertainment > performing_arts_venue > cabaret,cabaret,Cabaret,2,false,performing_arts_venue
arts_and_entertainment > performing_arts_venue > comedy_club,comedy_club,Comedy Club,2,true,comedy_club
arts_and_entertainment > performing_arts_venue > music_venue,music_venue,Music Venue,2,true,music_venue
arts_and_entertainment > performing_arts_venue > music_venue > band_orchestra_symphony,band_orchestra_symphony,Band Orchestra Symphony,3,false,music_venue
arts_and_entertainment > performing_arts_venue > music_venue > choir,choir,Choir,3,false,music_venue
arts_and_entertainment > performing_arts_venue > music_venue > jazz_and_blues_venue,jazz_and_blues_venue,Jazz and Blues Venue,3,false,music_venue
arts_and_entertainment > performing_arts_venue > music_venue > karaoke_venue,karaoke_venue,Karaoke Venue,3,false,music_venue
arts_and_entertainment > performing_arts_venue > music_venue > opera_and_ballet,opera_and_ballet,Opera and Ballet,3,false,music_venue
arts_and_entertainment > performing_arts_venue > theatre_venue,theatre_venue,Theatre Venue,2,true,theatre_venue
arts_and_entertainment > performing_arts_venue > theatre_venue > dinner_theater,dinner_theater,Dinner Theater,3,false,theatre_venue
arts_and_entertainment > rural_attraction,rural_attraction,Rural Attraction,1,true,rural_attraction
arts_and_entertainment > rural_attraction > attraction_farm,attraction_farm,Attraction Farm,2,false,rural_attraction
arts_and_entertainment > rural_attraction > corn_maze,corn_maze,Corn Maze,2,false,rural_attraction
arts_and_entertainment > rural_attraction > country_dance_hall,country_dance_hall,Country Dance Hall,2,false,rural_attraction
arts_and_entertainment > rural_attraction > pumpkin_patch,pumpkin_patch,Pumpkin Patch,2,false,rural_attraction
arts_and_entertainment > rural_attraction > rodeo,rodeo,Rodeo,2,true,rodeo
arts_and_entertainment > science_attraction,science_attraction,Science Attraction,1,true,science_attraction
arts_and_entertainment > science_attraction > makerspace,makerspace,Makerspace,2,true,makerspace
arts_and_entertainment > science_attraction > observatory,observatory,Observatory,2,false,science_attraction
arts_and_entertainment > science_attraction > planetarium,planetarium,Planetarium,2,true,planetarium
arts_and_entertainment > science_attraction > virtual_reality_center,virtual_reality_center,Virtual Reality Center,2,false,science_attraction
arts_and_entertainment > science_attraction > virtual_reality_center > vr_cafe,vr_cafe,VR Cafe,3,false,science_attraction
arts_and_entertainment > social_club,social_club,Social Club,1,true,social_club
arts_and_entertainment > social_club > country_club,country_club,Country Club,2,true,country_club
arts_and_entertainment > social_club > fraternal_organization,fraternal_organization,Fraternal Organization,2,false,social_club
arts_and_entertainment > social_club > veterans_organization,veterans_organization,Veterans Organization,2,false,social_club
arts_and_entertainment > spiritual_advising,spiritual_advising,Spiritual Advising,1,true,spiritual_advising
arts_and_entertainment > spiritual_advising > astrological_advising,astrological_advising,Astrological Advising,2,true,astrological_advising
arts_and_entertainment > spiritual_advising > fortune_telling,fortune_telling,Fortune Telling,2,false,spiritual_advising
arts_and_entertainment > spiritual_advising > psychic_advising,psychic_advising,Psychic Advising,2,true,psychic_advising
arts_and_entertainment > stadium_arena,stadium_arena,Stadium Arena,1,true,stadium_arena
arts_and_entertainment > stadium_arena > arena,arena,Arena,2,false,stadium_arena
arts_and_entertainment > stadium_arena > stadium,stadium,Stadium,2,false,stadium_arena
arts_and_entertainment > stadium_arena > stadium > baseball_stadium,baseball_stadium,Baseball Stadium,3,false,stadium_arena
arts_and_entertainment > stadium_arena > stadium > basketball_stadium,basketball_stadium,Basketball Stadium,3,false,stadium_arena
arts_and_entertainment > stadium_arena > stadium > cricket_ground,cricket_ground,Cricket Ground,3,false,stadium_arena
arts_and_entertainment > stadium_arena > stadium > football_stadium,football_stadium,Football Stadium,3,false,stadium_arena
arts_and_entertainment > stadium_arena > stadium > hockey_arena,hockey_arena,Hockey Arena,3,false,stadium_arena
arts_and_entertainment > stadium_arena > stadium > rugby_stadium,rugby_stadium,Rugby Stadium,3,false,stadium_arena
arts_and_entertainment > stadium_arena > stadium > soccer_stadium,soccer_stadium,Soccer Stadium,3,false,stadium_arena
arts_and_entertainment > stadium_arena > stadium > tennis_stadium,tennis_stadium,Tennis Stadium,3,false,stadium_arena
arts_and_entertainment > stadium_arena > stadium > track_stadium,track_stadium,Track Stadium,3,false,stadium_arena
arts_and_entertainment > ticket_office_or_booth,ticket_office_or_booth,Ticket Office or Booth,1,true,ticket_office_or_booth
community_and_government,community_and_government,Community and Government,0,true,community_and_government
community_and_government > civic_organization,civic_organization,Civic Organization,1,true,civic_organization
community_and_government > civic_organization > charity_organization,charity_organization,Charity Organization,2,false,civic_organization
community_and_government > civic_organization > civic_center,civic_center,Civic Center,2,true,civic_center
community_and_government > civic_organization > labor_union,labor_union,Labor Union,2,true,labor_union
community_and_government > civic_organization > non_governmental_association,non_governmental_association,Non Governmental Association,2,false,civic_organization
community_and_government > civic_organization > political_organization,political_organization,Political Organization,2,true,political_organization
community_and_government > civic_organization > political_organization > political_party_office,political_party_office,Political Party Office,3,false,political_organization
community_and_government > government_office,government_office,Government Office,1,true,government_office
community_and_government > government_office > chambers_of_commerce,chambers_of_commerce,Chambers of Commerce,2,false,government_office
community_and_government > government_office > courthouse,courthouse,Courthouse,2,true,courthouse
community_and_government > government_office > embassy,embassy,Embassy,2,true,embassy
community_and_government > government_office > government_department,government_department,Government Department,2,true,government_department
community_and_government > government_office > government_department > department_of_motor_vehicles,department_of_motor_vehicles,Department of Motor Vehicles,3,false,government_department
community_and_government > government_office > government_department > department_of_social_service,department_of_social_service,Department of Social Service,3,false,government_department
community_and_government > government_office > government_department > health_department,health_department,Health Department,3,false,government_department
community_and_government > government_office > immigration_and_naturalization_office,immigration_and_naturalization_office,Immigration and Naturalization Office,2,false,government_office
community_and_government > government_office > national_security_service,national_security_service,National Security Service,2,false,government_office
community_and_government > government_office > office_of_vital_records,office_of_vital_records,Office of Vital Records,2,false,government_office
community_and_government > government_office > pension_office,pension_office,Pension Office,2,false,government_office
community_and_government > government_office > registry_office,registry_office,Registry Office,2,false,government_office
community_and_government > government_office > social_security_service,social_security_service,Social Security Service,2,false,government_office
community_and_government > government_office > tax_office,tax_office,Tax Office,2,false,government_office
community_and_government > government_office > town_hall,town_hall,Town Hall,2,false,government_office
community_and_government > government_office > unemployment_office,unemployment_office,Unemployment Office,2,false,government_office
community_and_government > military_site,military_site,Military Site,1,true,military_site
community_and_government > military_site > military_base,military_base,Military Base,2,true,military_base
community_and_government > military_site > military_office,military_office,Military Office,2,true,military_office
community_and_government > public_facility,public_facility,Public Facility,1,true,public_facility
community_and_government > public_facility > public_fountain,public_fountain,Public Fountain,2,true,public_fountain
community_and_government > public_facility > public_fountain > drinking_fountain,drinking_fountain,Drinking Fountain,3,false,public_fountain
community_and_government > public_facility > public_pathway,public_pathway,Public Pathway,2,true,public_pathway
community_and_government > public_facility > public_phone,public_phone,Public Phone,2,false,public_facility
community_and_government > public_facility > public_plaza,public_plaza,Public Plaza,2,true,public_plaza
community_and_government > public_facility > public_restroom,public_restroom,Public Restroom,2,true,public_restroom
community_and_government > public_safety_service,public_safety_service,Public Safety Service,1,true,public_safety_service
community_and_government > public_safety_service > fire_station,fire_station,Fire Station,2,true,fire_station
community_and_government > public_safety_service > jail_or_prison,jail_or_prison,Jail or Prison,2,true,jail_or_prison
community_and_government > public_safety_service > jail_or_prison > juvenile_detention_center,juvenile_detention_center,Juvenile Detention Center,3,false,jail_or_prison
community_and_government > public_safety_service > police_station,police_station,Police Station,2,true,police_station
community_and_government > public_utility,public_utility,Public Utility,1,true,public_utility
community_and_government > public_utility > electric_utility_provider,electric_utility_provider,Electric Utility Provider,2,true,electric_utility_provider
community_and_government > public_utility > garbage_collection_service,garbage_collection_service,Garbage Collection Service,2,false,public_utility
community_and_government > public_utility > natural_gas_utility_provider,natural_gas_utility_provider,Natural Gas Utility Provider,2,true,natural_gas_utility_provider
community_and_government > public_utility > septic_service,septic_service,Septic Service,2,false,public_utility
community_and_government > public_utility > water_utility_provider,water_utility_provider,Water Utility Provider,2,true,water_utility_provider
community_and_government > social_or_community_service,social_or_community_service,Social or Community Service,1,true,social_or_community_service
community_and_government > social_or_community_service > child_protection_service,child_protection_service,Child Protection Service,2,false,social_or_community_service
community_and_government > social_or_community_service > community_center,community_center,Community Center,2,true,community_center
community_and_government > social_or_community_service > disability_services_and_support_organization,disability_services_and_support_organization,Disability Services and Support Organization,2,false,social_or_community_service
community_and_government > social_or_community_service > food_bank,food_bank,Food Bank,2,true,food_bank
community_and_government > social_or_community_service > foster_care_service,foster_care_service,Foster Care Service,2,false,social_or_community_service
community_and_government > social_or_community_service > gay_and_lesbian_services_organization,gay_and_lesbian_services_organization,Gay and Lesbian Services Organization,2,false,social_or_community_service
community_and_government > social_or_community_service > homeless_shelter,homeless_shelter,Homeless Shelter,2,false,social_or_community_service
community_and_government > social_or_community_service > housing_authority,housing_authority,Housing Authority,2,false,social_or_community_service
community_and_government > social_or_community_service > scout_hall,scout_hall,Scout Hall,2,false,social_or_community_service
community_and_government > social_or_community_service > senior_citizen_service,senior_citizen_service,Senior Citizen Service,2,false,social_or_community_service
community_and_government > social_or_community_service > social_and_human_service,social_and_human_service,Social and Human Service,2,false,social_or_community_service
community_and_government > social_or_community_service > social_welfare_center,social_welfare_center,Social Welfare Center,2,false,social_or_community_service
community_and_government > social_or_community_service > volunteer_association,volunteer_association,Volunteer Association,2,false,social_or_community_service
community_and_government > social_or_community_service > youth_organization,youth_organization,Youth Organization,2,true,youth_organization
cultural_and_historic,cultural_and_historic,Cultural and Historic,0,true,cultural_and_historic
cultural_and_historic > cultural_center,cultural_center,Cultural Center,1,true,cultural_center
cultural_and_historic > historic_site,historic_site,Historic Site,1,true,historic_site
cultural_and_historic > historic_site > castle,castle,Castle,2,true,castle
cultural_and_historic > historic_site > fort,fort,Fort,2,true,fort
cultural_and_historic > historic_site > historic_mission,historic_mission,Historic Mission,2,false,historic_site
cultural_and_historic > historic_site > historic_tower,historic_tower,Historic Tower,2,false,historic_site
cultural_and_historic > historic_site > lighthouse,lighthouse,Lighthouse,2,true,lighthouse
cultural_and_historic > historic_site > palace,palace,Palace,2,false,historic_site
cultural_and_historic > historic_site > ruin,ruin,Ruin,2,false,historic_site
cultural_and_historic > memorial_site,memorial_site,Memorial Site,1,true,memorial_site
cultural_and_historic > memorial_site > cemetery,cemetery,Cemetery,2,true,cemetery
cultural_and_historic > memorial_site > memorial_park,memorial_park,Memorial Park,2,false,memorial_site
cultural_and_historic > memorial_site > monument,monument,Monument,2,true,monument
cultural_and_historic > place_of_worship,place_of_worship,Place of Worship,1,true,place_of_worship
cultural_and_historic > place_of_worship > buddhist_place_of_worship,buddhist_place_of_worship,Buddhist Place of Worship,2,true,buddhist_place_of_worship
cultural_and_historic > place_of_worship > buddhist_place_of_worship > mahayana_buddhist_place_of_worship,mahayana_buddhist_place_of_worship,Mahayana Buddhist Place of Worship,3,false,buddhist_place_of_worship
cultural_and_historic > place_of_worship > buddhist_place_of_worship > mahayana_buddhist_place_of_worship > nichiren_buddhist_place_of_worship,nichiren_buddhist_place_of_worship,Nichiren Buddhist Place of Worship,4,false,buddhist_place_of_worship
cultural_and_historic > place_of_worship > buddhist_place_of_worship > mahayana_buddhist_place_of_worship > pure_land_buddhist_place_of_worship,pure_land_buddhist_place_of_worship,Pure Land Buddhist Place of Worship,4,false,buddhist_place_of_worship
cultural_and_historic > place_of_worship > buddhist_place_of_worship > mahayana_buddhist_place_of_worship > zen_buddhist_place_of_worship,zen_buddhist_place_of_worship,Zen Buddhist Place of Worship,4,false,buddhist_place_of_worship
cultural_and_historic > place_of_worship > buddhist_place_of_worship > theravada_buddhist_place_of_worship,theravada_buddhist_place_of_worship,Theravada Buddhist Place of Worship,3,false,buddhist_place_of_worship
cultural_and_historic > place_of_worship > buddhist_place_of_worship > vajrayana_buddhist_place_of_worship,vajrayana_buddhist_place_of_worship,Vajrayana Buddhist Place of Worship,3,false,buddhist_place_of_worship
cultural_and_historic > place_of_worship > christian_place_of_worship,christian_place_of_worship,Christian Place of Worship,2,true,christian_place_of_worship
cultural_and_historic > place_of_worship > christian_place_of_worship > church_of_the_east_place_of_worship,church_of_the_east_place_of_worship,Church of the East Place of Worship,3,false,christian_place_of_worship
cultural_and_historic > place_of_worship > christian_place_of_worship > eastern_orthodox_place_of_worship,eastern_orthodox_place_of_worship,Eastern Orthodox Place of Worship,3,false,christian_place_of_worship
cultural_and_historic > place_of_worship > christian_place_of_worship > eastern_orthodox_place_of_worship > antiochan_orthodox_place_of_worship,antiochan_orthodox_place_of_worship,Antiochan Orthodox Place of Worship,4,false,christian_place_of_worship
cultural_and_historic > place_of_worship > christian_place_of_worship > eastern_orthodox_place_of_worship > bulgarian_orthodox_place_of_worship,bulgarian_orthodox_place_of_worship,Bulgarian Orthodox Place of Worship,4,false,christian_place_of_worship
cultural_and_historic > place_of_worship > christian_place_of_worship > eastern_orthodox_place_of_worship > georgian_orthodox_place_of_worship,georgian_orthodox_place_of_worship,Georgian Orthodox Place of Worship,4,false,christian_place_of_worship
cultural_and_historic > place_of_worship > christian_place_of_worship > eastern_orthodox_place_of_worship > greek_orthodox_place_of_worship,greek_orthodox_place_of_worship,Greek Orthodox Place of Worship,4,false,christian_place_of_worship
cultural_and_historic > place_of_worship > christian_place_of_worship > eastern_orthodox_place_of_worship > romanian_orthodox_place_of_worship,romanian_orthodox_place_of_worship,Romanian Orthodox Place of Worship,4,false,christian_place_of_worship
cultural_and_historic > place_of_worship > christian_place_of_worship > eastern_orthodox_place_of_worship > russian_orthodox_place_of_worship,russian_orthodox_place_of_worship,Russian Orthodox Place of Worship,4,false,christian_place_of_worship
cultural_and_historic > place_of_worship > christian_place_of_worship > eastern_orthodox_place_of_worship > serbian_orthodox_place_of_worship,serbian_orthodox_place_of_worship,Serbian Orthodox Place of Worship,4,false,christian_place_of_worship
cultural_and_historic > place_of_worship > christian_place_of_worship > oriental_orthodox_place_of_worship,oriental_orthodox_place_of_worship,Oriental Orthodox Place of Worship,3,false,christian_place_of_worship
cultural_and_historic > place_of_worship > christian_place_of_worship > oriental_orthodox_place_of_worship > armenian_apostolic_place_of_worship,armenian_apostolic_place_of_worship,Armenian Apostolic Place of Worship,4,false,christian_place_of_worship
cultural_and_historic > place_of_worship > christian_place_of_worship > oriental_orthodox_place_of_worship > coptic_orthodox_place_of_worship,coptic_orthodox_place_of_worship,Coptic Orthodox Place of Worship,4,false,christian_place_of_worship
cultural_and_historic > place_of_worship > christian_place_of_worship > oriental_orthodox_place_of_worship > eritrean_orthodox_tewahedo_place_of_worship,eritrean_orthodox_tewahedo_place_of_worship,Eritrean Orthodox Tewahedo Place of Worship,4,false,christian_place_of_worship
cultural_and_historic > place_of_worship > christian_place_of_worship > oriental_orthodox_place_of_worship > ethiopian_orthodox_tewahedo_place_of_worship,ethiopian_orthodox_tewahedo_place_of_worship,Ethiopian Orthodox Tewahedo Place of Worship,4,false,christian_place_of_worship
cultural_and_historic > place_of_worship > christian_place_of_worship > oriental_orthodox_place_of_worship > malankara_orthodox_syrian_place_of_worship,malankara_orthodox_syrian_place_of_worship,Malankara Orthodox Syrian Place of Worship,4,false,christian_place_of_worship
cultural_and_historic > place_of_worship > christian_place_of_worship > oriental_orthodox_place_of_worship > syriac_orthodox_place_of_worship,syriac_orthodox_place_of_worship,Syriac Orthodox Place of Worship,4,false,christian_place_of_worship
cultural_and_historic > place_of_worship > christian_place_of_worship > protestant_place_of_worship,protestant_place_of_worship,Protestant Place of Worship,3,false,christian_place_of_worship
cultural_and_historic > place_of_worship > christian_place_of_worship > protestant_place_of_worship > adventist_place_of_worship,adventist_place_of_worship,Adventist Place of Worship,4,false,christian_place_of_worship
cultural_and_historic > place_of_worship > christian_place_of_worship > protestant_place_of_worship > anabaptist_place_of_worship,anabaptist_place_of_worship,Anabaptist Place of Worship,4,false,christian_place_of_worship
cultural_and_historic > place_of_worship > christian_place_of_worship > protestant_place_of_worship > anglican_or_episcopal_place_of_worship,anglican_or_episcopal_place_of_worship,Anglican or Episcopal Place of Worship,4,false,christian_place_of_worship
cultural_and_historic > place_of_worship > christian_place_of_worship > protestant_place_of_worship > baptist_place_of_worship,baptist_place_of_worship,Baptist Place of Worship,4,false,christian_place_of_worship
cultural_and_historic > place_of_worship > christian_place_of_worship > protestant_place_of_worship > lutheran_place_of_worship,lutheran_place_of_worship,Lutheran Place of Worship,4,false,christian_place_of_worship
cultural_and_historic > place_of_worship > christian_place_of_worship > protestant_place_of_worship > methodist_place_of_worship,methodist_place_of_worship,Methodist Place of Worship,4,false,christian_place_of_worship
cultural_and_historic > place_of_worship > christian_place_of_worship > protestant_place_of_worship > pentecostal_place_of_worship,pentecostal_place_of_worship,Pentecostal Place of Worship,4,false,christian_place_of_worship
cultural_and_historic > place_of_worship > christian_place_of_worship > protestant_place_of_worship > reformed_or_calvinist_place_of_worship,reformed_or_calvinist_place_of_worship,Reformed or Calvinist Place of Worship,4,false,christian_place_of_worship
cultural_and_historic > place_of_worship > christian_place_of_worship > restorationist_place_of_worship,restorationist_place_of_worship,Restorationist Place of Worship,3,false,christian_place_of_worship
cultural_and_historic > place_of_worship > christian_place_of_worship > restorationist_place_of_worship > jehovahs_witness_place_of_worship,jehovahs_witness_place_of_worship,Jehovahs Witness Place of Worship,4,false,christian_place_of_worship
cultural_and_historic > place_of_worship > christian_place_of_worship > restorationist_place_of_worship > mormon_place_of_worship,mormon_place_of_worship,Mormon Place of Worship,4,false,christian_place_of_worship
cultural_and_historic > place_of_worship > christian_place_of_worship > roman_catholic_place_of_worship,roman_catholic_place_of_worship,Roman Catholic Place of Worship,3,false,christian_place_of_worship
cultural_and_historic > place_of_worship > christian_place_of_worship > roman_catholic_place_of_worship > eastern_catholic_place_of_worship,eastern_catholic_place_of_worship,Eastern Catholic Place of Worship,4,false,christian_place_of_worship
cultural_and_historic > place_of_worship > christian_place_of_worship > roman_catholic_place_of_worship > western_catholic_place_of_worship,western_catholic_place_of_worship,Western Catholic Place of Worship,4,false,christian_place_of_worship
cultural_and_historic > place_of_worship > hindu_place_of_worship,hindu_place_of_worship,Hindu Place of Worship,2,true,hindu_place_of_worship
cultural_and_historic > place_of_worship > hindu_place_of_worship > shaiva_hindu_place_of_worship,shaiva_hindu_place_of_worship,Shaiva Hindu Place of Worship,3,false,hindu_place_of_worship
cultural_and_historic > place_of_worship > hindu_place_of_worship > shakta_hindu_place_of_worship,shakta_hindu_place_of_worship,Shakta Hindu Place of Worship,3,false,hindu_place_of_worship
cultural_and_historic > place_of_worship > hindu_place_of_worship > smarta_hindu_place_of_worship,smarta_hindu_place_of_worship,Smarta Hindu Place of Worship,3,false,hindu_place_of_worship
cultural_and_historic > place_of_worship > hindu_place_of_worship > vaishnava_hindu_place_of_worship,vaishnava_hindu_place_of_worship,Vaishnava Hindu Place of Worship,3,false,hindu_place_of_worship
cultural_and_historic > place_of_worship > jewish_place_of_worship,jewish_place_of_worship,Jewish Place of Worship,2,true,jewish_place_of_worship
cultural_and_historic > place_of_worship > jewish_place_of_worship > conservative_jewish_place_of_worship,conservative_jewish_place_of_worship,Conservative Jewish Place of Worship,3,false,jewish_place_of_worship
cultural_and_historic > place_of_worship > jewish_place_of_worship > orthodox_jewish_place_of_worship,orthodox_jewish_place_of_worship,Orthodox Jewish Place of Worship,3,false,jewish_place_of_worship
cultural_and_historic > place_of_worship > jewish_place_of_worship > reconstructionist_jewish_place_of_worship,reconstructionist_jewish_place_of_worship,Reconstructionist Jewish Place of Worship,3,false,jewish_place_of_worship
cultural_and_historic > place_of_worship > jewish_place_of_worship > reform_jewish_place_of_worship,reform_jewish_place_of_worship,Reform Jewish Place of Worship,3,false,jewish_place_of_worship
cultural_and_historic > place_of_worship > muslim_place_of_worship,muslim_place_of_worship,Muslim Place of Worship,2,true,muslim_place_of_worship
cultural_and_historic > place_of_worship > muslim_place_of_worship > ibadi_muslim_place_of_worship,ibadi_muslim_place_of_worship,Ibadi Muslim Place of Worship,3,false,muslim_place_of_worship
cultural_and_historic > place_of_worship > muslim_place_of_worship > shia_muslim_place_of_worship,shia_muslim_place_of_worship,Shia Muslim Place of Worship,3,false,muslim_place_of_worship
cultural_and_historic > place_of_worship > muslim_place_of_worship > sunni_muslim_place_of_worship,sunni_muslim_place_of_worship,Sunni Muslim Place of Worship,3,false,muslim_place_of_worship
cultural_and_historic > place_of_worship > sikh_place_of_worship,sikh_place_of_worship,Sikh Place of Worship,2,false,place_of_worship
cultural_and_historic > religious_landmark,religious_landmark,Religious Landmark,1,true,religious_landmark
cultural_and_historic > religious_landmark > pilgrimage_site,pilgrimage_site,Pilgrimage Site,2,false,religious_landmark
cultural_and_historic > religious_landmark > pilgrimage_site > buddhist_pilgrimage_site,buddhist_pilgrimage_site,Buddhist Pilgrimage Site,3,false,religious_landmark
cultural_and_historic > religious_landmark > pilgrimage_site > christian_pilgrimage_site,christian_pilgrimage_site,Christian Pilgrimage Site,3,false,religious_landmark
cultural_and_historic > religious_landmark > pilgrimage_site > hindu_pilgrimage_site,hindu_pilgrimage_site,Hindu Pilgrimage Site,3,false,religious_landmark
cultural_and_historic > religious_landmark > pilgrimage_site > muslim_pilgrimage_site,muslim_pilgrimage_site,Muslim Pilgrimage Site,3,false,religious_landmark
cultural_and_historic > religious_landmark > shrine,shrine,Shrine,2,false,religious_landmark
cultural_and_historic > religious_landmark > shrine > catholic_shrine,catholic_shrine,Catholic Shrine,3,false,religious_landmark
cultural_and_historic > religious_landmark > shrine > shinto_shrine,shinto_shrine,Shinto Shrine,3,false,religious_landmark
cultural_and_historic > religious_landmark > shrine > sufi_shrine,sufi_shrine,Sufi Shrine,3,false,religious_landmark
cultural_and_historic > religious_organization,religious_organization,Religious Organization,1,true,religious_organization
cultural_and_historic > religious_organization > convent,convent,Convent,2,false,religious_organization
cultural_and_historic > religious_organization > monastery,monastery,Monastery,2,false,religious_organization
cultural_and_historic > religious_organization > seminary,seminary,Seminary,2,false,religious_organization
cultural_and_historic > religious_retreat_or_center,religious_retreat_or_center,Religious Retreat or Center,1,true,religious_retreat_or_center
cultural_and_historic > religious_retreat_or_center > christian_retreat_center,christian_retreat_center,Christian Retreat Center,2,false,religious_retreat_or_center
cultural_and_historic > religious_retreat_or_center > hindu_ashram,hindu_ashram,Hindu Ashram,2,false,religious_retreat_or_center
cultural_and_historic > religious_retreat_or_center > zen_center,zen_center,Zen Center,2,false,religious_retreat_or_center
education,education,Education,0,true,education
education > education_office,education_office,Education Office,1,true,education_office
education > education_office > board_of_education_office,board_of_education_office,Board of Education Office,2,false,education_office
education > education_office > school_district_office,school_district_office,School District Office,2,true,school_district_office
education > educational_facility,educational_facility,Educational Facility,1,true,educational_facility
education > educational_facility > campus,campus,Campus,2,true,campus
education > educational_facility > campus_building,campus_building,Campus Building,2,true,campus_building
education > educational_facility > campus_building > student_union,student_union,Student Union,3,false,campus_building
education > educational_facility > educational_camp,educational_camp,Educational Camp,2,false,educational_facility
education > educational_service,educational_service,Educational Service,1,true,educational_service
education > educational_service > after_school_program,after_school_program,After School Program,2,false,educational_service
education > educational_service > archaeological_service,archaeological_service,Archaeological Service,2,false,educational_service
education > educational_service > college_counseling,college_counseling,College Counseling,2,false,educational_service
education > educational_service > test_preparation,test_preparation,Test Preparation,2,false,educational_service
education > educational_service > tutoring_service,tutoring_service,Tutoring Service,2,true,tutoring_service
education > educational_service > tutoring_service > private_tutor,private_tutor,Private Tutor,3,false,tutoring_service
education > library,library,Library,1,true,library
education > place_of_learning,place_of_learning,Place of Learning,1,true,place_of_learning
education > place_of_learning > academy,academy,Academy,2,true,academy
education > place_of_learning > academy > civil_examinations_academy,civil_examinations_academy,Civil Examinations Academy,3,false,academy
education > place_of_learning > adult_education_center,adult_education_center,Adult Education Center,2,false,place_of_learning
education > place_of_learning > class_venue,class_venue,Class Venue,2,true,class_venue
education > place_of_learning > class_venue > tasting_class,tasting_class,Tasting Class,3,false,class_venue
education > place_of_learning > class_venue > tasting_class > cheese_tasting_class,cheese_tasting_class,Cheese Tasting Class,4,false,class_venue
education > place_of_learning > class_venue > tasting_class > wine_tasting_class,wine_tasting_class,Wine Tasting Class,4,false,class_venue
education > place_of_learning > college_university,college_university,College University,2,true,college_university
education > place_of_learning > college_university > architecture_school,architecture_school,Architecture School,3,false,college_university
education > place_of_learning > college_university > business_school,business_school,Business School,3,false,college_university
education > place_of_learning > college_university > engineering_school,engineering_school,Engineering School,3,false,college_university
education > place_of_learning > college_university > law_school,law_school,Law School,3,false,college_university
education > place_of_learning > college_university > medical_sciences_school,medical_sciences_school,Medical Sciences School,3,false,college_university
education > place_of_learning > college_university > medical_sciences_school > dentistry_school,dentistry_school,Dentistry School,4,false,college_university
education > place_of_learning > college_university > medical_sciences_school > pharmacy_school,pharmacy_school,Pharmacy School,4,false,college_university
education > place_of_learning > college_university > medical_sciences_school > veterinary_school,veterinary_school,Veterinary School,4,false,college_university
education > place_of_learning > college_university > science_school,science_school,Science School,3,false,college_university
education > place_of_learning > school,school,School,2,false,place_of_learning
education > place_of_learning > school > charter_school,charter_school,Charter School,3,false,place_of_learning
education > place_of_learning > school > elementary_school,elementary_school,Elementary School,3,true,elementary_school
education > place_of_learning > school > high_school,high_school,High School,3,true,high_school
education > place_of_learning > school > kindergarten,kindergarten,Kindergarten,3,true,kindergarten
education > place_of_learning > school > middle_school,middle_school,Middle School,3,true,middle_school
education > place_of_learning > school > montessori_school,montessori_school,Montessori School,3,false,place_of_learning
education > place_of_learning > school > preschool,preschool,Preschool,3,true,preschool
education > place_of_learning > school > private_school,private_school,Private School,3,false,place_of_learning
education > place_of_learning > school > public_school,public_school,Public School,3,false,place_of_learning
education > place_of_learning > school > religious_school,religious_school,Religious School,3,false,place_of_learning
education > place_of_learning > school > waldorf_school,waldorf_school,Waldorf School,3,false,place_of_learning
education > place_of_learning > specialty_school,specialty_school,Specialty School,2,true,specialty_school
education > place_of_learning > specialty_school > art_school,art_school,Art School,3,false,specialty_school
education > place_of_learning > specialty_school > bartending_school,bartending_school,Bartending School,3,false,specialty_school
education > place_of_learning > specialty_school > cheerleading,cheerleading,Cheerleading,3,false,specialty_school
education > place_of_learning > specialty_school > childbirth_education,childbirth_education,Childbirth Education,3,false,specialty_school
education > place_of_learning > specialty_school > circus_school,circus_school,Circus School,3,false,specialty_school
education > place_of_learning > specialty_school > computer_coaching,computer_coaching,Computer Coaching,3,false,specialty_school
education > place_of_learning > specialty_school > cooking_school,cooking_school,Cooking School,3,false,specialty_school
education > place_of_learning > specialty_school > cosmetology_school,cosmetology_school,Cosmetology School,3,false,specialty_school
education > place_of_learning > specialty_school > cpr_class,cpr_class,CPR Class,3,false,specialty_school
education > place_of_learning > specialty_school > drama_school,drama_school,Drama School,3,false,specialty_school
education > place_of_learning > specialty_school > driving_school,driving_school,Driving School,3,false,specialty_school
education > place_of_learning > specialty_school > dui_school,dui_school,DUI School,3,false,specialty_school
education > place_of_learning > specialty_school > firearm_training,firearm_training,Firearm Training,3,false,specialty_school
education > place_of_learning > specialty_school > first_aid_class,first_aid_class,First Aid Class,3,false,specialty_school
education > place_of_learning > specialty_school > flight_school,flight_school,Flight School,3,false,specialty_school
education > place_of_learning > specialty_school > food_safety_training,food_safety_training,Food Safety Training,3,false,specialty_school
education > place_of_learning > specialty_school > language_school,language_school,Language School,3,false,specialty_school
education > place_of_learning > specialty_school > massage_school,massage_school,Massage School,3,false,specialty_school
education > place_of_learning > specialty_school > medical_school,medical_school,Medical School,3,false,specialty_school
education > place_of_learning > specialty_school > music_school,music_school,Music School,3,false,specialty_school
education > place_of_learning > specialty_school > nursing_school,nursing_school,Nursing School,3,false,specialty_school
education > place_of_learning > specialty_school > parenting_class,parenting_class,Parenting Class,3,false,specialty_school
education > place_of_learning > specialty_school > photography_class,photography_class,Photography Class,3,false,specialty_school
education > place_of_learning > specialty_school > speech_training,speech_training,Speech Training,3,false,specialty_school
education > place_of_learning > specialty_school > sports_school,sports_school,Sports School,3,false,specialty_school
education > place_of_learning > specialty_school > traffic_school,traffic_school,Traffic School,3,false,specialty_school
education > place_of_learning > specialty_school > vocational_and_technical_school,vocational_and_technical_school,Vocational and Technical School,3,false,specialty_school
education > research_institute,research_institute,Research Institute,1,true,research_institute
education > research_institute > educational_research_institute,educational_research_institute,Educational Research Institute,2,false,research_institute
education > research_institute > medical_research_institute,medical_research_institute,Medical Research Institute,2,false,research_institute
food_and_drink,food_and_drink,Food and Drink,0,true,food_and_drink
food_and_drink > alcoholic_beverage_venue,alcoholic_beverage_venue,Alcoholic Beverage Venue,1,true,alcoholic_beverage_venue
food_and_drink > alcoholic_beverage_venue > bar,bar,Bar,2,true,bar
food_and_drink > alcoholic_beverage_venue > bar > bar_tabac,bar_tabac,Bar Tabac,3,false,bar
food_and_drink > alcoholic_beverage_venue > bar > beach_bar,beach_bar,Beach Bar,3,false,bar
food_and_drink > alcoholic_beverage_venue > bar > beer_bar,beer_bar,Beer Bar,3,false,bar
food_and_drink > alcoholic_beverage_venue > bar > champagne_bar,champagne_bar,Champagne Bar,3,false,bar
food_and_drink > alcoholic_beverage_venue > bar > cigar_bar,cigar_bar,Cigar Bar,3,false,bar
food_and_drink > alcoholic_beverage_venue > bar > cocktail_bar,cocktail_bar,Cocktail Bar,3,false,bar
food_and_drink > alcoholic_beverage_venue > bar > dive_bar,dive_bar,Dive Bar,3,false,bar
food_and_drink > alcoholic_beverage_venue > bar > drive_thru_bar,drive_thru_bar,Drive Thru Bar,3,false,bar
food_and_drink > alcoholic_beverage_venue > bar > gay_bar,gay_bar,Gay Bar,3,false,bar
food_and_drink > alcoholic_beverage_venue > bar > hookah_bar,hookah_bar,Hookah Bar,3,false,bar
food_and_drink > alcoholic_beverage_venue > bar > hotel_bar,hotel_bar,Hotel Bar,3,false,bar
food_and_drink > alcoholic_beverage_venue > bar > piano_bar,piano_bar,Piano Bar,3,false,bar
food_and_drink > alcoholic_beverage_venue > bar > pub,pub,Pub,3,false,bar
food_and_drink > alcoholic_beverage_venue > bar > pub > irish_pub,irish_pub,Irish Pub,4,false,bar
food_and_drink > alcoholic_beverage_venue > bar > sake_bar,sake_bar,Sake Bar,3,false,bar
food_and_drink > alcoholic_beverage_venue > bar > speakeasy,speakeasy,Speakeasy,3,false,bar
food_and_drink > alcoholic_beverage_venue > bar > sports_bar,sports_bar,Sports Bar,3,false,bar
food_and_drink > alcoholic_beverage_venue > bar > tiki_bar,tiki_bar,Tiki Bar,3,false,bar
food_and_drink > alcoholic_beverage_venue > bar > vermouth_bar,vermouth_bar,Vermouth Bar,3,false,bar
food_and_drink > alcoholic_beverage_venue > bar > whiskey_bar,whiskey_bar,Whiskey Bar,3,false,bar
food_and_drink > alcoholic_beverage_venue > bar > wine_bar,wine_bar,Wine Bar,3,false,bar
food_and_drink > alcoholic_beverage_venue > beer_garden,beer_garden,Beer Garden,2,false,alcoholic_beverage_venue
food_and_drink > alcoholic_beverage_venue > brewery,brewery,Brewery,2,true,brewery
food_and_drink > alcoholic_beverage_venue > cidery,cidery,Cidery,2,false,alcoholic_beverage_venue
food_and_drink > alcoholic_beverage_venue > distillery,distillery,Distillery,2,true,distillery
food_and_drink > alcoholic_beverage_venue > lounge,lounge,Lounge,2,true,lounge
food_and_drink > alcoholic_beverage_venue > lounge > airport_lounge,airport_lounge,Airport Lounge,3,false,lounge
food_and_drink > alcoholic_beverage_venue > winery,winery,Winery,2,true,winery
food_and_drink > alcoholic_beverage_venue > winery > wine_tasting_room,wine_tasting_room,Wine Tasting Room,3,false,winery
food_and_drink > casual_eatery,casual_eatery,Casual Eatery,1,true,casual_eatery
food_and_drink > casual_eatery > bagel_shop,bagel_shop,Bagel Shop,2,false,casual_eatery
food_and_drink > casual_eatery > bakery,bakery,Bakery,2,false,casual_eatery
food_and_drink > casual_eatery > bakery > baguette_shop,baguette_shop,Baguette Shop,3,false,casual_eatery
food_and_drink > casual_eatery > bakery > flatbread_shop,flatbread_shop,Flatbread Shop,3,false,casual_eatery
food_and_drink > casual_eatery > bakery > macaron_shop,macaron_shop,Macaron Shop,3,false,casual_eatery
food_and_drink > casual_eatery > bakery > pretzel_shop,pretzel_shop,Pretzel Shop,3,false,casual_eatery
food_and_drink > casual_eatery > bistro,bistro,Bistro,2,false,casual_eatery
food_and_drink > casual_eatery > cafe,cafe,Cafe,2,true,cafe
food_and_drink > casual_eatery > cafe > animal_cafe,animal_cafe,Animal Cafe,3,false,cafe
food_and_drink > casual_eatery > cafe > animal_cafe > cat_cafe,cat_cafe,Cat Cafe,4,false,cafe
food_and_drink > casual_eatery > cafe > animal_cafe > dog_cafe,dog_cafe,Dog Cafe,4,false,cafe
food_and_drink > casual_eatery > cafe > hong_kong_style_cafe,hong_kong_style_cafe,Hong Kong Style Cafe,3,false,cafe
food_and_drink > casual_eatery > cafe > internet_cafe,internet_cafe,Internet Cafe,3,false,cafe
food_and_drink > casual_eatery > candy_store,candy_store,Candy Store,2,false,casual_eatery
food_and_drink > casual_eatery > candy_store > chocolatier,chocolatier,Chocolatier,3,false,casual_eatery
food_and_drink > casual_eatery > candy_store > indian_sweets_shop,indian_sweets_shop,Indian Sweets Shop,3,false,casual_eatery
food_and_drink > casual_eatery > candy_store > japanese_confectionery_shop,japanese_confectionery_shop,Japanese Confectionery Shop,3,false,casual_eatery
food_and_drink > casual_eatery > canteen,canteen,Canteen,2,false,casual_eatery
food_and_drink > casual_eatery > delicatessen,delicatessen,Delicatessen,2,false,casual_eatery
food_and_drink > casual_eatery > dessert_shop,dessert_shop,Dessert Shop,2,false,casual_eatery
food_and_drink > casual_eatery > dessert_shop > cupcake_shop,cupcake_shop,Cupcake Shop,3,false,casual_eatery
food_and_drink > casual_eatery > dessert_shop > donut_shop,donut_shop,Donut Shop,3,false,casual_eatery
food_and_drink > casual_eatery > dessert_shop > frozen_yogurt_shop,frozen_yogurt_shop,Frozen Yogurt Shop,3,false,casual_eatery
food_and_drink > casual_eatery > dessert_shop > gelato_shop,gelato_shop,Gelato Shop,3,false,casual_eatery
food_and_drink > casual_eatery > dessert_shop > ice_cream_shop,ice_cream_shop,Ice Cream Shop,3,false,casual_eatery
food_and_drink > casual_eatery > dessert_shop > pie_shop,pie_shop,Pie Shop,3,false,casual_eatery
food_and_drink > casual_eatery > dessert_shop > shaved_ice_shop,shaved_ice_shop,Shaved Ice Shop,3,false,casual_eatery
food_and_drink > casual_eatery > diner,diner,Diner,2,false,casual_eatery
food_and_drink > casual_eatery > fast_food_restaurant,fast_food_restaurant,Fast Food Restaurant,2,true,fast_food_restaurant
food_and_drink > casual_eatery > fondue_restaurant,fondue_restaurant,Fondue Restaurant,2,false,casual_eatery
food_and_drink > casual_eatery > food_court,food_court,Food Court,2,true,food_court
food_and_drink > casual_eatery > food_truck_stand,food_truck_stand,Food Truck or Stand,2,true,food_truck_stand
food_and_drink > casual_eatery > friterie,friterie,Friterie,2,false,casual_eatery
food_and_drink > casual_eatery > gastropub,gastropub,Gastropub,2,false,casual_eatery
food_and_drink > casual_eatery > popcorn_shop,popcorn_shop,Popcorn Shop,2,false,casual_eatery
food_and_drink > casual_eatery > sandwich_shop,sandwich_shop,Sandwich Shop,2,false,casual_eatery
food_and_drink > casual_eatery > sugar_shack,sugar_shack,Sugar Shack,2,false,casual_eatery
food_and_drink > casual_eatery > tapas_bar,tapas_bar,Tapas Bar,2,false,casual_eatery
food_and_drink > non_alcoholic_beverage_venue,non_alcoholic_beverage_venue,Non-Alcoholic Beverage Venue,1,true,non_alcoholic_beverage_venue
food_and_drink > non_alcoholic_beverage_venue > bubble_tea_shop,bubble_tea_shop,Bubble Tea Shop,2,false,non_alcoholic_beverage_venue
food_and_drink > non_alcoholic_beverage_venue > coffee_shop,coffee_shop,Coffee Shop,2,true,coffee_shop
food_and_drink > non_alcoholic_beverage_venue > coffee_shop > coffee_roastery,coffee_roastery,Coffee Roastery,3,false,coffee_shop
food_and_drink > non_alcoholic_beverage_venue > kombucha_bar,kombucha_bar,Kombucha Bar,2,false,non_alcoholic_beverage_venue
food_and_drink > non_alcoholic_beverage_venue > milk_bar,milk_bar,Milk Bar,2,false,non_alcoholic_beverage_venue
food_and_drink > non_alcoholic_beverage_venue > milkshake_bar,milkshake_bar,Milkshake Bar,2,false,non_alcoholic_beverage_venue
food_and_drink > non_alcoholic_beverage_venue > smoothie_juice_bar,smoothie_juice_bar,Smoothie or Juice Bar,2,true,smoothie_juice_bar
food_and_drink > non_alcoholic_beverage_venue > tea_room,tea_room,Tea Room,2,false,non_alcoholic_beverage_venue
food_and_drink > restaurant,restaurant,Restaurant,1,true,restaurant
food_and_drink > restaurant > african_restaurant,african_restaurant,African Restaurant,2,false,restaurant
food_and_drink > restaurant > african_restaurant > east_african_restaurant,east_african_restaurant,East African Restaurant,3,false,restaurant
food_and_drink > restaurant > african_restaurant > east_african_restaurant > eritrean_restaurant,eritrean_restaurant,Eritrean Restaurant,4,false,restaurant
food_and_drink > restaurant > african_restaurant > east_african_restaurant > ethiopian_restaurant,ethiopian_restaurant,Ethiopian Restaurant,4,false,restaurant
food_and_drink > restaurant > african_restaurant > east_african_restaurant > somalian_restaurant,somalian_restaurant,Somalian Restaurant,4,false,restaurant
food_and_drink > restaurant > african_restaurant > north_african_restaurant,north_african_restaurant,North African Restaurant,3,false,restaurant
food_and_drink > restaurant > african_restaurant > north_african_restaurant > algerian_restaurant,algerian_restaurant,Algerian Restaurant,4,false,restaurant
food_and_drink > restaurant > african_restaurant > north_african_restaurant > egyptian_restaurant,egyptian_restaurant,Egyptian Restaurant,4,false,restaurant
food_and_drink > restaurant > african_restaurant > north_african_restaurant > moroccan_restaurant,moroccan_restaurant,Moroccan Restaurant,4,false,restaurant
food_and_drink > restaurant > african_restaurant > southern_african_restaurant,southern_african_restaurant,Southern African Restaurant,3,false,restaurant
food_and_drink > restaurant > african_restaurant > southern_african_restaurant > south_african_restaurant,south_african_restaurant,South African Restaurant,4,false,restaurant
food_and_drink > restaurant > african_restaurant > west_african_restaurant,west_african_restaurant,West African Restaurant,3,false,restaurant
food_and_drink > restaurant > african_restaurant > west_african_restaurant > ghanaian_restaurant,ghanaian_restaurant,Ghanaian Restaurant,4,false,restaurant
food_and_drink > restaurant > african_restaurant > west_african_restaurant > nigerian_restaurant,nigerian_restaurant,Nigerian Restaurant,4,false,restaurant
food_and_drink > restaurant > african_restaurant > west_african_restaurant > senegalese_restaurant,senegalese_restaurant,Senegalese Restaurant,4,false,restaurant
food_and_drink > restaurant > asian_restaurant,asian_restaurant,Asian Restaurant,2,false,restaurant
food_and_drink > restaurant > asian_restaurant > central_asian_restaurant,central_asian_restaurant,Central Asian Restaurant,3,false,restaurant
food_and_drink > restaurant > asian_restaurant > central_asian_restaurant > afghani_restaurant,afghani_restaurant,Afghani Restaurant,4,false,restaurant
food_and_drink > restaurant > asian_restaurant > central_asian_restaurant > kazakhstani_restaurant,kazakhstani_restaurant,Kazakhstani Restaurant,4,false,restaurant
food_and_drink > restaurant > asian_restaurant > central_asian_restaurant > uzbek_restaurant,uzbek_restaurant,Uzbek Restaurant,4,false,restaurant
food_and_drink > restaurant > asian_restaurant > east_asian_restaurant,east_asian_restaurant,East Asian Restaurant,3,false,restaurant
food_and_drink > restaurant > asian_restaurant > east_asian_restaurant > chinese_restaurant,chinese_restaurant,Chinese Restaurant,4,false,restaurant
food_and_drink > restaurant > asian_restaurant > east_asian_restaurant > chinese_restaurant > baozi_restaurant,baozi_restaurant,Baozi Restaurant,5,false,restaurant
food_and_drink > restaurant > asian_restaurant > east_asian_restaurant > chinese_restaurant > beijing_restaurant,beijing_restaurant,Beijing Restaurant,5,false,restaurant
food_and_drink > restaurant > asian_restaurant > east_asian_restaurant > chinese_restaurant > cantonese_restaurant,cantonese_restaurant,Cantonese Restaurant,5,false,restaurant
food_and_drink > restaurant > asian_restaurant > east_asian_restaurant > chinese_restaurant > dim_sum_restaurant,dim_sum_restaurant,Dim Sum Restaurant,5,false,restaurant
food_and_drink > restaurant > asian_restaurant > east_asian_restaurant > chinese_restaurant > dongbei_restaurant,dongbei_restaurant,Dongbei Restaurant,5,false,restaurant
food_and_drink > restaurant > asian_restaurant > east_asian_restaurant > chinese_restaurant > fujian_restaurant,fujian_restaurant,Fujian Restaurant,5,false,restaurant
food_and_drink > restaurant > asian_restaurant > east_asian_restaurant > chinese_restaurant > hunan_restaurant,hunan_restaurant,Hunan Restaurant,5,false,restaurant
food_and_drink > restaurant > asian_restaurant > east_asian_restaurant > chinese_restaurant > indo_chinese_restaurant,indo_chinese_restaurant,Indo Chinese Restaurant,5,false,restaurant
food_and_drink > restaurant > asian_restaurant > east_asian_restaurant > chinese_restaurant > jiangsu_restaurant,jiangsu_restaurant,Jiangsu Restaurant,5,false,restaurant
food_and_drink > restaurant > asian_restaurant > east_asian_restaurant > chinese_restaurant > shandong_restaurant,shandong_restaurant,Shandong Restaurant,5,false,restaurant
food_and_drink > restaurant > asian_restaurant > east_asian_restaurant > chinese_restaurant > shanghainese_restaurant,shanghainese_restaurant,Shanghainese Restaurant,5,false,restaurant
food_and_drink > restaurant > asian_restaurant > east_asian_restaurant > chinese_restaurant > sichuan_restaurant,sichuan_restaurant,Sichuan Restaurant,5,false,restaurant
food_and_drink > restaurant > asian_restaurant > east_asian_restaurant > chinese_restaurant > xinjiang_restaurant,xinjiang_restaurant,Xinjiang Restaurant,5,false,restaurant
food_and_drink > restaurant > asian_restaurant > east_asian_restaurant > japanese_restaurant,japanese_restaurant,Japanese Restaurant,4,false,restaurant
food_and_drink > restaurant > asian_restaurant > east_asian_restaurant > japanese_restaurant > sushi_restaurant,sushi_restaurant,Sushi Restaurant,5,false,restaurant
food_and_drink > restaurant > asian_restaurant > east_asian_restaurant > korean_restaurant,korean_restaurant,Korean Restaurant,4,false,restaurant
food_and_drink > restaurant > asian_restaurant > east_asian_restaurant > mongolian_restaurant,mongolian_restaurant,Mongolian Restaurant,4,false,restaurant
food_and_drink > restaurant > asian_restaurant > east_asian_restaurant > taiwanese_restaurant,taiwanese_restaurant,Taiwanese Restaurant,4,false,restaurant
food_and_drink > restaurant > asian_restaurant > ramen_restaurant,ramen_restaurant,Ramen Restaurant,3,false,restaurant
food_and_drink > restaurant > asian_restaurant > south_asian_restaurant,south_asian_restaurant,South Asian Restaurant,3,false,restaurant
food_and_drink > restaurant > asian_restaurant > south_asian_restaurant > bangladeshi_restaurant,bangladeshi_restaurant,Bangladeshi Restaurant,4,false,restaurant
food_and_drink > restaurant > asian_restaurant > south_asian_restaurant > himalayan_restaurant,himalayan_restaurant,Himalayan Restaurant,4,false,restaurant
food_and_drink > restaurant > asian_restaurant > south_asian_restaurant > himalayan_restaurant > nepalese_restaurant,nepalese_restaurant,Nepalese Restaurant,5,false,restaurant
food_and_drink > restaurant > asian_restaurant > south_asian_restaurant > indian_restaurant,indian_restaurant,Indian Restaurant,4,false,restaurant
food_and_drink > restaurant > asian_restaurant > south_asian_restaurant > indian_restaurant > bengali_restaurant,bengali_restaurant,Bengali Restaurant,5,false,restaurant
food_and_drink > restaurant > asian_restaurant > south_asian_restaurant > indian_restaurant > chettinad_restaurant,chettinad_restaurant,Chettinad Restaurant,5,false,restaurant
food_and_drink > restaurant > asian_restaurant > south_asian_restaurant > indian_restaurant > gujarati_restaurant,gujarati_restaurant,Gujarati Restaurant,5,false,restaurant
food_and_drink > restaurant > asian_restaurant > south_asian_restaurant > indian_restaurant > hyderabadi_restaurant,hyderabadi_restaurant,Hyderabadi Restaurant,5,false,restaurant
food_and_drink > restaurant > asian_restaurant > south_asian_restaurant > indian_restaurant > north_indian_restaurant,north_indian_restaurant,North Indian Restaurant,5,false,restaurant
food_and_drink > restaurant > asian_restaurant > south_asian_restaurant > indian_restaurant > punjabi_restaurant,punjabi_restaurant,Punjabi Restaurant,5,false,restaurant
food_and_drink > restaurant > asian_restaurant > south_asian_restaurant > indian_restaurant > rajasthani_restaurant,rajasthani_restaurant,Rajasthani Restaurant,5,false,restaurant
food_and_drink > restaurant > asian_restaurant > south_asian_restaurant > indian_restaurant > south_indian_restaurant,south_indian_restaurant,South Indian Restaurant,5,false,restaurant
food_and_drink > restaurant > asian_restaurant > south_asian_restaurant > pakistani_restaurant,pakistani_restaurant,Pakistani Restaurant,4,false,restaurant
food_and_drink > restaurant > asian_restaurant > south_asian_restaurant > sri_lankan_restaurant,sri_lankan_restaurant,Sri Lankan Restaurant,4,false,restaurant
food_and_drink > restaurant > asian_restaurant > south_asian_restaurant > tibetan_restaurant,tibetan_restaurant,Tibetan Restaurant,4,false,restaurant
food_and_drink > restaurant > asian_restaurant > southeast_asian_restaurant,southeast_asian_restaurant,Southeast Asian Restaurant,3,false,restaurant
food_and_drink > restaurant > asian_restaurant > southeast_asian_restaurant > burmese_restaurant,burmese_restaurant,Burmese Restaurant,4,false,restaurant
food_and_drink > restaurant > asian_restaurant > southeast_asian_restaurant > cambodian_restaurant,cambodian_restaurant,Cambodian Restaurant,4,false,restaurant
food_and_drink > restaurant > asian_restaurant > southeast_asian_restaurant > filipino_restaurant,filipino_restaurant,Filipino Restaurant,4,false,restaurant
food_and_drink > restaurant > asian_restaurant > southeast_asian_restaurant > indonesian_restaurant,indonesian_restaurant,Indonesian Restaurant,4,false,restaurant
food_and_drink > restaurant > asian_restaurant > southeast_asian_restaurant > indonesian_restaurant > sundanese_restaurant,sundanese_restaurant,Sundanese Restaurant,5,false,restaurant
food_and_drink > restaurant > asian_restaurant > southeast_asian_restaurant > laotian_restaurant,laotian_restaurant,Laotian Restaurant,4,false,restaurant
food_and_drink > restaurant > asian_restaurant > southeast_asian_restaurant > malaysian_restaurant,malaysian_restaurant,Malaysian Restaurant,4,false,restaurant
food_and_drink > restaurant > asian_restaurant > southeast_asian_restaurant > nasi_restaurant,nasi_restaurant,Nasi Restaurant,4,false,restaurant
food_and_drink > restaurant > asian_restaurant > southeast_asian_restaurant > singaporean_restaurant,singaporean_restaurant,Singaporean Restaurant,4,false,restaurant
food_and_drink > restaurant > asian_restaurant > southeast_asian_restaurant > thai_restaurant,thai_restaurant,Thai Restaurant,4,false,restaurant
food_and_drink > restaurant > asian_restaurant > southeast_asian_restaurant > vietnamese_restaurant,vietnamese_restaurant,Vietnamese Restaurant,4,false,restaurant
food_and_drink > restaurant > asian_restaurant > wok_restaurant,wok_restaurant,Wok Restaurant,3,false,restaurant
food_and_drink > restaurant > bar_and_grill_restaurant,bar_and_grill_restaurant,Bar and Grill Restaurant,2,false,restaurant
food_and_drink > restaurant > breakfast_and_brunch_restaurant,breakfast_and_brunch_restaurant,Breakfast and Brunch Restaurant,2,false,restaurant
food_and_drink > restaurant > breakfast_and_brunch_restaurant > pancake_house,pancake_house,Pancake House,3,false,restaurant
food_and_drink > restaurant > breakfast_and_brunch_restaurant > waffle_restaurant,waffle_restaurant,Waffle Restaurant,3,false,restaurant
food_and_drink > restaurant > buffet_restaurant,buffet_restaurant,Buffet Restaurant,2,false,restaurant
food_and_drink > restaurant > cafeteria,cafeteria,Cafeteria,2,false,restaurant
food_and_drink > restaurant > comfort_food_restaurant,comfort_food_restaurant,Comfort Food Restaurant,2,false,restaurant
food_and_drink > restaurant > diy_foods_restaurant,diy_foods_restaurant,DIY Foods Restaurant,2,false,restaurant
food_and_drink > restaurant > dumpling_restaurant,dumpling_restaurant,Dumpling Restaurant,2,false,restaurant
food_and_drink > restaurant > european_restaurant,european_restaurant,European Restaurant,2,false,restaurant
food_and_drink > restaurant > european_restaurant > central_european_restaurant,central_european_restaurant,Central European Restaurant,3,false,restaurant
food_and_drink > restaurant > european_restaurant > central_european_restaurant > austrian_restaurant,austrian_restaurant,Austrian Restaurant,4,false,restaurant
food_and_drink > restaurant > european_restaurant > central_european_restaurant > czech_restaurant,czech_restaurant,Czech Restaurant,4,false,restaurant
food_and_drink > restaurant > european_restaurant > central_european_restaurant > german_restaurant,german_restaurant,German Restaurant,4,false,restaurant
food_and_drink > restaurant > european_restaurant > central_european_restaurant > german_restaurant > fischbrotchen_restaurant,fischbrotchen_restaurant,Fischbrotchen Restaurant,5,false,restaurant
food_and_drink > restaurant > european_restaurant > central_european_restaurant > hungarian_restaurant,hungarian_restaurant,Hungarian Restaurant,4,false,restaurant
food_and_drink > restaurant > european_restaurant > central_european_restaurant > polish_restaurant,polish_restaurant,Polish Restaurant,4,false,restaurant
food_and_drink > restaurant > european_restaurant > central_european_restaurant > schnitzel_restaurant,schnitzel_restaurant,Schnitzel Restaurant,4,false,restaurant
food_and_drink > restaurant > european_restaurant > central_european_restaurant > slovakian_restaurant,slovakian_restaurant,Slovakian Restaurant,4,false,restaurant
food_and_drink > restaurant > european_restaurant > central_european_restaurant > swiss_restaurant,swiss_restaurant,Swiss Restaurant,4,false,restaurant
food_and_drink > restaurant > european_restaurant > eastern_european_restaurant,eastern_european_restaurant,Eastern European Restaurant,3,false,restaurant
food_and_drink > restaurant > european_restaurant > eastern_european_restaurant > belarusian_restaurant,belarusian_restaurant,Belarusian Restaurant,4,false,restaurant
food_and_drink > restaurant > european_restaurant > eastern_european_restaurant > bulgarian_restaurant,bulgarian_restaurant,Bulgarian Restaurant,4,false,restaurant
food_and_drink > restaurant > european_restaurant > eastern_european_restaurant > lithuanian_restaurant,lithuanian_restaurant,Lithuanian Restaurant,4,false,restaurant
food_and_drink > restaurant > european_restaurant > eastern_european_restaurant > romanian_restaurant,romanian_restaurant,Romanian Restaurant,4,false,restaurant
food_and_drink > restaurant > european_restaurant > eastern_european_restaurant > russian_restaurant,russian_restaurant,Russian Restaurant,4,false,restaurant
food_and_drink > restaurant > european_restaurant > eastern_european_restaurant > russian_restaurant > tatar_restaurant,tatar_restaurant,Tatar Restaurant,5,false,restaurant
food_and_drink > restaurant > european_restaurant > eastern_european_restaurant > serbo_croatian_restaurant,serbo_croatian_restaurant,Serbo-Croatian Restaurant,4,false,restaurant
food_and_drink > restaurant > european_restaurant > eastern_european_restaurant > ukrainian_restaurant,ukrainian_restaurant,Ukrainian Restaurant,4,false,restaurant
food_and_drink > restaurant > european_restaurant > iberian_restaurant,iberian_restaurant,Iberian Restaurant,3,false,restaurant
food_and_drink > restaurant > european_restaurant > iberian_restaurant > portuguese_restaurant,portuguese_restaurant,Portuguese Restaurant,4,false,restaurant
food_and_drink > restaurant > european_restaurant > iberian_restaurant > spanish_restaurant,spanish_restaurant,Spanish Restaurant,4,false,restaurant
food_and_drink > restaurant > european_restaurant > iberian_restaurant > spanish_restaurant > basque_restaurant,basque_restaurant,Basque Restaurant,5,false,restaurant
food_and_drink > restaurant > european_restaurant > iberian_restaurant > spanish_restaurant > catalan_restaurant,catalan_restaurant,Catalan Restaurant,5,false,restaurant
food_and_drink > restaurant > european_restaurant > mediterranean_restaurant,mediterranean_restaurant,Mediterranean Restaurant,3,false,restaurant
food_and_drink > restaurant > european_restaurant > mediterranean_restaurant > greek_restaurant,greek_restaurant,Greek Restaurant,4,false,restaurant
food_and_drink > restaurant > european_restaurant > mediterranean_restaurant > italian_restaurant,italian_restaurant,Italian Restaurant,4,false,restaurant
food_and_drink > restaurant > european_restaurant > mediterranean_restaurant > italian_restaurant > piadina_restaurant,piadina_restaurant,Piadina Restaurant,5,false,restaurant
food_and_drink > restaurant > european_restaurant > mediterranean_restaurant > italian_restaurant > pizza_restaurant,pizza_restaurant,Pizza Restaurant,5,false,restaurant
food_and_drink > restaurant > european_restaurant > mediterranean_restaurant > maltese_restaurant,maltese_restaurant,Maltese Restaurant,4,false,restaurant
food_and_drink > restaurant > european_restaurant > scandinavian_restaurant,scandinavian_restaurant,Scandinavian Restaurant,3,false,restaurant
food_and_drink > restaurant > european_restaurant > scandinavian_restaurant > danish_restaurant,danish_restaurant,Danish Restaurant,4,false,restaurant
food_and_drink > restaurant > european_restaurant > scandinavian_restaurant > finnish_restaurant,finnish_restaurant,Finnish Restaurant,4,false,restaurant
food_and_drink > restaurant > european_restaurant > scandinavian_restaurant > icelandic_restaurant,icelandic_restaurant,Icelandic Restaurant,4,false,restaurant
food_and_drink > restaurant > european_restaurant > scandinavian_restaurant > norwegian_restaurant,norwegian_restaurant,Norwegian Restaurant,4,false,restaurant
food_and_drink > restaurant > european_restaurant > scandinavian_restaurant > swedish_restaurant,swedish_restaurant,Swedish Restaurant,4,false,restaurant
food_and_drink > restaurant > european_restaurant > western_european_restaurant,western_european_restaurant,Western European Restaurant,3,false,restaurant
food_and_drink > restaurant > european_restaurant > western_european_restaurant > belgian_restaurant,belgian_restaurant,Belgian Restaurant,4,false,restaurant
food_and_drink > restaurant > european_restaurant > western_european_restaurant > british_restaurant,british_restaurant,British Restaurant,4,false,restaurant
food_and_drink > restaurant > european_restaurant > western_european_restaurant > dutch_restaurant,dutch_restaurant,Dutch Restaurant,4,false,restaurant
food_and_drink > restaurant > european_restaurant > western_european_restaurant > french_restaurant,french_restaurant,French Restaurant,4,false,restaurant
food_and_drink > restaurant > european_restaurant > western_european_restaurant > french_restaurant > brasserie,brasserie,Brasserie,5,false,restaurant
food_and_drink > restaurant > european_restaurant > western_european_restaurant > irish_restaurant,irish_restaurant,Irish Restaurant,4,false,restaurant
food_and_drink > restaurant > european_restaurant > western_european_restaurant > scottish_restaurant,scottish_restaurant,Scottish Restaurant,4,false,restaurant
food_and_drink > restaurant > european_restaurant > western_european_restaurant > welsh_restaurant,welsh_restaurant,Welsh Restaurant,4,false,restaurant
food_and_drink > restaurant > haute_cuisine_restaurant,haute_cuisine_restaurant,Haute Cuisine Restaurant,2,false,restaurant
food_and_drink > restaurant > international_fusion_restaurant,international_fusion_restaurant,International Fusion Restaurant,2,false,restaurant
food_and_drink > restaurant > international_fusion_restaurant > asian_fusion_restaurant,asian_fusion_restaurant,Asian Fusion Restaurant,3,false,restaurant
food_and_drink > restaurant > international_fusion_restaurant > latin_fusion_restaurant,latin_fusion_restaurant,Latin Fusion Restaurant,3,false,restaurant
food_and_drink > restaurant > international_fusion_restaurant > pan_asian_restaurant,pan_asian_restaurant,Pan Asian Restaurant,3,false,restaurant
food_and_drink > restaurant > latin_american_restaurant,latin_american_restaurant,Latin American Restaurant,2,false,restaurant
food_and_drink > restaurant > latin_american_restaurant > caribbean_restaurant,caribbean_restaurant,Caribbean Restaurant,3,false,restaurant
food_and_drink > restaurant > latin_american_restaurant > caribbean_restaurant > cuban_restaurant,cuban_restaurant,Cuban Restaurant,4,false,restaurant
food_and_drink > restaurant > latin_american_restaurant > caribbean_restaurant > dominican_restaurant,dominican_restaurant,Dominican Restaurant,4,false,restaurant
food_and_drink > restaurant > latin_american_restaurant > caribbean_restaurant > haitian_restaurant,haitian_restaurant,Haitian Restaurant,4,false,restaurant
food_and_drink > restaurant > latin_american_restaurant > caribbean_restaurant > jamaican_restaurant,jamaican_restaurant,Jamaican Restaurant,4,false,restaurant
food_and_drink > restaurant > latin_american_restaurant > caribbean_restaurant > puerto_rican_restaurant,puerto_rican_restaurant,Puerto Rican Restaurant,4,false,restaurant
food_and_drink > restaurant > latin_american_restaurant > caribbean_restaurant > trinidadian_restaurant,trinidadian_restaurant,Trinidadian Restaurant,4,false,restaurant
food_and_drink > restaurant > latin_american_restaurant > central_american_restaurant,central_american_restaurant,Central American Restaurant,3,false,restaurant
food_and_drink > restaurant > latin_american_restaurant > central_american_restaurant > belizean_restaurant,belizean_restaurant,Belizean Restaurant,4,false,restaurant
food_and_drink > restaurant > latin_american_restaurant > central_american_restaurant > costa_rican_restaurant,costa_rican_restaurant,Costa Rican Restaurant,4,false,restaurant
food_and_drink > restaurant > latin_american_restaurant > central_american_restaurant > guatemalan_restaurant,guatemalan_restaurant,Guatemalan Restaurant,4,false,restaurant
food_and_drink > restaurant > latin_american_restaurant > central_american_restaurant > honduran_restaurant,honduran_restaurant,Honduran Restaurant,4,false,restaurant
food_and_drink > restaurant > latin_american_restaurant > central_american_restaurant > nicaraguan_restaurant,nicaraguan_restaurant,Nicaraguan Restaurant,4,false,restaurant
food_and_drink > restaurant > latin_american_restaurant > central_american_restaurant > panamanian_restaurant,panamanian_restaurant,Panamanian Restaurant,4,false,restaurant
food_and_drink > restaurant > latin_american_restaurant > central_american_restaurant > salvadoran_restaurant,salvadoran_restaurant,Salvadoran Restaurant,4,false,restaurant
food_and_drink > restaurant > latin_american_restaurant > empanada_restaurant,empanada_restaurant,Empanada Restaurant,3,false,restaurant
food_and_drink > restaurant > latin_american_restaurant > mexican_restaurant,mexican_restaurant,Mexican Restaurant,3,false,restaurant
food_and_drink > restaurant > latin_american_restaurant > south_american_restaurant,south_american_restaurant,South American Restaurant,3,false,restaurant
food_and_drink > restaurant > latin_american_restaurant > south_american_restaurant > argentine_restaurant,argentine_restaurant,Argentine Restaurant,4,false,restaurant
food_and_drink > restaurant > latin_american_restaurant > south_american_restaurant > bolivian_restaurant,bolivian_restaurant,Bolivian Restaurant,4,false,restaurant
food_and_drink > restaurant > latin_american_restaurant > south_american_restaurant > brazilian_restaurant,brazilian_restaurant,Brazilian Restaurant,4,false,restaurant
food_and_drink > restaurant > latin_american_restaurant > south_american_restaurant > chilean_restaurant,chilean_restaurant,Chilean Restaurant,4,false,restaurant
food_and_drink > restaurant > latin_american_restaurant > south_american_restaurant > colombian_restaurant,colombian_restaurant,Colombian Restaurant,4,false,restaurant
food_and_drink > restaurant > latin_american_restaurant > south_american_restaurant > ecuadorian_restaurant,ecuadorian_restaurant,Ecuadorian Restaurant,4,false,restaurant
food_and_drink > restaurant > latin_american_restaurant > south_american_restaurant > paraguayan_restaurant,paraguayan_restaurant,Paraguayan Restaurant,4,false,restaurant
food_and_drink > restaurant > latin_american_restaurant > south_american_restaurant > peruvian_restaurant,peruvian_restaurant,Peruvian Restaurant,4,false,restaurant
food_and_drink > restaurant > latin_american_restaurant > south_american_restaurant > surinamese_restaurant,surinamese_restaurant,Surinamese Restaurant,4,false,restaurant
food_and_drink > restaurant > latin_american_restaurant > south_american_restaurant > uruguayan_restaurant,uruguayan_restaurant,Uruguayan Restaurant,4,false,restaurant
food_and_drink > restaurant > latin_american_restaurant > south_american_restaurant > venezuelan_restaurant,venezuelan_restaurant,Venezuelan Restaurant,4,false,restaurant
food_and_drink > restaurant > latin_american_restaurant > taco_restaurant,taco_restaurant,Taco Restaurant,3,false,restaurant
food_and_drink > restaurant > latin_american_restaurant > texmex_restaurant,texmex_restaurant,Texmex Restaurant,3,false,restaurant
food_and_drink > restaurant > meat_restaurant,meat_restaurant,Meat Restaurant,2,false,restaurant
food_and_drink > restaurant > meat_restaurant > barbecue_restaurant,barbecue_restaurant,Barbecue Restaurant,3,false,restaurant
food_and_drink > restaurant > meat_restaurant > burger_restaurant,burger_restaurant,Burger Restaurant,3,false,restaurant
food_and_drink > restaurant > meat_restaurant > cheesesteak_restaurant,cheesesteak_restaurant,Cheesesteak Restaurant,3,false,restaurant
food_and_drink > restaurant > meat_restaurant > chicken_restaurant,chicken_restaurant,Chicken Restaurant,3,false,restaurant
food_and_drink > restaurant > meat_restaurant > chicken_wings_restaurant,chicken_wings_restaurant,Chicken Wings Restaurant,3,false,restaurant
food_and_drink > restaurant > meat_restaurant > curry_sausage_restaurant,curry_sausage_restaurant,Curry Sausage Restaurant,3,false,restaurant
food_and_drink > restaurant > meat_restaurant > hot_dog_restaurant,hot_dog_restaurant,Hot Dog Restaurant,3,false,restaurant
food_and_drink > restaurant > meat_restaurant > meatball_restaurant,meatball_restaurant,Meatball Restaurant,3,false,restaurant
food_and_drink > restaurant > meat_restaurant > rotisserie_chicken_restaurant,rotisserie_chicken_restaurant,Rotisserie Chicken Restaurant,3,false,restaurant
food_and_drink > restaurant > meat_restaurant > steakhouse,steakhouse,Steakhouse,3,false,restaurant
food_and_drink > restaurant > meat_restaurant > venison_restaurant,venison_restaurant,Venison Restaurant,3,false,restaurant
food_and_drink > restaurant > meat_restaurant > wild_game_meats_restaurant,wild_game_meats_restaurant,Wild Game Meats Restaurant,3,false,restaurant
food_and_drink > restaurant > middle_eastern_restaurant,middle_eastern_restaurant,Middle Eastern Restaurant,2,false,restaurant
food_and_drink > restaurant > middle_eastern_restaurant > arabian_restaurant,arabian_restaurant,Arabian Restaurant,3,false,restaurant
food_and_drink > restaurant > middle_eastern_restaurant > armenian_restaurant,armenian_restaurant,Armenian Restaurant,3,false,restaurant
food_and_drink > restaurant > middle_eastern_restaurant > azerbaijani_restaurant,azerbaijani_restaurant,Azerbaijani Restaurant,3,false,restaurant
food_and_drink > restaurant > middle_eastern_restaurant > falafel_restaurant,falafel_restaurant,Falafel Restaurant,3,false,restaurant
food_and_drink > restaurant > middle_eastern_restaurant > georgian_restaurant,georgian_restaurant,Georgian Restaurant,3,false,restaurant
food_and_drink > restaurant > middle_eastern_restaurant > israeli_restaurant,israeli_restaurant,Israeli Restaurant,3,false,restaurant
food_and_drink > restaurant > middle_eastern_restaurant > kofta_restaurant,kofta_restaurant,Kofta Restaurant,3,false,restaurant
food_and_drink > restaurant > middle_eastern_restaurant > kurdish_restaurant,kurdish_restaurant,Kurdish Restaurant,3,false,restaurant
food_and_drink > restaurant > middle_eastern_restaurant > lebanese_restaurant,lebanese_restaurant,Lebanese Restaurant,3,false,restaurant
food_and_drink > restaurant > middle_eastern_restaurant > palestinian_restaurant,palestinian_restaurant,Palestinian Restaurant,3,false,restaurant
food_and_drink > restaurant > middle_eastern_restaurant > persian_restaurant,persian_restaurant,Persian Restaurant,3,false,restaurant
food_and_drink > restaurant > middle_eastern_restaurant > syrian_restaurant,syrian_restaurant,Syrian Restaurant,3,false,restaurant
food_and_drink > restaurant > middle_eastern_restaurant > turkish_restaurant,turkish_restaurant,Turkish Restaurant,3,false,restaurant
food_and_drink > restaurant > middle_eastern_restaurant > turkish_restaurant > doner_kebab_restaurant,doner_kebab_restaurant,Doner Kebab Restaurant,4,false,restaurant
food_and_drink > restaurant > middle_eastern_restaurant > turkmen_restaurant,turkmen_restaurant,Turkmen Restaurant,3,false,restaurant
food_and_drink > restaurant > middle_eastern_restaurant > yemenite_restaurant,yemenite_restaurant,Yemenite Restaurant,3,false,restaurant
food_and_drink > restaurant > north_american_restaurant,north_american_restaurant,North American Restaurant,2,false,restaurant
food_and_drink > restaurant > north_american_restaurant > american_restaurant,american_restaurant,American Restaurant,3,false,restaurant
food_and_drink > restaurant > north_american_restaurant > american_restaurant > cajun_and_creole_restaurant,cajun_and_creole_restaurant,Cajun and Creole Restaurant,4,false,restaurant
food_and_drink > restaurant > north_american_restaurant > american_restaurant > southern_american_restaurant,southern_american_restaurant,Southern American Restaurant,4,false,restaurant
food_and_drink > restaurant > north_american_restaurant > canadian_restaurant,canadian_restaurant,Canadian Restaurant,3,false,restaurant
food_and_drink > restaurant > north_american_restaurant > canadian_restaurant > poutinerie_restaurant,poutinerie_restaurant,Poutinerie Restaurant,4,false,restaurant
food_and_drink > restaurant > pacific_rim_restaurant,pacific_rim_restaurant,Pacific Rim Restaurant,2,false,restaurant
food_and_drink > restaurant > pacific_rim_restaurant > australian_restaurant,australian_restaurant,Australian Restaurant,3,false,restaurant
food_and_drink > restaurant > pacific_rim_restaurant > melanesian_restaurant,melanesian_restaurant,Melanesian Restaurant,3,false,restaurant
food_and_drink > restaurant > pacific_rim_restaurant > melanesian_restaurant > fijian_restaurant,fijian_restaurant,Fijian Restaurant,4,false,restaurant
food_and_drink > restaurant > pacific_rim_restaurant > micronesian_restaurant,micronesian_restaurant,Micronesian Restaurant,3,false,restaurant
food_and_drink > restaurant > pacific_rim_restaurant > micronesian_restaurant > guamanian_restaurant,guamanian_restaurant,Guamanian Restaurant,4,false,restaurant
food_and_drink > restaurant > pacific_rim_restaurant > new_zealand_restaurant,new_zealand_restaurant,New Zealand Restaurant,3,false,restaurant
food_and_drink > restaurant > pacific_rim_restaurant > polynesian_restaurant,polynesian_restaurant,Polynesian Restaurant,3,false,restaurant
food_and_drink > restaurant > pacific_rim_restaurant > polynesian_restaurant > hawaiian_restaurant,hawaiian_restaurant,Hawaiian Restaurant,4,false,restaurant
food_and_drink > restaurant > pacific_rim_restaurant > polynesian_restaurant > hawaiian_restaurant > poke_restaurant,poke_restaurant,Poke Restaurant,5,false,restaurant
food_and_drink > restaurant > pop_up_restaurant,pop_up_restaurant,Pop Up Restaurant,2,false,restaurant
food_and_drink > restaurant > salad_bar,salad_bar,Salad Bar,2,false,restaurant
food_and_drink > restaurant > seafood_restaurant,seafood_restaurant,Seafood Restaurant,2,false,restaurant
food_and_drink > restaurant > seafood_restaurant > fish_and_chips_restaurant,fish_and_chips_restaurant,Fish and Chips Restaurant,3,false,restaurant
food_and_drink > restaurant > seafood_restaurant > fish_restaurant,fish_restaurant,Fish Restaurant,3,false,restaurant
food_and_drink > restaurant > soul_food,soul_food,Soul Food,2,false,restaurant
food_and_drink > restaurant > soup_restaurant,soup_restaurant,Soup Restaurant,2,false,restaurant
food_and_drink > restaurant > special_diet_restaurant,special_diet_restaurant,Special Diet Restaurant,2,false,restaurant
food_and_drink > restaurant > special_diet_restaurant > acai_bowls,acai_bowls,Acai Bowls,3,false,restaurant
food_and_drink > restaurant > special_diet_restaurant > gluten_free_restaurant,gluten_free_restaurant,Gluten Free Restaurant,3,false,restaurant
food_and_drink > restaurant > special_diet_restaurant > halal_restaurant,halal_restaurant,Halal Restaurant,3,false,restaurant
food_and_drink > restaurant > special_diet_restaurant > health_food_restaurant,health_food_restaurant,Health Food Restaurant,3,false,restaurant
food_and_drink > restaurant > special_diet_restaurant > jewish_restaurant,jewish_restaurant,Jewish Restaurant,3,false,restaurant
food_and_drink > restaurant > special_diet_restaurant > kosher_restaurant,kosher_restaurant,Kosher Restaurant,3,false,restaurant
food_and_drink > restaurant > special_diet_restaurant > live_and_raw_food_restaurant,live_and_raw_food_restaurant,Live and Raw Food Restaurant,3,false,restaurant
food_and_drink > restaurant > special_diet_restaurant > molecular_gastronomy_restaurant,molecular_gastronomy_restaurant,Molecular Gastronomy Restaurant,3,false,restaurant
food_and_drink > restaurant > special_diet_restaurant > vegan_restaurant,vegan_restaurant,Vegan Restaurant,3,false,restaurant
food_and_drink > restaurant > special_diet_restaurant > vegetarian_restaurant,vegetarian_restaurant,Vegetarian Restaurant,3,false,restaurant
food_and_drink > restaurant > supper_club,supper_club,Supper Club,2,false,restaurant
food_and_drink > restaurant > theme_restaurant,theme_restaurant,Theme Restaurant,2,false,restaurant
food_and_drink > restaurant > wrap_restaurant,wrap_restaurant,Wrap Restaurant,2,false,restaurant
geographic_entities,geographic_entities,Geographic Entities,0,true,geographic_entities
geographic_entities > built_feature,built_feature,Built Feature,1,true,built_feature
geographic_entities > built_feature > bridge,bridge,Bridge,2,true,bridge
geographic_entities > built_feature > building,building,Building,2,true,building
geographic_entities > built_feature > building > skyscraper,skyscraper,Skyscraper,3,false,building
geographic_entities > built_feature > dam,dam,Dam,2,true,dam
geographic_entities > built_feature > dam > weir,weir,Weir,3,false,dam
geographic_entities > built_feature > dock,dock,Dock,2,true,dock
geographic_entities > built_feature > garden,garden,Garden,2,true,garden
geographic_entities > built_feature > garden > botanical_garden,botanical_garden,Botanical Garden,3,false,garden
geographic_entities > built_feature > garden > community_garden,community_garden,Community Garden,3,false,garden
geographic_entities > built_feature > lookout,lookout,Lookout,2,false,built_feature
geographic_entities > built_feature > marina,marina,Marina,2,true,marina
geographic_entities > built_feature > pier,pier,Pier,2,true,pier
geographic_entities > built_feature > quay,quay,Quay,2,false,built_feature
geographic_entities > land_feature,land_feature,Land Feature,1,true,land_feature
geographic_entities > land_feature > beach,beach,Beach,2,true,beach
geographic_entities > land_feature > beach > beach_combing_area,beach_combing_area,Beach Combing Area,3,false,beach
geographic_entities > land_feature > canyon,canyon,Canyon,2,true,canyon
geographic_entities > land_feature > cave,cave,Cave,2,false,land_feature
geographic_entities > land_feature > crater,crater,Crater,2,false,land_feature
geographic_entities > land_feature > desert,desert,Desert,2,false,land_feature
geographic_entities > land_feature > forest,forest,Forest,2,true,forest
geographic_entities > land_feature > geologic_formation,geologic_formation,Geologic Formation,2,false,land_feature
geographic_entities > land_feature > hill,hill,Hill,2,true,hill
geographic_entities > land_feature > island,island,Island,2,true,island
geographic_entities > land_feature > mountain,mountain,Mountain,2,true,mountain
geographic_entities > land_feature > nature_reserve,nature_reserve,Nature Reserve,2,true,nature_reserve
geographic_entities > land_feature > sand_dune,sand_dune,Sand Dune,2,false,land_feature
geographic_entities > land_feature > valley,valley,Valley,2,true,valley
geographic_entities > scenic_viewpoint,scenic_viewpoint,Scenic Viewpoint,1,true,scenic_viewpoint
geographic_entities > scenic_viewpoint > skyline,skyline,Skyline,2,false,scenic_viewpoint
geographic_entities > scenic_viewpoint > stargazing_area,stargazing_area,Stargazing Area,2,false,scenic_viewpoint
geographic_entities > water_feature,water_feature,Water Feature,1,true,water_feature
geographic_entities > water_feature > canal,canal,Canal,2,true,canal
geographic_entities > water_feature > hot_springs,hot_springs,Hot Springs,2,true,hot_springs
geographic_entities > water_feature > lake,lake,Lake,2,true,lake
geographic_entities > water_feature > ocean,ocean,Ocean,2,true,ocean
geographic_entities > water_feature > river,river,River,2,true,river
geographic_entities > water_feature > sea,sea,Sea,2,true,sea
geographic_entities > water_feature > waterfall,waterfall,Waterfall,2,true,waterfall
health_care,health_care,Health Care,0,true,health_care
health_care > emergency_or_urgent_care_facility,emergency_or_urgent_care_facility,Emergency or Urgent Care Facility,1,true,emergency_or_urgent_care_facility
health_care > emergency_or_urgent_care_facility > ambulance_or_ems_service,ambulance_or_ems_service,Ambulance or EMS Service,2,false,emergency_or_urgent_care_facility
health_care > emergency_or_urgent_care_facility > emergency_department,emergency_department,Emergency Department,2,true,emergency_department
health_care > emergency_or_urgent_care_facility > urgent_care_clinic,urgent_care_clinic,Urgent Care Clinic,2,true,urgent_care_clinic
health_care > emergency_or_urgent_care_facility > walk_in_clinic,walk_in_clinic,Walk-In Clinic,2,true,walk_in_clinic
health_care > hospital,hospital,Hospital,1,true,hospital
health_care > hospital > general_hospital,general_hospital,General Hospital,2,true,general_hospital
health_care > hospital > specialty_hospital,specialty_hospital,Specialty Hospital,2,true,specialty_hospital
health_care > hospital > specialty_hospital > childrens_hospital,childrens_hospital,Children's Hospital,3,false,specialty_hospital
health_care > hospital > specialty_hospital > long_term_care_hospital,long_term_care_hospital,Long Term Care Hospital,3,false,specialty_hospital
health_care > hospital > specialty_hospital > psychiatric_hospital,psychiatric_hospital,Psychiatric Hospital,3,false,specialty_hospital
health_care > hospital > specialty_hospital > rehabilitation_hospital,rehabilitation_hospital,Rehabilitation Hospital,3,false,specialty_hospital
health_care > hospital > specialty_hospital > veterans_hospital,veterans_hospital,Veterans Hospital,3,false,specialty_hospital
health_care > medical_service,medical_service,Medical Service,1,true,medical_service
health_care > medical_service > blood_and_plasma_donation_center,blood_and_plasma_donation_center,Blood and Plasma Donation Center,2,false,medical_service
health_care > medical_service > ems_training,ems_training,EMS Training,2,false,medical_service
health_care > medical_service > health_insurance_office,health_insurance_office,Health Insurance Office,2,false,medical_service
health_care > medical_service > home_health_care,home_health_care,Home Health Care,2,false,medical_service
health_care > medical_service > hospice,hospice,Hospice,2,false,medical_service
health_care > medical_service > medical_billing,medical_billing,Medical Billing,2,false,medical_service
health_care > medical_service > medical_cannabis,medical_cannabis,Medical Cannabis,2,false,medical_service
health_care > medical_service > medical_cannabis > cannabis_clinic,cannabis_clinic,Cannabis Clinic,3,false,medical_service
health_care > medical_service > medical_cannabis > cannabis_collective,cannabis_collective,Cannabis Collective,3,false,medical_service
health_care > medical_service > medical_cannabis > medical_cannabis_referral,medical_cannabis_referral,Medical Cannabis Referral,3,false,medical_service
health_care > medical_service > medical_service_organization,medical_service_organization,Medical Service Organization,2,false,medical_service
health_care > medical_service > medical_transportation,medical_transportation,Medical Transportation,2,false,medical_service
health_care > medical_service > sperm_clinic,sperm_clinic,Sperm Clinic,2,false,medical_service
health_care > outpatient_care_facility,outpatient_care_facility,Outpatient Care Facility,1,true,outpatient_care_facility
health_care > outpatient_care_facility > behavioral_or_mental_health_clinic,behavioral_or_mental_health_clinic,Behavioral or Mental Health Clinic,2,true,behavioral_or_mental_health_clinic
health_care > outpatient_care_facility > behavioral_or_mental_health_clinic > behavioral_or_crisis_service,behavioral_or_crisis_service,Behavioral or Crisis Service,3,false,behavioral_or_mental_health_clinic
health_care > outpatient_care_facility > behavioral_or_mental_health_clinic > behavioral_or_crisis_service > behavior_analysis,behavior_analysis,Behavior Analysis,4,false,behavioral_or_mental_health_clinic
health_care > outpatient_care_facility > behavioral_or_mental_health_clinic > behavioral_or_crisis_service > crisis_intervention_service,crisis_intervention_service,Crisis Intervention Service,4,false,behavioral_or_mental_health_clinic
health_care > outpatient_care_facility > behavioral_or_mental_health_clinic > behavioral_or_crisis_service > stress_management_service,stress_management_service,Stress Management Service,4,false,behavioral_or_mental_health_clinic
health_care > outpatient_care_facility > behavioral_or_mental_health_clinic > behavioral_or_crisis_service > suicide_prevention_service,suicide_prevention_service,Suicide Prevention Service,4,false,behavioral_or_mental_health_clinic
health_care > outpatient_care_facility > behavioral_or_mental_health_clinic > counseling,counseling,Counseling,3,false,behavioral_or_mental_health_clinic
health_care > outpatient_care_facility > behavioral_or_mental_health_clinic > counseling > family_counseling,family_counseling,Family Counseling,4,false,behavioral_or_mental_health_clinic
health_care > outpatient_care_facility > behavioral_or_mental_health_clinic > counseling > marriage_or_relationship_counseling,marriage_or_relationship_counseling,Marriage or Relationship Counseling,4,false,behavioral_or_mental_health_clinic
health_care > outpatient_care_facility > behavioral_or_mental_health_clinic > counseling > sex_therapy,sex_therapy,Sex Therapy,4,false,behavioral_or_mental_health_clinic
health_care > outpatient_care_facility > behavioral_or_mental_health_clinic > psychiatry_or_psychology_service,psychiatry_or_psychology_service,Psychiatry or Psychology Service,3,false,behavioral_or_mental_health_clinic
health_care > outpatient_care_facility > behavioral_or_mental_health_clinic > psychiatry_or_psychology_service > psychiatry,psychiatry,Psychiatry,4,false,behavioral_or_mental_health_clinic
health_care > outpatient_care_facility > behavioral_or_mental_health_clinic > psychiatry_or_psychology_service > psychiatry > child_psychiatry,child_psychiatry,Child Psychiatry,5,false,behavioral_or_mental_health_clinic
health_care > outpatient_care_facility > behavioral_or_mental_health_clinic > psychiatry_or_psychology_service > psychiatry > geriatric_psychiatry,geriatric_psychiatry,Geriatric Psychiatry,5,false,behavioral_or_mental_health_clinic
health_care > outpatient_care_facility > behavioral_or_mental_health_clinic > psychiatry_or_psychology_service > psychoanalysis,psychoanalysis,Psychoanalysis,4,false,behavioral_or_mental_health_clinic
health_care > outpatient_care_facility > behavioral_or_mental_health_clinic > psychiatry_or_psychology_service > psychology,psychology,Psychology,4,false,behavioral_or_mental_health_clinic
health_care > outpatient_care_facility > behavioral_or_mental_health_clinic > psychiatry_or_psychology_service > psychology > sports_psychology,sports_psychology,Sports Psychology,5,false,behavioral_or_mental_health_clinic
health_care > outpatient_care_facility > behavioral_or_mental_health_clinic > psychiatry_or_psychology_service > psychotherapy,psychotherapy,Psychotherapy,4,false,behavioral_or_mental_health_clinic
health_care > outpatient_care_facility > behavioral_or_mental_health_clinic > psychiatry_or_psychology_service > psychotherapy > art_therapy,art_therapy,Art Therapy,5,false,behavioral_or_mental_health_clinic
health_care > outpatient_care_facility > behavioral_or_mental_health_clinic > psychiatry_or_psychology_service > psychotherapy > hypnotherapy,hypnotherapy,Hypnotherapy,5,false,behavioral_or_mental_health_clinic
health_care > outpatient_care_facility > behavioral_or_mental_health_clinic > sophrology,sophrology,Sophrology,3,false,behavioral_or_mental_health_clinic
health_care > outpatient_care_facility > complementary_and_alternative_medicine,complementary_and_alternative_medicine,Complementary and Alternative Medicine,2,true,complementary_and_alternative_medicine
health_care > outpatient_care_facility > complementary_and_alternative_medicine > acupuncture,acupuncture,Acupuncture,3,false,complementary_and_alternative_medicine
health_care > outpatient_care_facility > complementary_and_alternative_medicine > aromatherapy,aromatherapy,Aromatherapy,3,false,complementary_and_alternative_medicine
health_care > outpatient_care_facility > complementary_and_alternative_medicine > ayurveda,ayurveda,Ayurveda,3,false,complementary_and_alternative_medicine
health_care > outpatient_care_facility > complementary_and_alternative_medicine > chiropractic,chiropractic,Chiropractic,3,false,complementary_and_alternative_medicine
health_care > outpatient_care_facility > complementary_and_alternative_medicine > homeopathy,homeopathy,Homeopathy,3,false,complementary_and_alternative_medicine
health_care > outpatient_care_facility > complementary_and_alternative_medicine > naturopathic_medicine,naturopathic_medicine,Naturopathic Medicine,3,false,complementary_and_alternative_medicine
health_care > outpatient_care_facility > complementary_and_alternative_medicine > reflexology,reflexology,Reflexology,3,false,complementary_and_alternative_medicine
health_care > outpatient_care_facility > complementary_and_alternative_medicine > reiki,reiki,Reiki,3,false,complementary_and_alternative_medicine
health_care > outpatient_care_facility > complementary_and_alternative_medicine > traditional_chinese_medicine,traditional_chinese_medicine,Traditional Chinese Medicine,3,false,complementary_and_alternative_medicine
health_care > outpatient_care_facility > complementary_and_alternative_medicine > traditional_chinese_medicine > tui_na,tui_na,Tui Na,4,false,complementary_and_alternative_medicine
health_care > outpatient_care_facility > dental_clinic,dental_clinic,Dental Clinic,2,true,dental_clinic
health_care > outpatient_care_facility > dental_clinic > cosmetic_dentistry,cosmetic_dentistry,Cosmetic Dentistry,3,false,dental_clinic
health_care > outpatient_care_facility > dental_clinic > dental_hygiene,dental_hygiene,Dental Hygiene,3,false,dental_clinic
health_care > outpatient_care_facility > dental_clinic > endodontics,endodontics,Endodontics,3,false,dental_clinic
health_care > outpatient_care_facility > dental_clinic > general_dentistry,general_dentistry,General Dentistry,3,false,dental_clinic
health_care > outpatient_care_facility > dental_clinic > orthodontics,orthodontics,Orthodontics,3,false,dental_clinic
health_care > outpatient_care_facility > dental_clinic > pediatric_dentistry,pediatric_dentistry,Pediatric Dentistry,3,false,dental_clinic
health_care > outpatient_care_facility > dental_clinic > periodontics,periodontics,Periodontics,3,false,dental_clinic
health_care > outpatient_care_facility > dental_clinic > prosthodontics,prosthodontics,Prosthodontics,3,false,dental_clinic
health_care > outpatient_care_facility > diagnostics_imaging_or_lab_service,diagnostics_imaging_or_lab_service,Diagnostics Imaging or Lab Service,2,true,diagnostics_imaging_or_lab_service
health_care > outpatient_care_facility > diagnostics_imaging_or_lab_service > diagnostic_imaging,diagnostic_imaging,Diagnostic Imaging,3,false,diagnostics_imaging_or_lab_service
health_care > outpatient_care_facility > diagnostics_imaging_or_lab_service > diagnostic_imaging > ultrasound_imaging,ultrasound_imaging,Ultrasound Imaging,4,false,diagnostics_imaging_or_lab_service
health_care > outpatient_care_facility > diagnostics_imaging_or_lab_service > doctors_office,doctors_office,Doctors Office,3,false,diagnostics_imaging_or_lab_service
health_care > outpatient_care_facility > diagnostics_imaging_or_lab_service > laboratory_testing,laboratory_testing,Laboratory Testing,3,false,diagnostics_imaging_or_lab_service
health_care > outpatient_care_facility > diagnostics_imaging_or_lab_service > laboratory_testing > paternity_testing,paternity_testing,Paternity Testing,4,false,diagnostics_imaging_or_lab_service
health_care > outpatient_care_facility > diagnostics_imaging_or_lab_service > pathology,pathology,Pathology,3,false,diagnostics_imaging_or_lab_service
health_care > outpatient_care_facility > diagnostics_imaging_or_lab_service > radiology,radiology,Radiology,3,false,diagnostics_imaging_or_lab_service
health_care > outpatient_care_facility > pediatric_clinic,pediatric_clinic,Pediatric Clinic,2,true,pediatric_clinic
health_care > outpatient_care_facility > pediatric_clinic > general_pediatrics,general_pediatrics,General Pediatrics,3,false,pediatric_clinic
health_care > outpatient_care_facility > pediatric_clinic > pediatric_anesthesiology,pediatric_anesthesiology,Pediatric Anesthesiology,3,false,pediatric_clinic
health_care > outpatient_care_facility > pediatric_clinic > pediatric_cardiology,pediatric_cardiology,Pediatric Cardiology,3,false,pediatric_clinic
health_care > outpatient_care_facility > pediatric_clinic > pediatric_endocrinology,pediatric_endocrinology,Pediatric Endocrinology,3,false,pediatric_clinic
health_care > outpatient_care_facility > pediatric_clinic > pediatric_gastroenterology,pediatric_gastroenterology,Pediatric Gastroenterology,3,false,pediatric_clinic
health_care > outpatient_care_facility > pediatric_clinic > pediatric_infectious_disease,pediatric_infectious_disease,Pediatric Infectious Disease,3,false,pediatric_clinic
health_care > outpatient_care_facility > pediatric_clinic > pediatric_nephrology,pediatric_nephrology,Pediatric Nephrology,3,false,pediatric_clinic
health_care > outpatient_care_facility > pediatric_clinic > pediatric_neurology,pediatric_neurology,Pediatric Neurology,3,false,pediatric_clinic
health_care > outpatient_care_facility > pediatric_clinic > pediatric_oncology,pediatric_oncology,Pediatric Oncology,3,false,pediatric_clinic
health_care > outpatient_care_facility > pediatric_clinic > pediatric_pulmonology,pediatric_pulmonology,Pediatric Pulmonology,3,false,pediatric_clinic
health_care > outpatient_care_facility > pediatric_clinic > pediatric_radiology,pediatric_radiology,Pediatric Radiology,3,false,pediatric_clinic
health_care > outpatient_care_facility > physical_medicine_and_rehabilitation,physical_medicine_and_rehabilitation,Physical Medicine and Rehabilitation,2,true,physical_medicine_and_rehabilitation
health_care > outpatient_care_facility > physical_medicine_and_rehabilitation > animal_assisted_therapy,animal_assisted_therapy,Animal Assisted Therapy,3,false,physical_medicine_and_rehabilitation
health_care > outpatient_care_facility > physical_medicine_and_rehabilitation > occupational_therapy,occupational_therapy,Occupational Therapy,3,false,physical_medicine_and_rehabilitation
health_care > outpatient_care_facility > physical_medicine_and_rehabilitation > orthotics,orthotics,Orthotics,3,false,physical_medicine_and_rehabilitation
health_care > outpatient_care_facility > physical_medicine_and_rehabilitation > physical_therapy,physical_therapy,Physical Therapy,3,false,physical_medicine_and_rehabilitation
health_care > outpatient_care_facility > physical_medicine_and_rehabilitation > prosthetics,prosthetics,Prosthetics,3,false,physical_medicine_and_rehabilitation
health_care > outpatient_care_facility > physical_medicine_and_rehabilitation > psychomotor_therapy,psychomotor_therapy,Psychomotor Therapy,3,false,physical_medicine_and_rehabilitation
health_care > outpatient_care_facility > physical_medicine_and_rehabilitation > rehabilitation_center,rehabilitation_center,Rehabilitation Center,3,false,physical_medicine_and_rehabilitation
health_care > outpatient_care_facility > physical_medicine_and_rehabilitation > rehabilitation_center > addiction_rehabilitation_center,addiction_rehabilitation_center,Addiction Rehabilitation Center,4,false,physical_medicine_and_rehabilitation
health_care > outpatient_care_facility > physical_medicine_and_rehabilitation > speech_therapy,speech_therapy,Speech Therapy,3,false,physical_medicine_and_rehabilitation
health_care > outpatient_care_facility > primary_care_or_general_clinic,primary_care_or_general_clinic,Primary Care or General Clinic,2,true,primary_care_or_general_clinic
health_care > outpatient_care_facility > primary_care_or_general_clinic > community_health_center,community_health_center,Community Health Center,3,false,primary_care_or_general_clinic
health_care > outpatient_care_facility > primary_care_or_general_clinic > concierge_medicine,concierge_medicine,Concierge Medicine,3,false,primary_care_or_general_clinic
health_care > outpatient_care_facility > primary_care_or_general_clinic > family_practice,family_practice,Family Practice,3,false,primary_care_or_general_clinic
health_care > outpatient_care_facility > primary_care_or_general_clinic > mobile_clinic,mobile_clinic,Mobile Clinic,3,false,primary_care_or_general_clinic
health_care > outpatient_care_facility > primary_care_or_general_clinic > public_health_clinic,public_health_clinic,Public Health Clinic,3,false,primary_care_or_general_clinic
health_care > outpatient_care_facility > primary_care_or_general_clinic > storefront_clinic,storefront_clinic,Storefront Clinic,3,false,primary_care_or_general_clinic
health_care > outpatient_care_facility > reproductive_perinatal_and_womens_care,reproductive_perinatal_and_womens_care,Reproductive Perinatal and Women's Care,2,true,reproductive_perinatal_and_womens_care
health_care > outpatient_care_facility > reproductive_perinatal_and_womens_care > doula_service,doula_service,Doula Service,3,false,reproductive_perinatal_and_womens_care
health_care > outpatient_care_facility > reproductive_perinatal_and_womens_care > lactation_service,lactation_service,Lactation Service,3,false,reproductive_perinatal_and_womens_care
health_care > outpatient_care_facility > reproductive_perinatal_and_womens_care > maternity_center,maternity_center,Maternity Center,3,false,reproductive_perinatal_and_womens_care
health_care > outpatient_care_facility > reproductive_perinatal_and_womens_care > midwifery,midwifery,Midwifery,3,false,reproductive_perinatal_and_womens_care
health_care > outpatient_care_facility > reproductive_perinatal_and_womens_care > obstetrics_and_gynecology,obstetrics_and_gynecology,Obstetrics and Gynecology,3,false,reproductive_perinatal_and_womens_care
health_care > outpatient_care_facility > reproductive_perinatal_and_womens_care > prenatal_and_perinatal_care,prenatal_and_perinatal_care,Prenatal and Perinatal Care,3,false,reproductive_perinatal_and_womens_care
health_care > outpatient_care_facility > specialized_health_care,specialized_health_care,Specialized Health Care,2,true,specialized_health_care
health_care > outpatient_care_facility > specialized_health_care > cardiovascular_and_vascular_medicine,cardiovascular_and_vascular_medicine,Cardiovascular and Vascular Medicine,3,false,specialized_health_care
health_care > outpatient_care_facility > specialized_health_care > cardiovascular_and_vascular_medicine > cardiology,cardiology,Cardiology,4,false,specialized_health_care
health_care > outpatient_care_facility > specialized_health_care > cardiovascular_and_vascular_medicine > phlebology,phlebology,Phlebology,4,false,specialized_health_care
health_care > outpatient_care_facility > specialized_health_care > cardiovascular_and_vascular_medicine > vascular_medicine,vascular_medicine,Vascular Medicine,4,false,specialized_health_care
health_care > outpatient_care_facility > specialized_health_care > ear_nose_and_throat,ear_nose_and_throat,Ear Nose and Throat,3,false,specialized_health_care
health_care > outpatient_care_facility > specialized_health_care > ear_nose_and_throat > audiology,audiology,Audiology,4,false,specialized_health_care
health_care > outpatient_care_facility > specialized_health_care > ear_nose_and_throat > otolaryngology,otolaryngology,Otolaryngology,4,false,specialized_health_care
health_care > outpatient_care_facility > specialized_health_care > ear_nose_and_throat > otolaryngology > neurotology,neurotology,Neurotology,5,false,specialized_health_care
health_care > outpatient_care_facility > specialized_health_care > ear_nose_and_throat > otolaryngology > otology,otology,Otology,5,false,specialized_health_care
health_care > outpatient_care_facility > specialized_health_care > endocrinology,endocrinology,Endocrinology,3,false,specialized_health_care
health_care > outpatient_care_facility > specialized_health_care > gastroenterology,gastroenterology,Gastroenterology,3,false,specialized_health_care
health_care > outpatient_care_facility > specialized_health_care > gastroenterology > endoscopy,endoscopy,Endoscopy,4,false,specialized_health_care
health_care > outpatient_care_facility > specialized_health_care > gastroenterology > hepatology,hepatology,Hepatology,4,false,specialized_health_care
health_care > outpatient_care_facility > specialized_health_care > gastroenterology > proctology,proctology,Proctology,4,false,specialized_health_care
health_care > outpatient_care_facility > specialized_health_care > genetics,genetics,Genetics,3,false,specialized_health_care
health_care > outpatient_care_facility > specialized_health_care > genetics > gerontology,gerontology,Gerontology,4,false,specialized_health_care
health_care > outpatient_care_facility > specialized_health_care > geriatric_medicine,geriatric_medicine,Geriatric Medicine,3,false,specialized_health_care
health_care > outpatient_care_facility > specialized_health_care > internal_medicine,internal_medicine,Internal Medicine,3,false,specialized_health_care
health_care > outpatient_care_facility > specialized_health_care > internal_medicine > allergy_and_immunology,allergy_and_immunology,Allergy and Immunology,4,false,specialized_health_care
health_care > outpatient_care_facility > specialized_health_care > internal_medicine > infectious_disease,infectious_disease,Infectious Disease,4,false,specialized_health_care
health_care > outpatient_care_facility > specialized_health_care > internal_medicine > infectious_disease > tropical_medicine,tropical_medicine,Tropical Medicine,5,false,specialized_health_care
health_care > outpatient_care_facility > specialized_health_care > internal_medicine > oncology,oncology,Oncology,4,false,specialized_health_care
health_care > outpatient_care_facility > specialized_health_care > internal_medicine > oncology > hematology,hematology,Hematology,5,false,specialized_health_care
health_care > outpatient_care_facility > specialized_health_care > internal_medicine > rheumatology,rheumatology,Rheumatology,4,false,specialized_health_care
health_care > outpatient_care_facility > specialized_health_care > medical_skin_care,medical_skin_care,Medical Skin Care,3,false,specialized_health_care
health_care > outpatient_care_facility > specialized_health_care > medical_skin_care > aesthetic_medicine,aesthetic_medicine,Aesthetic Medicine,4,false,specialized_health_care
health_care > outpatient_care_facility > specialized_health_care > medical_skin_care > body_contouring,body_contouring,Body Contouring,4,false,specialized_health_care
health_care > outpatient_care_facility > specialized_health_care > medical_skin_care > dermatology,dermatology,Dermatology,4,false,specialized_health_care
health_care > outpatient_care_facility > specialized_health_care > medical_skin_care > dermatology > immunodermatology,immunodermatology,Immunodermatology,5,false,specialized_health_care
health_care > outpatient_care_facility > specialized_health_care > medical_skin_care > tattoo_removal,tattoo_removal,Tattoo Removal,4,false,specialized_health_care
health_care > outpatient_care_facility > specialized_health_care > musculoskeletal_medicine,musculoskeletal_medicine,Musculoskeletal Medicine,3,false,specialized_health_care
health_care > outpatient_care_facility > specialized_health_care > musculoskeletal_medicine > orthopedics,orthopedics,Orthopedics,4,false,specialized_health_care
health_care > outpatient_care_facility > specialized_health_care > musculoskeletal_medicine > podiatry,podiatry,Podiatry,4,false,specialized_health_care
health_care > outpatient_care_facility > specialized_health_care > nephrology,nephrology,Nephrology,3,false,specialized_health_care
health_care > outpatient_care_facility > specialized_health_care > neurology,neurology,Neurology,3,false,specialized_health_care
health_care > outpatient_care_facility > specialized_health_care > neurology > neuropathology,neuropathology,Neuropathology,4,false,specialized_health_care
health_care > outpatient_care_facility > specialized_health_care > nursing,nursing,Nursing,3,false,specialized_health_care
health_care > outpatient_care_facility > specialized_health_care > osteopathic_medicine,osteopathic_medicine,Osteopathic Medicine,3,false,specialized_health_care
health_care > outpatient_care_facility > specialized_health_care > pain_management,pain_management,Pain Management,3,false,specialized_health_care
health_care > outpatient_care_facility > specialized_health_care > pain_management > anesthesiology,anesthesiology,Anesthesiology,4,false,specialized_health_care
health_care > outpatient_care_facility > specialized_health_care > preventive_medicine,preventive_medicine,Preventive Medicine,3,false,specialized_health_care
health_care > outpatient_care_facility > specialized_health_care > preventive_medicine > environmental_medicine,environmental_medicine,Environmental Medicine,4,false,specialized_health_care
health_care > outpatient_care_facility > specialized_health_care > preventive_medicine > hyperbaric_medicine,hyperbaric_medicine,Hyperbaric Medicine,4,false,specialized_health_care
health_care > outpatient_care_facility > specialized_health_care > preventive_medicine > occupational_medicine,occupational_medicine,Occupational Medicine,4,false,specialized_health_care
health_care > outpatient_care_facility > specialized_health_care > preventive_medicine > toxicology,toxicology,Toxicology,4,false,specialized_health_care
health_care > outpatient_care_facility > specialized_health_care > pulmonology,pulmonology,Pulmonology,3,false,specialized_health_care
health_care > outpatient_care_facility > specialized_health_care > pulmonology > sleep_medicine,sleep_medicine,Sleep Medicine,4,false,specialized_health_care
health_care > outpatient_care_facility > specialized_health_care > sports_medicine,sports_medicine,Sports Medicine,3,false,specialized_health_care
health_care > outpatient_care_facility > specialized_health_care > urology,urology,Urology,3,false,specialized_health_care
health_care > outpatient_care_facility > vision_or_eye_care_clinic,vision_or_eye_care_clinic,Vision or Eye Care Clinic,2,true,vision_or_eye_care_clinic
health_care > outpatient_care_facility > vision_or_eye_care_clinic > ophthalmology,ophthalmology,Ophthalmology,3,false,vision_or_eye_care_clinic
health_care > outpatient_care_facility > vision_or_eye_care_clinic > ophthalmology > refractive_surgery_or_lasik,refractive_surgery_or_lasik,Refractive Surgery or Lasik,4,false,vision_or_eye_care_clinic
health_care > outpatient_care_facility > vision_or_eye_care_clinic > ophthalmology > retina_services,retina_services,Retina Services,4,false,vision_or_eye_care_clinic
health_care > outpatient_care_facility > vision_or_eye_care_clinic > optometry,optometry,Optometry,3,false,vision_or_eye_care_clinic
health_care > specialized_medical_facility,specialized_medical_facility,Specialized Medical Facility,1,true,specialized_medical_facility
health_care > specialized_medical_facility > abortion_clinic,abortion_clinic,Abortion Clinic,2,false,specialized_medical_facility
health_care > specialized_medical_facility > abuse_and_addiction_treatment_center,abuse_and_addiction_treatment_center,Abuse and Addiction Treatment Center,2,false,specialized_medical_facility
health_care > specialized_medical_facility > abuse_and_addiction_treatment_center > alcohol_and_drug_treatment_center,alcohol_and_drug_treatment_center,Alcohol and Drug Treatment Center,3,false,specialized_medical_facility
health_care > specialized_medical_facility > cancer_treatment_center,cancer_treatment_center,Cancer Treatment Center,2,false,specialized_medical_facility
health_care > specialized_medical_facility > dialysis_clinic,dialysis_clinic,Dialysis Clinic,2,false,specialized_medical_facility
health_care > specialized_medical_facility > eating_disorder_treatment_center,eating_disorder_treatment_center,Eating Disorder Treatment Center,2,false,specialized_medical_facility
health_care > specialized_medical_facility > fertility_clinic,fertility_clinic,Fertility Clinic,2,false,specialized_medical_facility
health_care > specialized_medical_facility > organ_and_tissue_donor_service,organ_and_tissue_donor_service,Organ and Tissue Donor Service,2,false,specialized_medical_facility
health_care > specialized_medical_facility > surgery,surgery,Surgery,2,true,surgery
health_care > specialized_medical_facility > surgery > cardiothoracic_surgery,cardiothoracic_surgery,Cardiothoracic Surgery,3,false,surgery
health_care > specialized_medical_facility > surgery > oral_and_maxillofacial_surgery,oral_and_maxillofacial_surgery,Oral and Maxillofacial Surgery,3,false,surgery
health_care > specialized_medical_facility > surgery > orthopedic_surgery,orthopedic_surgery,Orthopedic Surgery,3,false,surgery
health_care > specialized_medical_facility > surgery > orthopedic_surgery > pediatric_orthopedic_surgery,pediatric_orthopedic_surgery,Pediatric Orthopedic Surgery,4,false,surgery
health_care > specialized_medical_facility > surgery > orthopedic_surgery > spine_surgery,spine_surgery,Spine Surgery,4,false,surgery
health_care > specialized_medical_facility > surgery > pediatric_surgery,pediatric_surgery,Pediatric Surgery,3,false,surgery
health_care > specialized_medical_facility > surgery > plastic_and_reconstructive_surgery,plastic_and_reconstructive_surgery,Plastic and Reconstructive Surgery,3,false,surgery
health_care > specialized_medical_facility > surgery > plastic_and_reconstructive_surgery > cosmetic_surgery,cosmetic_surgery,Cosmetic Surgery,4,false,surgery
health_care > specialized_medical_facility > surgery > surgery_center,surgery_center,Surgery Center,3,false,surgery
lifestyle_services,lifestyle_services,Lifestyle Services,0,true,lifestyle_services
lifestyle_services > animal_or_pet_service,animal_or_pet_service,Animal or Pet Service,1,true,animal_or_pet_service
lifestyle_services > animal_or_pet_service > animal_adoption_or_rescue,animal_adoption_or_rescue,Animal Adoption or Rescue,2,false,animal_or_pet_service
lifestyle_services > animal_or_pet_service > animal_adoption_or_rescue > animal_rescue_service,animal_rescue_service,Animal Rescue Service,3,false,animal_or_pet_service
lifestyle_services > animal_or_pet_service > animal_adoption_or_rescue > animal_shelter,animal_shelter,Animal Shelter,3,false,animal_or_pet_service
lifestyle_services > animal_or_pet_service > animal_adoption_or_rescue > pet_adoption,pet_adoption,Pet Adoption,3,false,animal_or_pet_service
lifestyle_services > animal_or_pet_service > equine_service,equine_service,Equine Service,2,false,animal_or_pet_service
lifestyle_services > animal_or_pet_service > equine_service > farrier_service,farrier_service,Farrier Service,3,false,animal_or_pet_service
lifestyle_services > animal_or_pet_service > equine_service > horse_boarding,horse_boarding,Horse Boarding,3,false,animal_or_pet_service
lifestyle_services > animal_or_pet_service > equine_service > horse_trainer,horse_trainer,Horse Trainer,3,false,animal_or_pet_service
lifestyle_services > animal_or_pet_service > pet_breeder,pet_breeder,Pet Breeder,2,false,animal_or_pet_service
lifestyle_services > animal_or_pet_service > pet_care_service,pet_care_service,Pet Care Service,2,false,animal_or_pet_service
lifestyle_services > animal_or_pet_service > pet_care_service > aquarium_service,aquarium_service,Aquarium Service,3,false,animal_or_pet_service
lifestyle_services > animal_or_pet_service > pet_care_service > dog_walker,dog_walker,Dog Walker,3,false,animal_or_pet_service
lifestyle_services > animal_or_pet_service > pet_care_service > pet_boarding,pet_boarding,Pet Boarding,3,false,animal_or_pet_service
lifestyle_services > animal_or_pet_service > pet_care_service > pet_groomer,pet_groomer,Pet Groomer,3,false,animal_or_pet_service
lifestyle_services > animal_or_pet_service > pet_care_service > pet_sitting,pet_sitting,Pet Sitting,3,false,animal_or_pet_service
lifestyle_services > animal_or_pet_service > pet_care_service > pet_training,pet_training,Pet Training,3,false,animal_or_pet_service
lifestyle_services > animal_or_pet_service > pet_care_service > pet_training > dog_trainer,dog_trainer,Dog Trainer,4,false,animal_or_pet_service
lifestyle_services > animal_or_pet_service > pet_care_service > pet_transportation,pet_transportation,Pet Transportation,3,false,animal_or_pet_service
lifestyle_services > animal_or_pet_service > pet_care_service > pet_waste_removal,pet_waste_removal,Pet Waste Removal,3,false,animal_or_pet_service
lifestyle_services > animal_or_pet_service > pet_cemetery_and_crematorium_service,pet_cemetery_and_crematorium_service,Pet Cemetery and Crematorium Service,2,false,animal_or_pet_service
lifestyle_services > animal_or_pet_service > pet_insurance,pet_insurance,Pet Insurance,2,false,animal_or_pet_service
lifestyle_services > animal_or_pet_service > pet_photography,pet_photography,Pet Photography,2,false,animal_or_pet_service
lifestyle_services > animal_or_pet_service > veterinary_care,veterinary_care,Veterinary Care,2,false,animal_or_pet_service
lifestyle_services > animal_or_pet_service > veterinary_care > animal_hospital,animal_hospital,Animal Hospital,3,false,animal_or_pet_service
lifestyle_services > animal_or_pet_service > veterinary_care > animal_physical_therapy,animal_physical_therapy,Animal Physical Therapy,3,false,animal_or_pet_service
lifestyle_services > animal_or_pet_service > veterinary_care > emergency_pet_hospital,emergency_pet_hospital,Emergency Pet Hospital,3,false,animal_or_pet_service
lifestyle_services > animal_or_pet_service > veterinary_care > holistic_animal_care,holistic_animal_care,Holistic Animal Care,3,false,animal_or_pet_service
lifestyle_services > animal_or_pet_service > veterinary_care > pet_hospice,pet_hospice,Pet Hospice,3,false,animal_or_pet_service
lifestyle_services > animal_or_pet_service > veterinary_care > veterinarian,veterinarian,Veterinarian,3,false,animal_or_pet_service
lifestyle_services > food_service,food_service,Food Service,1,true,food_service
lifestyle_services > food_service > food_consultant,food_consultant,Food Consultant,2,false,food_service
lifestyle_services > food_service > food_delivery_service,food_delivery_service,Food Delivery Service,2,false,food_service
lifestyle_services > food_service > food_delivery_service > pizza_delivery_service,pizza_delivery_service,Pizza Delivery Service,3,false,food_service
lifestyle_services > personal_or_beauty_service,personal_or_beauty_service,Personal or Beauty Service,1,true,personal_or_beauty_service
lifestyle_services > personal_or_beauty_service > acne_treatment,acne_treatment,Acne Treatment,2,false,personal_or_beauty_service
lifestyle_services > personal_or_beauty_service > barber,barber,Barber,2,false,personal_or_beauty_service
lifestyle_services > personal_or_beauty_service > barber > mens_grooming_salon,mens_grooming_salon,Men's Grooming Salon,3,false,personal_or_beauty_service
lifestyle_services > personal_or_beauty_service > beauty_salon,beauty_salon,Beauty Salon,2,false,personal_or_beauty_service
lifestyle_services > personal_or_beauty_service > beauty_salon > teeth_jewelry_service,teeth_jewelry_service,Teeth Jewelry Service,3,false,personal_or_beauty_service
lifestyle_services > personal_or_beauty_service > body_modification,body_modification,Body Modification,2,false,personal_or_beauty_service
lifestyle_services > personal_or_beauty_service > body_modification > body_art,body_art,Body Art,3,false,personal_or_beauty_service
lifestyle_services > personal_or_beauty_service > body_modification > mehndi_henna,mehndi_henna,Mehndi Henna,3,false,personal_or_beauty_service
lifestyle_services > personal_or_beauty_service > body_modification > scalp_micropigmentation,scalp_micropigmentation,Scalp Micropigmentation,3,false,personal_or_beauty_service
lifestyle_services > personal_or_beauty_service > body_modification > tattoo_and_piercing,tattoo_and_piercing,Tattoo and Piercing,3,false,personal_or_beauty_service
lifestyle_services > personal_or_beauty_service > body_modification > tattoo_and_piercing > piercing,piercing,Piercing,4,false,personal_or_beauty_service
lifestyle_services > personal_or_beauty_service > body_modification > tattoo_and_piercing > tattoo,tattoo,Tattoo,4,false,personal_or_beauty_service
lifestyle_services > personal_or_beauty_service > eyebrow_service,eyebrow_service,Eyebrow Service,2,false,personal_or_beauty_service
lifestyle_services > personal_or_beauty_service > eyelash_service,eyelash_service,Eyelash Service,2,false,personal_or_beauty_service
lifestyle_services > personal_or_beauty_service > foot_care,foot_care,Foot Care,2,false,personal_or_beauty_service
lifestyle_services > personal_or_beauty_service > hair_removal,hair_removal,Hair Removal,2,false,personal_or_beauty_service
lifestyle_services > personal_or_beauty_service > hair_removal > laser_hair_removal,laser_hair_removal,Laser Hair Removal,3,false,personal_or_beauty_service
lifestyle_services > personal_or_beauty_service > hair_removal > sugaring,sugaring,Sugaring,3,false,personal_or_beauty_service
lifestyle_services > personal_or_beauty_service > hair_removal > threading_service,threading_service,Threading Service,3,false,personal_or_beauty_service
lifestyle_services > personal_or_beauty_service > hair_removal > waxing,waxing,Waxing,3,false,personal_or_beauty_service
lifestyle_services > personal_or_beauty_service > hair_replacement,hair_replacement,Hair Replacement,2,false,personal_or_beauty_service
lifestyle_services > personal_or_beauty_service > hair_replacement > hair_extensions,hair_extensions,Hair Extensions,3,false,personal_or_beauty_service
lifestyle_services > personal_or_beauty_service > hair_replacement > hair_loss_center,hair_loss_center,Hair Loss Center,3,false,personal_or_beauty_service
lifestyle_services > personal_or_beauty_service > hair_replacement > wig_hairpiece_service,wig_hairpiece_service,Wig Hairpiece Service,3,false,personal_or_beauty_service
lifestyle_services > personal_or_beauty_service > hair_salon,hair_salon,Hair Salon,2,false,personal_or_beauty_service
lifestyle_services > personal_or_beauty_service > hair_salon > blow_dry_blow_out_service,blow_dry_blow_out_service,Blow Dry Blow Out Service,3,false,personal_or_beauty_service
lifestyle_services > personal_or_beauty_service > hair_salon > hair_color_bar,hair_color_bar,Hair Color Bar,3,false,personal_or_beauty_service
lifestyle_services > personal_or_beauty_service > hair_salon > hair_stylist,hair_stylist,Hair Stylist,3,false,personal_or_beauty_service
lifestyle_services > personal_or_beauty_service > hair_salon > kids_hair_salon,kids_hair_salon,Kids Hair Salon,3,false,personal_or_beauty_service
lifestyle_services > personal_or_beauty_service > image_consultant,image_consultant,Image Consultant,2,false,personal_or_beauty_service
lifestyle_services > personal_or_beauty_service > life_coach,life_coach,Life Coach,2,false,personal_or_beauty_service
lifestyle_services > personal_or_beauty_service > matchmaker,matchmaker,Matchmaker,2,false,personal_or_beauty_service
lifestyle_services > personal_or_beauty_service > nail_salon,nail_salon,Nail Salon,2,false,personal_or_beauty_service
lifestyle_services > personal_or_beauty_service > shoe_repair,shoe_repair,Shoe Repair,2,false,personal_or_beauty_service
lifestyle_services > personal_or_beauty_service > shoe_shining_service,shoe_shining_service,Shoe Shining Service,2,false,personal_or_beauty_service
lifestyle_services > personal_or_beauty_service > skin_care_and_makeup,skin_care_and_makeup,Skin Care and Makeup,2,false,personal_or_beauty_service
lifestyle_services > personal_or_beauty_service > skin_care_and_makeup > esthetician,esthetician,Esthetician,3,false,personal_or_beauty_service
lifestyle_services > personal_or_beauty_service > skin_care_and_makeup > makeup_artist,makeup_artist,Makeup Artist,3,false,personal_or_beauty_service
lifestyle_services > personal_or_beauty_service > skin_care_and_makeup > permanent_makeup,permanent_makeup,Permanent Makeup,3,false,personal_or_beauty_service
lifestyle_services > personal_or_beauty_service > tanning_salon,tanning_salon,Tanning Salon,2,false,personal_or_beauty_service
lifestyle_services > personal_or_beauty_service > tanning_salon > spray_tanning,spray_tanning,Spray Tanning,3,false,personal_or_beauty_service
lifestyle_services > personal_or_beauty_service > tanning_salon > tanning_bed,tanning_bed,Tanning Bed,3,false,personal_or_beauty_service
lifestyle_services > personal_or_beauty_service > teeth_whitening,teeth_whitening,Teeth Whitening,2,false,personal_or_beauty_service
lifestyle_services > wellness_service,wellness_service,Wellness Service,1,true,wellness_service
lifestyle_services > wellness_service > colonic_hydrotherapy,colonic_hydrotherapy,Colonic Hydrotherapy,2,false,wellness_service
lifestyle_services > wellness_service > cryotherapy,cryotherapy,Cryotherapy,2,false,wellness_service
lifestyle_services > wellness_service > halotherapy,halotherapy,Halotherapy,2,false,wellness_service
lifestyle_services > wellness_service > health_and_wellness_club,health_and_wellness_club,Health and Wellness Club,2,false,wellness_service
lifestyle_services > wellness_service > health_coaching,health_coaching,Health Coaching,2,false,wellness_service
lifestyle_services > wellness_service > hydrotherapy,hydrotherapy,Hydrotherapy,2,false,wellness_service
lifestyle_services > wellness_service > iv_hydration,iv_hydration,IV Hydration,2,false,wellness_service
lifestyle_services > wellness_service > massage_therapy,massage_therapy,Massage Therapy,2,false,wellness_service
lifestyle_services > wellness_service > meditation_center,meditation_center,Meditation Center,2,false,wellness_service
lifestyle_services > wellness_service > nutrition_service,nutrition_service,Nutrition Service,2,false,wellness_service
lifestyle_services > wellness_service > oxygen_bar,oxygen_bar,Oxygen Bar,2,false,wellness_service
lifestyle_services > wellness_service > public_bath_house,public_bath_house,Public Bath House,2,false,wellness_service
lifestyle_services > wellness_service > public_bath_house > onsen,onsen,Onsen,3,false,wellness_service
lifestyle_services > wellness_service > public_bath_house > turkish_bath,turkish_bath,Turkish Bath,3,false,wellness_service
lifestyle_services > wellness_service > sauna,sauna,Sauna,2,false,wellness_service
lifestyle_services > wellness_service > snuggle_service,snuggle_service,Snuggle Service,2,false,wellness_service
lifestyle_services > wellness_service > spa,spa,Spa,2,false,wellness_service
lifestyle_services > wellness_service > spa > day_spa,day_spa,Day Spa,3,false,wellness_service
lifestyle_services > wellness_service > spa > float_spa,float_spa,Float Spa,3,false,wellness_service
lifestyle_services > wellness_service > spa > health_spa,health_spa,Health Spa,3,false,wellness_service
lifestyle_services > wellness_service > spa > medical_spa,medical_spa,Medical Spa,3,false,wellness_service
lifestyle_services > wellness_service > weight_loss_center,weight_loss_center,Weight Loss Center,2,false,wellness_service
lodging,lodging,Lodging,0,true,lodging
lodging > bed_and_breakfast,bed_and_breakfast,Bed and Breakfast,1,true,bed_and_breakfast
lodging > cabin,cabin,Cabin,1,false,lodging
lodging > campground,campground,Campground,1,true,campground
lodging > cottage,cottage,Cottage,1,false,lodging
lodging > country_house,country_house,Country House,1,false,lodging
lodging > holiday_park,holiday_park,Holiday Park,1,false,lodging
lodging > hostel,hostel,Hostel,1,false,lodging
lodging > hotel,hotel,Hotel,1,true,hotel
lodging > hotel > motel,motel,Motel,2,false,hotel
lodging > houseboat,houseboat,Houseboat,1,false,lodging
lodging > inn,inn,Inn,1,true,inn
lodging > lodge,lodge,Lodge,1,false,lodging
lodging > mountain_hut,mountain_hut,Mountain Hut,1,false,lodging
lodging > private_lodging,private_lodging,Private Lodging,1,true,private_lodging
lodging > private_lodging > guest_house,guest_house,Guest House,2,false,private_lodging
lodging > private_lodging > holiday_rental_home,holiday_rental_home,Holiday Rental Home,2,false,private_lodging
lodging > resort,resort,Resort,1,true,resort
lodging > resort > beach_resort,beach_resort,Beach Resort,2,false,resort
lodging > resort > ski_resort,ski_resort,Ski Resort,2,false,resort
lodging > retreat,retreat,Retreat,1,false,lodging
lodging > retreat > health_retreat,health_retreat,Health Retreat,2,false,lodging
lodging > rv_park,rv_park,RV Park,1,true,rv_park
lodging > ryokan,ryokan,Ryokan,1,false,lodging
lodging > self_catering_accommodation,self_catering_accommodation,Self Catering Accommodation,1,false,lodging
lodging > service_apartment,service_apartment,Service Apartment,1,false,lodging
services_and_business,services_and_business,Services and Business,0,true,services_and_business
services_and_business > agricultural_service,agricultural_service,Agricultural Service,1,true,agricultural_service
services_and_business > agricultural_service > agriculture_association,agriculture_association,Agriculture Association,2,false,agricultural_service
services_and_business > agricultural_service > farm,farm,Farm,2,true,farm
services_and_business > agricultural_service > farm > dairy_farm,dairy_farm,Dairy Farm,3,false,farm
services_and_business > agricultural_service > farm > orchard,orchard,Orchard,3,false,farm
services_and_business > agricultural_service > farm > pig_farm,pig_farm,Pig Farm,3,false,farm
services_and_business > agricultural_service > farm > poultry_farm,poultry_farm,Poultry Farm,3,false,farm
services_and_business > agricultural_service > farm > ranch,ranch,Ranch,3,false,farm
services_and_business > agricultural_service > farm > urban_farm,urban_farm,Urban Farm,3,false,farm
services_and_business > agricultural_service > farm_equipment_repair_service,farm_equipment_repair_service,Farm Equipment Repair Service,2,false,agricultural_service
services_and_business > b2b_service,b2b_service,B2B Service,1,true,b2b_service
services_and_business > b2b_service > b2b_agriculture_service,b2b_agriculture_service,B2B Agriculture Service,2,false,b2b_service
services_and_business > b2b_service > b2b_agriculture_service > agricultural_cooperative,agricultural_cooperative,Agricultural Cooperative,3,false,b2b_service
services_and_business > b2b_service > b2b_agriculture_service > agriculture,agriculture,Agriculture,3,false,b2b_service
services_and_business > b2b_service > b2b_agriculture_service > apiary_beekeeper,apiary_beekeeper,Apiary Beekeeper,3,false,b2b_service
services_and_business > b2b_service > b2b_agriculture_service > b2b_dairy,b2b_dairy,B2B Dairy,3,false,b2b_service
services_and_business > b2b_service > b2b_agriculture_service > b2b_farming,b2b_farming,B2B Farming,3,false,b2b_service
services_and_business > b2b_service > b2b_agriculture_service > b2b_farming > b2b_farm,b2b_farm,B2B Farm,4,false,b2b_service
services_and_business > b2b_service > b2b_agriculture_service > b2b_farming > farm_equipment_and_supply,farm_equipment_and_supply,Farm Equipment and Supply,4,false,b2b_service
services_and_business > b2b_service > b2b_agriculture_service > b2b_farming > farm_equipment_and_supply > fertilizer_store,fertilizer_store,Fertilizer Store,5,false,b2b_service
services_and_business > b2b_service > b2b_agriculture_service > b2b_farming > farm_equipment_and_supply > grain_elevator,grain_elevator,Grain Elevator,5,false,b2b_service
services_and_business > b2b_service > b2b_agriculture_service > b2b_farming > farm_equipment_and_supply > greenhouse,greenhouse,Greenhouse,5,false,b2b_service
services_and_business > b2b_service > b2b_agriculture_service > b2b_farming > farming_service,farming_service,Farming Service,4,false,b2b_service
services_and_business > b2b_service > b2b_agriculture_service > b2b_food_products,b2b_food_products,B2B Food Products,3,false,b2b_service
services_and_business > b2b_service > b2b_agriculture_service > crops_production,crops_production,Crops Production,3,false,b2b_service
services_and_business > b2b_service > b2b_agriculture_service > crops_production > grain_production,grain_production,Grain Production,4,false,b2b_service
services_and_business > b2b_service > b2b_agriculture_service > crops_production > orchards_production,orchards_production,Orchards Production,4,false,b2b_service
services_and_business > b2b_service > b2b_agriculture_service > fish_farm_hatchery,fish_farm_hatchery,Fish Farm Hatchery,3,false,b2b_service
services_and_business > b2b_service > b2b_agriculture_service > fish_farm_hatchery > fish_farm,fish_farm,Fish Farm,4,false,b2b_service
services_and_business > b2b_service > b2b_agriculture_service > livestock_breeder,livestock_breeder,Livestock Breeder,3,false,b2b_service
services_and_business > b2b_service > b2b_agriculture_service > livestock_dealer,livestock_dealer,Livestock Dealer,3,false,b2b_service
services_and_business > b2b_service > b2b_agriculture_service > poultry_farming,poultry_farming,Poultry Farming,3,false,b2b_service
services_and_business > b2b_service > b2b_energy_and_utility_service,b2b_energy_and_utility_service,B2B Energy and Utility Service,2,true,b2b_energy_and_utility_service
services_and_business > b2b_service > b2b_energy_and_utility_service > b2b_mining,b2b_mining,B2B Mining,3,false,b2b_energy_and_utility_service
services_and_business > b2b_service > b2b_energy_and_utility_service > b2b_mining > b2b_coal_and_coke,b2b_coal_and_coke,B2B Coal and Coke,4,false,b2b_energy_and_utility_service
services_and_business > b2b_service > b2b_energy_and_utility_service > b2b_mining > b2b_quarry,b2b_quarry,B2B Quarry,4,false,b2b_energy_and_utility_service
services_and_business > b2b_service > b2b_energy_and_utility_service > b2b_oil_and_gas,b2b_oil_and_gas,B2B Oil and Gas,3,false,b2b_energy_and_utility_service
services_and_business > b2b_service > b2b_energy_and_utility_service > b2b_oil_and_gas > b2b_oil_and_gas_equipment,b2b_oil_and_gas_equipment,B2B Oil and Gas Equipment,4,false,b2b_energy_and_utility_service
services_and_business > b2b_service > b2b_energy_and_utility_service > b2b_oil_and_gas > b2b_oil_and_gas_exploration_and_development,b2b_oil_and_gas_exploration_and_development,B2B Oil and Gas Exploration and Development,4,false,b2b_energy_and_utility_service
services_and_business > b2b_service > b2b_energy_and_utility_service > b2b_oil_and_gas > b2b_oil_and_gas_extraction,b2b_oil_and_gas_extraction,B2B Oil and Gas Extraction,4,false,b2b_energy_and_utility_service
services_and_business > b2b_service > b2b_energy_and_utility_service > b2b_oil_and_gas > b2b_oil_refinery,b2b_oil_refinery,B2B Oil Refinery,4,false,b2b_energy_and_utility_service
services_and_business > b2b_service > b2b_energy_and_utility_service > b2b_power_plants_and_power_plant_service,b2b_power_plants_and_power_plant_service,B2B Power Plants and Power Plant Service,3,false,b2b_energy_and_utility_service
services_and_business > b2b_service > b2b_energy_and_utility_service > energy_management_service,energy_management_service,Energy Management Service,3,false,b2b_energy_and_utility_service
services_and_business > b2b_service > b2b_environmental_service,b2b_environmental_service,B2B Environmental Service,2,false,b2b_service
services_and_business > b2b_service > b2b_environmental_service > b2b_cleaning_and_waste_management,b2b_cleaning_and_waste_management,B2B Cleaning and Waste Management,3,false,b2b_service
services_and_business > b2b_service > b2b_environmental_service > b2b_water_treatment_service,b2b_water_treatment_service,B2B Water Treatment Service,3,false,b2b_service
services_and_business > b2b_service > b2b_environmental_service > geological_service,geological_service,Geological Service,3,false,b2b_service
services_and_business > b2b_service > b2b_environmental_service > logging_contractor,logging_contractor,Logging Contractor,3,false,b2b_service
services_and_business > b2b_service > b2b_environmental_service > logging_equipment_and_supplies,logging_equipment_and_supplies,Logging Equipment and Supplies,3,false,b2b_service
services_and_business > b2b_service > b2b_environmental_service > logging_service,logging_service,Logging Service,3,false,b2b_service
services_and_business > b2b_service > b2b_industrial_and_machine_service,b2b_industrial_and_machine_service,B2B Industrial and Machine Service,2,true,b2b_industrial_and_machine_service
services_and_business > b2b_service > b2b_industrial_and_machine_service > automation_service,automation_service,Automation Service,3,false,b2b_industrial_and_machine_service
services_and_business > b2b_service > b2b_industrial_and_machine_service > b2b_equipment_maintenance_and_repair,b2b_equipment_maintenance_and_repair,B2B Equipment Maintenance and Repair,3,false,b2b_industrial_and_machine_service
services_and_business > b2b_service > b2b_industrial_and_machine_service > casting_molding_service,casting_molding_service,Casting Molding Service,3,false,b2b_industrial_and_machine_service
services_and_business > b2b_service > b2b_industrial_and_machine_service > chemical_plant,chemical_plant,Chemical Plant,3,false,b2b_industrial_and_machine_service
services_and_business > b2b_service > b2b_industrial_and_machine_service > inventory_control_service,inventory_control_service,Inventory Control Service,3,false,b2b_industrial_and_machine_service
services_and_business > b2b_service > b2b_industrial_and_machine_service > laser_cutting_service,laser_cutting_service,Laser Cutting Service,3,false,b2b_industrial_and_machine_service
services_and_business > b2b_service > b2b_industrial_and_machine_service > manufacturing_and_industrial_consultant,manufacturing_and_industrial_consultant,Manufacturing and Industrial Consultant,3,false,b2b_industrial_and_machine_service
services_and_business > b2b_service > b2b_industrial_and_machine_service > metal_plating_service,metal_plating_service,Metal Plating Service,3,false,b2b_industrial_and_machine_service
services_and_business > b2b_service > b2b_industrial_and_machine_service > occupational_safety,occupational_safety,Occupational Safety,3,false,b2b_industrial_and_machine_service
services_and_business > b2b_service > b2b_industrial_and_machine_service > plastic_injection_molding_service,plastic_injection_molding_service,Plastic Injection Molding Service,3,false,b2b_industrial_and_machine_service
services_and_business > b2b_service > b2b_industrial_and_machine_service > turnery,turnery,Turnery,3,false,b2b_industrial_and_machine_service
services_and_business > b2b_service > b2b_media_service,b2b_media_service,B2B Media Service,2,false,b2b_service
services_and_business > b2b_service > b2b_media_service > b2b_audio_visual_production,b2b_audio_visual_production,B2B Audio Visual Production,3,false,b2b_service
services_and_business > b2b_service > b2b_medical_support_service,b2b_medical_support_service,B2B Medical Support Service,2,false,b2b_service
services_and_business > b2b_service > b2b_medical_support_service > b2b_clinical_lab,b2b_clinical_lab,B2B Clinical Lab,3,false,b2b_service
services_and_business > b2b_service > b2b_medical_support_service > b2b_dental_lab,b2b_dental_lab,B2B Dental Lab,3,false,b2b_service
services_and_business > b2b_service > b2b_medical_support_service > b2b_hospital_equipment_and_supplies,b2b_hospital_equipment_and_supplies,B2B Hospital Equipment and Supplies,3,false,b2b_service
services_and_business > b2b_service > b2b_medical_support_service > b2b_surgical_appliances_and_supplies,b2b_surgical_appliances_and_supplies,B2B Surgical Appliances and Supplies,3,false,b2b_service
services_and_business > b2b_service > b2b_office_and_professional_service,b2b_office_and_professional_service,B2B Office and Professional Service,2,true,b2b_office_and_professional_service
services_and_business > b2b_service > b2b_office_and_professional_service > b2b_advertising_and_marketing_service,b2b_advertising_and_marketing_service,B2B Advertising and Marketing Service,3,false,b2b_office_and_professional_service
services_and_business > b2b_service > b2b_office_and_professional_service > b2b_advertising_and_marketing_service > b2b_direct_mail_advertising,b2b_direct_mail_advertising,B2B Direct Mail Advertising,4,false,b2b_office_and_professional_service
services_and_business > b2b_service > b2b_office_and_professional_service > b2b_advertising_and_marketing_service > b2b_marketing_consultant,b2b_marketing_consultant,B2B Marketing Consultant,4,false,b2b_office_and_professional_service
services_and_business > b2b_service > b2b_office_and_professional_service > b2b_advertising_and_marketing_service > b2b_newspaper_advertising,b2b_newspaper_advertising,B2B Newspaper Advertising,4,false,b2b_office_and_professional_service
services_and_business > b2b_service > b2b_office_and_professional_service > b2b_advertising_and_marketing_service > b2b_outdoor_advertising,b2b_outdoor_advertising,B2B Outdoor Advertising,4,false,b2b_office_and_professional_service
services_and_business > b2b_service > b2b_office_and_professional_service > b2b_advertising_and_marketing_service > b2b_promotional_products_and_services,b2b_promotional_products_and_services,B2B Promotional Products and Services,4,false,b2b_office_and_professional_service
services_and_business > b2b_service > b2b_office_and_professional_service > b2b_advertising_and_marketing_service > b2b_publicity_service,b2b_publicity_service,B2B Publicity Service,4,false,b2b_office_and_professional_service
services_and_business > b2b_service > b2b_office_and_professional_service > b2b_advertising_and_marketing_service > b2b_radio_and_television_commercials,b2b_radio_and_television_commercials,B2B Radio and Television Commercials,4,false,b2b_office_and_professional_service
services_and_business > b2b_service > b2b_office_and_professional_service > b2b_advertising_and_marketing_service > b2b_signage_service,b2b_signage_service,B2B Signage Service,4,false,b2b_office_and_professional_service
services_and_business > b2b_service > b2b_office_and_professional_service > b2b_advertising_and_marketing_service > b2b_telemarketing_service,b2b_telemarketing_service,B2B Telemarketing Service,4,false,b2b_office_and_professional_service
services_and_business > b2b_service > b2b_office_and_professional_service > b2b_background_check_service,b2b_background_check_service,B2B Background Check Service,3,false,b2b_office_and_professional_service
services_and_business > b2b_service > b2b_office_and_professional_service > b2b_business_management_service,b2b_business_management_service,B2B Business Management Service,3,false,b2b_office_and_professional_service
services_and_business > b2b_service > b2b_office_and_professional_service > b2b_business_management_service > b2b_executive_search_consultants,b2b_executive_search_consultants,B2B Executive Search Consultants,4,false,b2b_office_and_professional_service
services_and_business > b2b_service > b2b_office_and_professional_service > b2b_business_management_service > b2b_secretarial_service,b2b_secretarial_service,B2B Secretarial Service,4,false,b2b_office_and_professional_service
services_and_business > b2b_service > b2b_office_and_professional_service > b2b_domestic_trade_service,b2b_domestic_trade_service,B2B Domestic Trade Service,3,false,b2b_office_and_professional_service
services_and_business > b2b_service > b2b_office_and_professional_service > b2b_human_resource_service,b2b_human_resource_service,B2B Human Resource Service,3,false,b2b_office_and_professional_service
services_and_business > b2b_service > b2b_office_and_professional_service > b2b_international_trade_service,b2b_international_trade_service,B2B International Trade Service,3,false,b2b_office_and_professional_service
services_and_business > b2b_service > b2b_office_and_professional_service > b2b_records_storage_service,b2b_records_storage_service,B2B Records Storage Service,3,false,b2b_office_and_professional_service
services_and_business > b2b_service > b2b_office_and_professional_service > restaurant_management,restaurant_management,Restaurant Management,3,false,b2b_office_and_professional_service
services_and_business > b2b_service > b2b_office_and_professional_service > transcription_service,transcription_service,Transcription Service,3,false,b2b_office_and_professional_service
services_and_business > b2b_service > b2b_office_and_professional_service > translating_and_interpreting_service,translating_and_interpreting_service,Translating and Interpreting Service,3,false,b2b_office_and_professional_service
services_and_business > b2b_service > b2b_science_and_technology_service,b2b_science_and_technology_service,B2B Science and Technology Service,2,true,b2b_science_and_technology_service
services_and_business > b2b_service > b2b_science_and_technology_service > b2b_scientific_equipment,b2b_scientific_equipment,B2B Scientific Equipment,3,false,b2b_science_and_technology_service
services_and_business > b2b_service > b2b_science_and_technology_service > b2b_scientific_lab,b2b_scientific_lab,B2B Scientific Lab,3,false,b2b_science_and_technology_service
services_and_business > b2b_service > b2b_telecommunications_service,b2b_telecommunications_service,B2B Telecommunications Service,2,false,b2b_service
services_and_business > b2b_service > b2b_telecommunications_service > tower_communication_service,tower_communication_service,Tower Communication Service,3,false,b2b_service
services_and_business > b2b_service > b2b_transportation_and_storage_service,b2b_transportation_and_storage_service,B2B Transportation and Storage Service,2,true,b2b_transportation_and_storage_service
services_and_business > b2b_service > b2b_transportation_and_storage_service > b2b_storage,b2b_storage,B2B Storage,3,false,b2b_transportation_and_storage_service
services_and_business > b2b_service > b2b_transportation_and_storage_service > b2b_storage > warehouse,warehouse,Warehouse,4,false,b2b_transportation_and_storage_service
services_and_business > b2b_service > b2b_transportation_and_storage_service > b2b_storage > warehouse_rental_service_yard,warehouse_rental_service_yard,Warehouse Rental Service Yard,4,false,b2b_transportation_and_storage_service
services_and_business > b2b_service > b2b_transportation_and_storage_service > freight_and_cargo_service,freight_and_cargo_service,Freight and Cargo Service,3,false,b2b_transportation_and_storage_service
services_and_business > b2b_service > b2b_transportation_and_storage_service > freight_and_cargo_service > distribution_service,distribution_service,Distribution Service,4,false,b2b_transportation_and_storage_service
services_and_business > b2b_service > b2b_transportation_and_storage_service > freight_and_cargo_service > freight_forwarding_agency,freight_forwarding_agency,Freight Forwarding Agency,4,false,b2b_transportation_and_storage_service
services_and_business > b2b_service > b2b_transportation_and_storage_service > motor_freight_trucking,motor_freight_trucking,Motor Freight Trucking,3,false,b2b_transportation_and_storage_service
services_and_business > b2b_service > b2b_transportation_and_storage_service > pipeline_transportation,pipeline_transportation,Pipeline Transportation,3,false,b2b_transportation_and_storage_service
services_and_business > b2b_service > b2b_transportation_and_storage_service > railroad_freight,railroad_freight,Railroad Freight,3,false,b2b_transportation_and_storage_service
services_and_business > b2b_service > b2b_transportation_and_storage_service > truck_and_industrial_vehicle_services,truck_and_industrial_vehicle_services,Truck and Industrial Vehicle Services,3,false,b2b_transportation_and_storage_service
services_and_business > b2b_service > b2b_transportation_and_storage_service > truck_and_industrial_vehicle_services > tractor_dealer,tractor_dealer,Tractor Dealer,4,false,b2b_transportation_and_storage_service
services_and_business > b2b_service > b2b_transportation_and_storage_service > truck_and_industrial_vehicle_services > truck_parts_and_accessories,truck_parts_and_accessories,Truck Parts and Accessories,4,false,b2b_transportation_and_storage_service
services_and_business > b2b_service > commercial_industrial,commercial_industrial,Commercial Industrial,2,false,b2b_service
services_and_business > b2b_service > manufacturer,manufacturer,Manufacturer,2,true,manufacturer
services_and_business > b2b_service > manufacturer > apparel_manufacturer,apparel_manufacturer,Apparel Manufacturer,3,false,manufacturer
services_and_business > b2b_service > manufacturer > apparel_manufacturer > shoe_factory_manufacturer,shoe_factory_manufacturer,Shoe Factory Manufacturer,4,false,manufacturer
services_and_business > b2b_service > manufacturer > appliance_manufacturer,appliance_manufacturer,Appliance Manufacturer,3,false,manufacturer
services_and_business > b2b_service > manufacturer > cosmetic_products_manufacturer,cosmetic_products_manufacturer,Cosmetic Products Manufacturer,3,false,manufacturer
services_and_business > b2b_service > manufacturer > furniture_manufacturer,furniture_manufacturer,Furniture Manufacturer,3,false,manufacturer
services_and_business > b2b_service > manufacturer > glass_manufacturer,glass_manufacturer,Glass Manufacturer,3,false,manufacturer
services_and_business > b2b_service > manufacturer > hardware_and_fastener_manufacturer,hardware_and_fastener_manufacturer,Hardware and Fastener Manufacturer,3,false,manufacturer
services_and_business > b2b_service > manufacturer > jewelry_and_watches_manufacturer,jewelry_and_watches_manufacturer,Jewelry and Watches Manufacturer,3,false,manufacturer
services_and_business > b2b_service > manufacturer > jewelry_manufacturer,jewelry_manufacturer,Jewelry Manufacturer,3,false,manufacturer
services_and_business > b2b_service > manufacturer > leather_products_manufacturer,leather_products_manufacturer,Leather Products Manufacturer,3,false,manufacturer
services_and_business > b2b_service > manufacturer > lighting_fixture_manufacturer,lighting_fixture_manufacturer,Lighting Fixture Manufacturer,3,false,manufacturer
services_and_business > b2b_service > manufacturer > machinery_and_tool_manufacturer,machinery_and_tool_manufacturer,Machinery and Tool Manufacturer,3,false,manufacturer
services_and_business > b2b_service > manufacturer > machinery_and_tool_manufacturer > industrial_equipment_manufacturer,industrial_equipment_manufacturer,Industrial Equipment Manufacturer,4,false,manufacturer
services_and_business > b2b_service > manufacturer > mattress_manufacturing,mattress_manufacturing,Mattress Manufacturing,3,false,manufacturer
services_and_business > b2b_service > manufacturer > metal_fabricator,metal_fabricator,Metal Fabricator,3,false,manufacturer
services_and_business > b2b_service > manufacturer > metal_fabricator > iron_fabricator,iron_fabricator,Iron Fabricator,4,false,manufacturer
services_and_business > b2b_service > manufacturer > metal_fabricator > sheet_metal_fabricator,sheet_metal_fabricator,Sheet Metal Fabricator,4,false,manufacturer
services_and_business > b2b_service > manufacturer > metal_fabricator > steel_fabricator,steel_fabricator,Steel Fabricator,4,false,manufacturer
services_and_business > b2b_service > manufacturer > mill,mill,Mill,3,false,manufacturer
services_and_business > b2b_service > manufacturer > mill > cotton_mill,cotton_mill,Cotton Mill,4,false,manufacturer
services_and_business > b2b_service > manufacturer > mill > flour_mill,flour_mill,Flour Mill,4,false,manufacturer
services_and_business > b2b_service > manufacturer > mill > paper_mill,paper_mill,Paper Mill,4,false,manufacturer
services_and_business > b2b_service > manufacturer > mill > rice_mill,rice_mill,Rice Mill,4,false,manufacturer
services_and_business > b2b_service > manufacturer > mill > sawmill,sawmill,Sawmill,4,false,manufacturer
services_and_business > b2b_service > manufacturer > mill > textile_mill,textile_mill,Textile Mill,4,false,manufacturer
services_and_business > b2b_service > manufacturer > mill > weaving_mill,weaving_mill,Weaving Mill,4,false,manufacturer
services_and_business > b2b_service > manufacturer > plastic_manufacturer,plastic_manufacturer,Plastic Manufacturer,3,false,manufacturer
services_and_business > b2b_service > manufacturer > rubber_and_plastics_manufacturer,rubber_and_plastics_manufacturer,Rubber and Plastics Manufacturer,3,false,manufacturer
services_and_business > b2b_service > manufacturer > sporting_goods_manufacturer,sporting_goods_manufacturer,Sporting Goods Manufacturer,3,false,manufacturer
services_and_business > b2b_service > manufacturer > textile_manufacturer,textile_manufacturer,Textile Manufacturer,3,false,manufacturer
services_and_business > b2b_service > manufacturer > vehicle_manufacturer,vehicle_manufacturer,Vehicle Manufacturer,3,false,manufacturer
services_and_business > b2b_service > manufacturer > vehicle_manufacturer > aircraft_manufacturer,aircraft_manufacturer,Aircraft Manufacturer,4,false,manufacturer
services_and_business > b2b_service > manufacturer > vehicle_manufacturer > auto_manufacturer,auto_manufacturer,Auto Manufacturer,4,false,manufacturer
services_and_business > b2b_service > manufacturer > vehicle_manufacturer > boat_and_ship_manufacturer,boat_and_ship_manufacturer,Boat and Ship Manufacturer,4,false,manufacturer
services_and_business > b2b_service > manufacturer > vehicle_manufacturer > motorcycle_manufacturer,motorcycle_manufacturer,Motorcycle Manufacturer,4,false,manufacturer
services_and_business > b2b_service > manufacturer > vehicle_parts_manufacturer,vehicle_parts_manufacturer,Vehicle Parts Manufacturer,3,false,manufacturer
services_and_business > b2b_service > manufacturer > vehicle_parts_manufacturer > tires_manufacturer,tires_manufacturer,Tires Manufacturer,4,false,manufacturer
services_and_business > b2b_service > supplier_or_distributor,supplier_or_distributor,Supplier or Distributor,2,true,supplier_or_distributor
services_and_business > b2b_service > supplier_or_distributor > abrasives_supplier,abrasives_supplier,Abrasives Supplier,3,false,supplier_or_distributor
services_and_business > b2b_service > supplier_or_distributor > aggregate_supplier,aggregate_supplier,Aggregate Supplier,3,false,supplier_or_distributor
services_and_business > b2b_service > supplier_or_distributor > aluminum_supplier,aluminum_supplier,Aluminum Supplier,3,false,supplier_or_distributor
services_and_business > b2b_service > supplier_or_distributor > awning_supplier,awning_supplier,Awning Supplier,3,false,supplier_or_distributor
services_and_business > b2b_service > supplier_or_distributor > battery_inverter_supplier,battery_inverter_supplier,Battery Inverter Supplier,3,false,supplier_or_distributor
services_and_business > b2b_service > supplier_or_distributor > bearing_supplier,bearing_supplier,Bearing Supplier,3,false,supplier_or_distributor
services_and_business > b2b_service > supplier_or_distributor > beauty_product_supplier,beauty_product_supplier,Beauty Product Supplier,3,false,supplier_or_distributor
services_and_business > b2b_service > supplier_or_distributor > beverage_supplier,beverage_supplier,Beverage Supplier,3,false,supplier_or_distributor
services_and_business > b2b_service > supplier_or_distributor > box_lunch_supplier,box_lunch_supplier,Box Lunch Supplier,3,false,supplier_or_distributor
services_and_business > b2b_service > supplier_or_distributor > business_office_supplies_and_stationery,business_office_supplies_and_stationery,Business Office Supplies and Stationery,3,false,supplier_or_distributor
services_and_business > b2b_service > supplier_or_distributor > cement_supplier,cement_supplier,Cement Supplier,3,false,supplier_or_distributor
services_and_business > b2b_service > supplier_or_distributor > cleaning_products_supplier,cleaning_products_supplier,Cleaning Products Supplier,3,false,supplier_or_distributor
services_and_business > b2b_service > supplier_or_distributor > corporate_gift_supplier,corporate_gift_supplier,Corporate Gift Supplier,3,false,supplier_or_distributor
services_and_business > b2b_service > supplier_or_distributor > electronic_equipment_supplier,electronic_equipment_supplier,Electronic Equipment Supplier,3,false,supplier_or_distributor
services_and_business > b2b_service > supplier_or_distributor > electronic_parts_supplier,electronic_parts_supplier,Electronic Parts Supplier,3,false,supplier_or_distributor
services_and_business > b2b_service > supplier_or_distributor > fastener_supplier,fastener_supplier,Fastener Supplier,3,false,supplier_or_distributor
services_and_business > b2b_service > supplier_or_distributor > food_beverage_distributor,food_beverage_distributor,Food Beverage Distributor,3,false,supplier_or_distributor
services_and_business > b2b_service > supplier_or_distributor > granite_supplier,granite_supplier,Granite Supplier,3,false,supplier_or_distributor
services_and_business > b2b_service > supplier_or_distributor > hotel_supply_service,hotel_supply_service,Hotel Supply Service,3,false,supplier_or_distributor
services_and_business > b2b_service > supplier_or_distributor > hvac_supplier,hvac_supplier,HVAC Supplier,3,false,supplier_or_distributor
services_and_business > b2b_service > supplier_or_distributor > hydraulic_equipment_supplier,hydraulic_equipment_supplier,Hydraulic Equipment Supplier,3,false,supplier_or_distributor
services_and_business > b2b_service > supplier_or_distributor > ice_supplier,ice_supplier,Ice Supplier,3,false,supplier_or_distributor
services_and_business > b2b_service > supplier_or_distributor > import_export_service,import_export_service,Import Export Service,3,false,supplier_or_distributor
services_and_business > b2b_service > supplier_or_distributor > import_export_service > exporter,exporter,Exporter,4,false,supplier_or_distributor
services_and_business > b2b_service > supplier_or_distributor > import_export_service > exporter > food_and_beverage_exporter,food_and_beverage_exporter,Food and Beverage Exporter,5,false,supplier_or_distributor
services_and_business > b2b_service > supplier_or_distributor > import_export_service > importer,importer,Importer,4,false,supplier_or_distributor
services_and_business > b2b_service > supplier_or_distributor > laboratory_equipment_supplier,laboratory_equipment_supplier,Laboratory Equipment Supplier,3,false,supplier_or_distributor
services_and_business > b2b_service > supplier_or_distributor > metal_supplier,metal_supplier,Metal Supplier,3,false,supplier_or_distributor
services_and_business > b2b_service > supplier_or_distributor > pipe_supplier,pipe_supplier,Pipe Supplier,3,false,supplier_or_distributor
services_and_business > b2b_service > supplier_or_distributor > playground_equipment_supplier,playground_equipment_supplier,Playground Equipment Supplier,3,false,supplier_or_distributor
services_and_business > b2b_service > supplier_or_distributor > printing_equipment_supplier,printing_equipment_supplier,Printing Equipment Supplier,3,false,supplier_or_distributor
services_and_business > b2b_service > supplier_or_distributor > propane_supplier,propane_supplier,Propane Supplier,3,false,supplier_or_distributor
services_and_business > b2b_service > supplier_or_distributor > restaurant_equipment_and_supply,restaurant_equipment_and_supply,Restaurant Equipment and Supply,3,false,supplier_or_distributor
services_and_business > b2b_service > supplier_or_distributor > retaining_wall_supplier,retaining_wall_supplier,Retaining Wall Supplier,3,false,supplier_or_distributor
services_and_business > b2b_service > supplier_or_distributor > sand_and_gravel_supplier,sand_and_gravel_supplier,Sand and Gravel Supplier,3,false,supplier_or_distributor
services_and_business > b2b_service > supplier_or_distributor > scale_supplier,scale_supplier,Scale Supplier,3,false,supplier_or_distributor
services_and_business > b2b_service > supplier_or_distributor > seal_and_hanko_supplier,seal_and_hanko_supplier,Seal and Hanko Supplier,3,false,supplier_or_distributor
services_and_business > b2b_service > supplier_or_distributor > spring_supplier,spring_supplier,Spring Supplier,3,false,supplier_or_distributor
services_and_business > b2b_service > supplier_or_distributor > stone_supplier,stone_supplier,Stone Supplier,3,false,supplier_or_distributor
services_and_business > b2b_service > supplier_or_distributor > tableware_supplier,tableware_supplier,Tableware Supplier,3,false,supplier_or_distributor
services_and_business > b2b_service > supplier_or_distributor > tent_house_supplier,tent_house_supplier,Tent House Supplier,3,false,supplier_or_distributor
services_and_business > b2b_service > supplier_or_distributor > thread_supplier,thread_supplier,Thread Supplier,3,false,supplier_or_distributor
services_and_business > b2b_service > supplier_or_distributor > vending_machine_supplier,vending_machine_supplier,Vending Machine Supplier,3,false,supplier_or_distributor
services_and_business > b2b_service > supplier_or_distributor > water_softening_equipment_supplier,water_softening_equipment_supplier,Water Softening Equipment Supplier,3,false,supplier_or_distributor
services_and_business > b2b_service > supplier_or_distributor > window_supplier,window_supplier,Window Supplier,3,false,supplier_or_distributor
services_and_business > b2b_service > wholesaler,wholesaler,Wholesaler,2,true,wholesaler
services_and_business > b2b_service > wholesaler > computer_wholesaler,computer_wholesaler,Computer Wholesaler,3,false,wholesaler
services_and_business > b2b_service > wholesaler > electrical_wholesaler,electrical_wholesaler,Electrical Wholesaler,3,false,wholesaler
services_and_business > b2b_service > wholesaler > fabric_wholesaler,fabric_wholesaler,Fabric Wholesaler,3,false,wholesaler
services_and_business > b2b_service > wholesaler > fitness_equipment_wholesaler,fitness_equipment_wholesaler,Fitness Equipment Wholesaler,3,false,wholesaler
services_and_business > b2b_service > wholesaler > fmcg_wholesaler,fmcg_wholesaler,Fmcg Wholesaler,3,false,wholesaler
services_and_business > b2b_service > wholesaler > footwear_wholesaler,footwear_wholesaler,Footwear Wholesaler,3,false,wholesaler
services_and_business > b2b_service > wholesaler > furniture_wholesaler,furniture_wholesaler,Furniture Wholesaler,3,false,wholesaler
services_and_business > b2b_service > wholesaler > greengrocer,greengrocer,Greengrocer,3,false,wholesaler
services_and_business > b2b_service > wholesaler > industrial_spares_and_products_wholesaler,industrial_spares_and_products_wholesaler,Industrial Spares and Products Wholesaler,3,false,wholesaler
services_and_business > b2b_service > wholesaler > iron_and_steel_store,iron_and_steel_store,Iron and Steel Store,3,false,wholesaler
services_and_business > b2b_service > wholesaler > lingerie_wholesaler,lingerie_wholesaler,Lingerie Wholesaler,3,false,wholesaler
services_and_business > b2b_service > wholesaler > meat_wholesaler,meat_wholesaler,Meat Wholesaler,3,false,wholesaler
services_and_business > b2b_service > wholesaler > optical_wholesaler,optical_wholesaler,Optical Wholesaler,3,false,wholesaler
services_and_business > b2b_service > wholesaler > pharmaceutical_products_wholesaler,pharmaceutical_products_wholesaler,Pharmaceutical Products Wholesaler,3,false,wholesaler
services_and_business > b2b_service > wholesaler > produce_wholesaler,produce_wholesaler,Produce Wholesaler,3,false,wholesaler
services_and_business > b2b_service > wholesaler > restaurant_wholesale,restaurant_wholesale,Restaurant Wholesale,3,false,wholesaler
services_and_business > b2b_service > wholesaler > seafood_wholesaler,seafood_wholesaler,Seafood Wholesaler,3,false,wholesaler
services_and_business > b2b_service > wholesaler > spices_wholesaler,spices_wholesaler,Spices Wholesaler,3,false,wholesaler
services_and_business > b2b_service > wholesaler > tea_wholesaler,tea_wholesaler,Tea Wholesaler,3,false,wholesaler
services_and_business > b2b_service > wholesaler > threads_and_yarns_wholesaler,threads_and_yarns_wholesaler,Threads and Yarns Wholesaler,3,false,wholesaler
services_and_business > b2b_service > wholesaler > tools_wholesaler,tools_wholesaler,Tools Wholesaler,3,false,wholesaler
services_and_business > b2b_service > wholesaler > wholesale_florist,wholesale_florist,Wholesale Florist,3,false,wholesaler
services_and_business > b2b_service > wholesaler > wholesale_grocer,wholesale_grocer,Wholesale Grocer,3,false,wholesaler
services_and_business > b2b_service > wholesaler > wine_wholesaler,wine_wholesaler,Wine Wholesaler,3,false,wholesaler
services_and_business > building_or_construction_service,building_or_construction_service,Building or Construction Service,1,true,building_or_construction_service
services_and_business > building_or_construction_service > blacksmith,blacksmith,Blacksmith,2,false,building_or_construction_service
services_and_business > building_or_construction_service > blueprinter,blueprinter,Blueprinter,2,false,building_or_construction_service
services_and_business > building_or_construction_service > civil_engineer,civil_engineer,Civil Engineer,2,false,building_or_construction_service
services_and_business > building_or_construction_service > construction_management,construction_management,Construction Management,2,false,building_or_construction_service
services_and_business > building_or_construction_service > crane_service,crane_service,Crane Service,2,false,building_or_construction_service
services_and_business > building_or_construction_service > engineering_service,engineering_service,Engineering Service,2,false,building_or_construction_service
services_and_business > building_or_construction_service > gravel_professional,gravel_professional,Gravel Professional,2,false,building_or_construction_service
services_and_business > building_or_construction_service > inspection_service,inspection_service,Inspection Service,2,false,building_or_construction_service
services_and_business > building_or_construction_service > instrumentation_engineer,instrumentation_engineer,Instrumentation Engineer,2,false,building_or_construction_service
services_and_business > building_or_construction_service > ironworker,ironworker,Ironworker,2,false,building_or_construction_service
services_and_business > building_or_construction_service > lime_professional,lime_professional,Lime Professional,2,false,building_or_construction_service
services_and_business > building_or_construction_service > marble_and_granite_professional,marble_and_granite_professional,Marble and Granite Professional,2,false,building_or_construction_service
services_and_business > building_or_construction_service > masonry_contractor,masonry_contractor,Masonry Contractor,2,false,building_or_construction_service
services_and_business > building_or_construction_service > mechanical_engineer,mechanical_engineer,Mechanical Engineer,2,false,building_or_construction_service
services_and_business > building_or_construction_service > metal_material_expert,metal_material_expert,Metal Material Expert,2,false,building_or_construction_service
services_and_business > building_or_construction_service > road_contractor,road_contractor,Road Contractor,2,false,building_or_construction_service
services_and_business > building_or_construction_service > stone_and_masonry,stone_and_masonry,Stone and Masonry,2,false,building_or_construction_service
services_and_business > building_or_construction_service > welder,welder,Welder,2,false,building_or_construction_service
services_and_business > corporate_or_business_office,corporate_or_business_office,Corporate or Business Office,1,true,corporate_or_business_office
services_and_business > corporate_or_business_office > auto_company,auto_company,Auto Company,2,false,corporate_or_business_office
services_and_business > corporate_or_business_office > bags_luggage_company,bags_luggage_company,Bags Luggage Company,2,false,corporate_or_business_office
services_and_business > corporate_or_business_office > biotechnology_company,biotechnology_company,Biotechnology Company,2,false,corporate_or_business_office
services_and_business > corporate_or_business_office > bottled_water_company,bottled_water_company,Bottled Water Company,2,false,corporate_or_business_office
services_and_business > corporate_or_business_office > clothing_company,clothing_company,Clothing Company,2,false,corporate_or_business_office
services_and_business > corporate_or_business_office > energy_company,energy_company,Energy Company,2,false,corporate_or_business_office
services_and_business > corporate_or_business_office > ferry_boat_company,ferry_boat_company,Ferry Boat Company,2,false,corporate_or_business_office
services_and_business > corporate_or_business_office > industrial_company,industrial_company,Industrial Company,2,false,corporate_or_business_office
services_and_business > corporate_or_business_office > information_technology_company,information_technology_company,Information Technology Company,2,false,corporate_or_business_office
services_and_business > corporate_or_business_office > pharmaceutical_company,pharmaceutical_company,Pharmaceutical Company,2,false,corporate_or_business_office
services_and_business > corporate_or_business_office > plastics_company,plastics_company,Plastics Company,2,false,corporate_or_business_office
services_and_business > corporate_or_business_office > private_association,private_association,Private Association,2,false,corporate_or_business_office
services_and_business > corporate_or_business_office > telecommunications_company,telecommunications_company,Telecommunications Company,2,false,corporate_or_business_office
services_and_business > corporate_or_business_office > tobacco_company,tobacco_company,Tobacco Company,2,false,corporate_or_business_office
services_and_business > corporate_or_business_office > travel_company,travel_company,Travel Company,2,false,corporate_or_business_office
services_and_business > design_service,design_service,Design Service,1,true,design_service
services_and_business > design_service > architect,architect,Architect,2,false,design_service
services_and_business > design_service > architectural_designer,architectural_designer,Architectural Designer,2,false,design_service
services_and_business > design_service > graphic_designer,graphic_designer,Graphic Designer,2,false,design_service
services_and_business > design_service > product_design,product_design,Product Design,2,false,design_service
services_and_business > design_service > sign_making,sign_making,Sign Making,2,false,design_service
services_and_business > design_service > web_designer,web_designer,Web Designer,2,false,design_service
services_and_business > environmental_or_ecological_service,environmental_or_ecological_service,Environmental or Ecological Service,1,true,environmental_or_ecological_service
services_and_business > environmental_or_ecological_service > environmental_abatement_service,environmental_abatement_service,Environmental Abatement Service,2,false,environmental_or_ecological_service
services_and_business > environmental_or_ecological_service > environmental_conservation_organization,environmental_conservation_organization,Environmental Conservation Organization,2,false,environmental_or_ecological_service
services_and_business > environmental_or_ecological_service > environmental_testing_service,environmental_testing_service,Environmental Testing Service,2,false,environmental_or_ecological_service
services_and_business > environmental_or_ecological_service > forestry_service,forestry_service,Forestry Service,2,false,environmental_or_ecological_service
services_and_business > environmental_or_ecological_service > wildlife_control,wildlife_control,Wildlife Control,2,false,environmental_or_ecological_service
services_and_business > event_or_party_service,event_or_party_service,Event or Party Service,1,true,event_or_party_service
services_and_business > event_or_party_service > audiovisual_equipment_rental,audiovisual_equipment_rental,Audiovisual Equipment Rental,2,false,event_or_party_service
services_and_business > event_or_party_service > balloon_service,balloon_service,Balloon Service,2,false,event_or_party_service
services_and_business > event_or_party_service > bartender,bartender,Bartender,2,false,event_or_party_service
services_and_business > event_or_party_service > boat_charter,boat_charter,Boat Charter,2,false,event_or_party_service
services_and_business > event_or_party_service > bounce_house_rental,bounce_house_rental,Bounce House Rental,2,false,event_or_party_service
services_and_business > event_or_party_service > caricature,caricature,Caricature,2,false,event_or_party_service
services_and_business > event_or_party_service > caterer,caterer,Caterer,2,false,event_or_party_service
services_and_business > event_or_party_service > clown,clown,Clown,2,false,event_or_party_service
services_and_business > event_or_party_service > dj_service,dj_service,DJ Service,2,false,event_or_party_service
services_and_business > event_or_party_service > event_technology_service,event_technology_service,Event Technology Service,2,false,event_or_party_service
services_and_business > event_or_party_service > face_painting,face_painting,Face Painting,2,false,event_or_party_service
services_and_business > event_or_party_service > floral_designer,floral_designer,Floral Designer,2,false,event_or_party_service
services_and_business > event_or_party_service > game_truck_rental,game_truck_rental,Game Truck Rental,2,false,event_or_party_service
services_and_business > event_or_party_service > golf_cart_rental,golf_cart_rental,Golf Cart Rental,2,false,event_or_party_service
services_and_business > event_or_party_service > henna_artist,henna_artist,Henna Artist,2,false,event_or_party_service
services_and_business > event_or_party_service > karaoke_rental,karaoke_rental,Karaoke Rental,2,false,event_or_party_service
services_and_business > event_or_party_service > kids_recreation_and_party,kids_recreation_and_party,Kids Recreation and Party,2,false,event_or_party_service
services_and_business > event_or_party_service > magician,magician,Magician,2,false,event_or_party_service
services_and_business > event_or_party_service > mohel,mohel,Mohel,2,false,event_or_party_service
services_and_business > event_or_party_service > musician,musician,Musician,2,false,event_or_party_service
services_and_business > event_or_party_service > officiating_service,officiating_service,Officiating Service,2,false,event_or_party_service
services_and_business > event_or_party_service > party_and_event_planning,party_and_event_planning,Party and Event Planning,2,false,event_or_party_service
services_and_business > event_or_party_service > party_bike_rental,party_bike_rental,Party Bike Rental,2,false,event_or_party_service
services_and_business > event_or_party_service > party_bus_rental,party_bus_rental,Party Bus Rental,2,false,event_or_party_service
services_and_business > event_or_party_service > party_character,party_character,Party Character,2,false,event_or_party_service
services_and_business > event_or_party_service > party_equipment_rental,party_equipment_rental,Party Equipment Rental,2,false,event_or_party_service
services_and_business > event_or_party_service > personal_chef,personal_chef,Personal Chef,2,false,event_or_party_service
services_and_business > event_or_party_service > photo_booth_rental,photo_booth_rental,Photo Booth Rental,2,false,event_or_party_service
services_and_business > event_or_party_service > silent_disco,silent_disco,Silent Disco,2,false,event_or_party_service
services_and_business > event_or_party_service > sommelier_service,sommelier_service,Sommelier Service,2,false,event_or_party_service
services_and_business > event_or_party_service > team_building_activity,team_building_activity,Team Building Activity,2,false,event_or_party_service
services_and_business > event_or_party_service > trivia_host,trivia_host,Trivia Host,2,false,event_or_party_service
services_and_business > event_or_party_service > valet_service,valet_service,Valet Service,2,false,event_or_party_service
services_and_business > event_or_party_service > videographer,videographer,Videographer,2,false,event_or_party_service
services_and_business > event_or_party_service > wedding_chapel,wedding_chapel,Wedding Chapel,2,false,event_or_party_service
services_and_business > event_or_party_service > wedding_planning,wedding_planning,Wedding Planning,2,false,event_or_party_service
services_and_business > family_service,family_service,Family Service,1,true,family_service
services_and_business > family_service > adoption_service,adoption_service,Adoption Service,2,false,family_service
services_and_business > family_service > child_care_and_day_care,child_care_and_day_care,Child Care and Day Care,2,false,family_service
services_and_business > family_service > child_care_and_day_care > day_care_preschool,day_care_preschool,Day Care Preschool,3,false,family_service
services_and_business > family_service > elder_care_planning,elder_care_planning,Elder Care Planning,2,false,family_service
services_and_business > family_service > family_service_center,family_service_center,Family Service Center,2,false,family_service
services_and_business > family_service > funeral_service,funeral_service,Funeral Service,2,false,family_service
services_and_business > family_service > funeral_service > cremation_service,cremation_service,Cremation Service,3,false,family_service
services_and_business > family_service > funeral_service > mortuary_service,mortuary_service,Mortuary Service,3,false,family_service
services_and_business > family_service > genealogist,genealogist,Genealogist,2,false,family_service
services_and_business > family_service > mobility_equipment_service,mobility_equipment_service,Mobility Equipment Service,2,false,family_service
services_and_business > family_service > nanny_service,nanny_service,Nanny Service,2,false,family_service
services_and_business > financial_service,financial_service,Financial Service,1,true,financial_service
services_and_business > financial_service > accountant,accountant,Accountant,2,false,financial_service
services_and_business > financial_service > appraisal_service,appraisal_service,Appraisal Service,2,false,financial_service
services_and_business > financial_service > atm,atm,ATM,2,true,atm
services_and_business > financial_service > bank_or_credit_union,bank_or_credit_union,Bank or Credit Union,2,true,bank_or_credit_union
services_and_business > financial_service > bank_or_credit_union > bank,bank,Bank,3,false,bank_or_credit_union
services_and_business > financial_service > bank_or_credit_union > credit_union,credit_union,Credit Union,3,false,bank_or_credit_union
services_and_business > financial_service > broker,broker,Broker,2,false,financial_service
services_and_business > financial_service > broker > business_broker,business_broker,Business Broker,3,false,financial_service
services_and_business > financial_service > broker > stock_and_bond_broker,stock_and_bond_broker,Stock and Bond Broker,3,false,financial_service
services_and_business > financial_service > business_banking_service,business_banking_service,Business Banking Service,2,false,financial_service
services_and_business > financial_service > business_financing,business_financing,Business Financing,2,false,financial_service
services_and_business > financial_service > check_cashing_payday_loans,check_cashing_payday_loans,Check Cashing Payday Loans,2,false,financial_service
services_and_business > financial_service > coin_dealer,coin_dealer,Coin Dealer,2,false,financial_service
services_and_business > financial_service > collection_agency,collection_agency,Collection Agency,2,false,financial_service
services_and_business > financial_service > credit_and_debt_counseling,credit_and_debt_counseling,Credit and Debt Counseling,2,false,financial_service
services_and_business > financial_service > currency_exchange,currency_exchange,Currency Exchange,2,false,financial_service
services_and_business > financial_service > customs_broker,customs_broker,Customs Broker,2,false,financial_service
services_and_business > financial_service > debt_relief_service,debt_relief_service,Debt Relief Service,2,false,financial_service
services_and_business > financial_service > financial_advising,financial_advising,Financial Advising,2,false,financial_service
services_and_business > financial_service > gold_buyer,gold_buyer,Gold Buyer,2,false,financial_service
services_and_business > financial_service > holding_company,holding_company,Holding Company,2,false,financial_service
services_and_business > financial_service > installment_loans,installment_loans,Installment Loans,2,false,financial_service
services_and_business > financial_service > installment_loans > auto_loan_provider,auto_loan_provider,Auto Loan Provider,3,false,financial_service
services_and_business > financial_service > installment_loans > mortgage_lender,mortgage_lender,Mortgage Lender,3,false,financial_service
services_and_business > financial_service > insurance_agency,insurance_agency,Insurance Agency,2,false,financial_service
services_and_business > financial_service > insurance_agency > auto_insurance,auto_insurance,Auto Insurance,3,false,financial_service
services_and_business > financial_service > insurance_agency > farm_insurance,farm_insurance,Farm Insurance,3,false,financial_service
services_and_business > financial_service > insurance_agency > fidelity_and_surety_bonds,fidelity_and_surety_bonds,Fidelity and Surety Bonds,3,false,financial_service
services_and_business > financial_service > insurance_agency > home_and_rental_insurance,home_and_rental_insurance,Home and Rental Insurance,3,false,financial_service
services_and_business > financial_service > insurance_agency > life_insurance,life_insurance,Life Insurance,3,false,financial_service
services_and_business > financial_service > investing,investing,Investing,2,false,financial_service
services_and_business > financial_service > investment_management_company,investment_management_company,Investment Management Company,2,false,financial_service
services_and_business > financial_service > money_transfer_service,money_transfer_service,Money Transfer Service,2,false,financial_service
services_and_business > financial_service > mortgage_broker,mortgage_broker,Mortgage Broker,2,false,financial_service
services_and_business > financial_service > private_equity_firm,private_equity_firm,Private Equity Firm,2,false,financial_service
services_and_business > financial_service > public_adjuster,public_adjuster,Public Adjuster,2,false,financial_service
services_and_business > financial_service > real_estate_investment,real_estate_investment,Real Estate Investment,2,false,financial_service
services_and_business > financial_service > tax_service,tax_service,Tax Service,2,false,financial_service
services_and_business > financial_service > trusts,trusts,Trusts,2,false,financial_service
services_and_business > home_service,home_service,Home Service,1,true,home_service
services_and_business > home_service > air_duct_cleaning_service,air_duct_cleaning_service,Air Duct Cleaning Service,2,false,home_service
services_and_business > home_service > antenna_service,antenna_service,Antenna Service,2,false,home_service
services_and_business > home_service > appliance_repair_service,appliance_repair_service,Appliance Repair Service,2,false,home_service
services_and_business > home_service > artificial_turf,artificial_turf,Artificial Turf,2,false,home_service
services_and_business > home_service > bathroom_remodeling,bathroom_remodeling,Bathroom Remodeling,2,false,home_service
services_and_business > home_service > bathtub_and_sink_repair,bathtub_and_sink_repair,Bathtub and Sink Repair,2,false,home_service
services_and_business > home_service > cabinet_sales_service,cabinet_sales_service,Cabinet Sales Service,2,false,home_service
services_and_business > home_service > carpenter,carpenter,Carpenter,2,false,home_service
services_and_business > home_service > carpet_cleaning,carpet_cleaning,Carpet Cleaning,2,false,home_service
services_and_business > home_service > carpet_dyeing,carpet_dyeing,Carpet Dyeing,2,false,home_service
services_and_business > home_service > carpet_installation,carpet_installation,Carpet Installation,2,false,home_service
services_and_business > home_service > ceiling_and_roofing_repair_and_service,ceiling_and_roofing_repair_and_service,Ceiling and Roofing Repair and Service,2,false,home_service
services_and_business > home_service > ceiling_and_roofing_repair_and_service > ceiling_service,ceiling_service,Ceiling Service,3,false,home_service
services_and_business > home_service > ceiling_and_roofing_repair_and_service > roofing,roofing,Roofing,3,false,home_service
services_and_business > home_service > childproofing,childproofing,Childproofing,2,false,home_service
services_and_business > home_service > chimney_service,chimney_service,Chimney Service,2,false,home_service
services_and_business > home_service > chimney_service > chimney_sweep,chimney_sweep,Chimney Sweep,3,false,home_service
services_and_business > home_service > clock_repair_service,clock_repair_service,Clock Repair Service,2,false,home_service
services_and_business > home_service > closet_remodeling,closet_remodeling,Closet Remodeling,2,false,home_service
services_and_business > home_service > community_book_box,community_book_box,Community Book Box,2,false,home_service
services_and_business > home_service > contractor,contractor,Contractor,2,false,home_service
services_and_business > home_service > contractor > altering_and_remodeling_contractor,altering_and_remodeling_contractor,Altering and Remodeling Contractor,3,false,home_service
services_and_business > home_service > contractor > building_contractor,building_contractor,Building Contractor,3,false,home_service
services_and_business > home_service > contractor > flooring_contractor,flooring_contractor,Flooring Contractor,3,false,home_service
services_and_business > home_service > contractor > paving_contractor,paving_contractor,Paving Contractor,3,false,home_service
services_and_business > home_service > countertop_installation,countertop_installation,Countertop Installation,2,false,home_service
services_and_business > home_service > damage_restoration,damage_restoration,Damage Restoration,2,false,home_service
services_and_business > home_service > damage_restoration > fire_and_water_damage_restoration,fire_and_water_damage_restoration,Fire and Water Damage Restoration,3,false,home_service
services_and_business > home_service > deck_and_railing_sales_service,deck_and_railing_sales_service,Deck and Railing Sales Service,2,false,home_service
services_and_business > home_service > demolition_service,demolition_service,Demolition Service,2,false,home_service
services_and_business > home_service > donation_center,donation_center,Donation Center,2,false,home_service
services_and_business > home_service > door_sales_service,door_sales_service,Door Sales Service,2,false,home_service
services_and_business > home_service > drywall_service,drywall_service,Drywall Service,2,false,home_service
services_and_business > home_service > electrician,electrician,Electrician,2,false,home_service
services_and_business > home_service > excavation_service,excavation_service,Excavation Service,2,false,home_service
services_and_business > home_service > exterior_design,exterior_design,Exterior Design,2,false,home_service
services_and_business > home_service > fence_and_gate_sales_service,fence_and_gate_sales_service,Fence and Gate Sales Service,2,false,home_service
services_and_business > home_service > feng_shui,feng_shui,Feng Shui,2,false,home_service
services_and_business > home_service > fire_protection_service,fire_protection_service,Fire Protection Service,2,false,home_service
services_and_business > home_service > fireplace_service,fireplace_service,Fireplace Service,2,false,home_service
services_and_business > home_service > firewood,firewood,Firewood,2,false,home_service
services_and_business > home_service > foundation_repair,foundation_repair,Foundation Repair,2,false,home_service
services_and_business > home_service > furniture_assembly,furniture_assembly,Furniture Assembly,2,false,home_service
services_and_business > home_service > furniture_rental_service,furniture_rental_service,Furniture Rental Service,2,false,home_service
services_and_business > home_service > furniture_repair,furniture_repair,Furniture Repair,2,false,home_service
services_and_business > home_service > furniture_reupholstery,furniture_reupholstery,Furniture Reupholstery,2,false,home_service
services_and_business > home_service > garage_door_service,garage_door_service,Garage Door Service,2,false,home_service
services_and_business > home_service > glass_and_mirror_sales_service,glass_and_mirror_sales_service,Glass and Mirror Sales Service,2,false,home_service
services_and_business > home_service > grout_service,grout_service,Grout Service,2,false,home_service
services_and_business > home_service > gutter_service,gutter_service,Gutter Service,2,false,home_service
services_and_business > home_service > handyman,handyman,Handyman,2,false,home_service
services_and_business > home_service > holiday_decorating_service,holiday_decorating_service,Holiday Decorating Service,2,false,home_service
services_and_business > home_service > home_automation,home_automation,Home Automation,2,false,home_service
services_and_business > home_service > home_cleaning,home_cleaning,Home Cleaning,2,false,home_service
services_and_business > home_service > home_energy_auditor,home_energy_auditor,Home Energy Auditor,2,false,home_service
services_and_business > home_service > home_inspector,home_inspector,Home Inspector,2,false,home_service
services_and_business > home_service > home_network_installation,home_network_installation,Home Network Installation,2,false,home_service
services_and_business > home_service > home_security,home_security,Home Security,2,false,home_service
services_and_business > home_service > home_window_tinting,home_window_tinting,Home Window Tinting,2,false,home_service
services_and_business > home_service > house_sitting,house_sitting,House Sitting,2,false,home_service
services_and_business > home_service > hvac_service,hvac_service,HVAC Service,2,false,home_service
services_and_business > home_service > hydro_jetting,hydro_jetting,Hydro Jetting,2,false,home_service
services_and_business > home_service > indoor_landscaping,indoor_landscaping,Indoor Landscaping,2,false,home_service
services_and_business > home_service > insulation_installation,insulation_installation,Insulation Installation,2,false,home_service
services_and_business > home_service > interior_design,interior_design,Interior Design,2,false,home_service
services_and_business > home_service > irrigation_service,irrigation_service,Irrigation Service,2,false,home_service
services_and_business > home_service > junk_removal_and_hauling,junk_removal_and_hauling,Junk Removal and Hauling,2,false,home_service
services_and_business > home_service > key_and_locksmith,key_and_locksmith,Key and Locksmith,2,false,home_service
services_and_business > home_service > kitchen_remodeling,kitchen_remodeling,Kitchen Remodeling,2,false,home_service
services_and_business > home_service > knife_sharpening,knife_sharpening,Knife Sharpening,2,false,home_service
services_and_business > home_service > landscaping,landscaping,Landscaping,2,false,home_service
services_and_business > home_service > landscaping > gardener,gardener,Gardener,3,false,home_service
services_and_business > home_service > landscaping > landscape_architect,landscape_architect,Landscape Architect,3,false,home_service
services_and_business > home_service > landscaping > lawn_service,lawn_service,Lawn Service,3,false,home_service
services_and_business > home_service > landscaping > tree_service,tree_service,Tree Service,3,false,home_service
services_and_business > home_service > lawn_mower_repair_service,lawn_mower_repair_service,Lawn Mower Repair Service,2,false,home_service
services_and_business > home_service > lighting_fixtures_and_equipment,lighting_fixtures_and_equipment,Lighting Fixtures and Equipment,2,false,home_service
services_and_business > home_service > masonry_concrete,masonry_concrete,Masonry Concrete,2,false,home_service
services_and_business > home_service > misting_system_service,misting_system_service,Misting System Service,2,false,home_service
services_and_business > home_service > mobile_home_repair,mobile_home_repair,Mobile Home Repair,2,false,home_service
services_and_business > home_service > mover,mover,Mover,2,false,home_service
services_and_business > home_service > packing_service,packing_service,Packing Service,2,false,home_service
services_and_business > home_service > painting,painting,Painting,2,false,home_service
services_and_business > home_service > patio_covers,patio_covers,Patio Covers,2,false,home_service
services_and_business > home_service > personal_assistant,personal_assistant,Personal Assistant,2,false,home_service
services_and_business > home_service > pest_control_service,pest_control_service,Pest Control Service,2,false,home_service
services_and_business > home_service > plasterer,plasterer,Plasterer,2,false,home_service
services_and_business > home_service > plumbing,plumbing,Plumbing,2,false,home_service
services_and_business > home_service > plumbing > backflow_service,backflow_service,Backflow Service,3,false,home_service
services_and_business > home_service > pool_and_hot_tub_service,pool_and_hot_tub_service,Pool and Hot Tub Service,2,false,home_service
services_and_business > home_service > pool_cleaning,pool_cleaning,Pool Cleaning,2,false,home_service
services_and_business > home_service > pressure_washing,pressure_washing,Pressure Washing,2,false,home_service
services_and_business > home_service > recycling_center,recycling_center,Recycling Center,2,false,home_service
services_and_business > home_service > refinishing_service,refinishing_service,Refinishing Service,2,false,home_service
services_and_business > home_service > security_systems,security_systems,Security Systems,2,false,home_service
services_and_business > home_service > sewing_and_alterations,sewing_and_alterations,Sewing and Alterations,2,false,home_service
services_and_business > home_service > sewing_and_alterations > tailor,tailor,Tailor,3,false,home_service
services_and_business > home_service > shades_and_blinds,shades_and_blinds,Shades and Blinds,2,false,home_service
services_and_business > home_service > shutters,shutters,Shutters,2,false,home_service
services_and_business > home_service > siding,siding,Siding,2,false,home_service
services_and_business > home_service > snow_removal_service,snow_removal_service,Snow Removal Service,2,false,home_service
services_and_business > home_service > solar_installation,solar_installation,Solar Installation,2,false,home_service
services_and_business > home_service > solar_panel_cleaning,solar_panel_cleaning,Solar Panel Cleaning,2,false,home_service
services_and_business > home_service > structural_engineer,structural_engineer,Structural Engineer,2,false,home_service
services_and_business > home_service > stucco_service,stucco_service,Stucco Service,2,false,home_service
services_and_business > home_service > television_service_provider,television_service_provider,Television Service Provider,2,false,home_service
services_and_business > home_service > tiling,tiling,Tiling,2,false,home_service
services_and_business > home_service > tv_mounting,tv_mounting,TV Mounting,2,false,home_service
services_and_business > home_service > wallpaper_installer,wallpaper_installer,Wallpaper Installer,2,false,home_service
services_and_business > home_service > washer_and_dryer_repair_service,washer_and_dryer_repair_service,Washer and Dryer Repair Service,2,false,home_service
services_and_business > home_service > water_delivery,water_delivery,Water Delivery,2,false,home_service
services_and_business > home_service > water_heater_installation_repair,water_heater_installation_repair,Water Heater Installation Repair,2,false,home_service
services_and_business > home_service > water_purification_service,water_purification_service,Water Purification Service,2,false,home_service
services_and_business > home_service > waterproofing,waterproofing,Waterproofing,2,false,home_service
services_and_business > home_service > well_drilling,well_drilling,Well Drilling,2,false,home_service
services_and_business > home_service > window_washing,window_washing,Window Washing,2,false,home_service
services_and_business > home_service > windows_installation,windows_installation,Windows Installation,2,false,home_service
services_and_business > home_service > windows_installation > skylight_installation,skylight_installation,Skylight Installation,3,false,home_service
services_and_business > housing_or_property_service,housing_or_property_service,Housing or Property Service,1,true,housing_or_property_service
services_and_business > housing_or_property_service > apartment,apartment,Apartment,2,true,apartment
services_and_business > housing_or_property_service > condominium,condominium,Condominium,2,true,condominium
services_and_business > housing_or_property_service > halfway_house,halfway_house,Halfway House,2,false,housing_or_property_service
services_and_business > housing_or_property_service > low_income_housing,low_income_housing,Low Income Housing,2,false,housing_or_property_service
services_and_business > housing_or_property_service > mobile_home_park,mobile_home_park,Mobile Home Park,2,false,housing_or_property_service
services_and_business > housing_or_property_service > senior_living_facility,senior_living_facility,Senior Living Facility,2,true,senior_living_facility
services_and_business > housing_or_property_service > senior_living_facility > assisted_living_facility,assisted_living_facility,Assisted Living Facility,3,false,senior_living_facility
services_and_business > housing_or_property_service > senior_living_facility > memory_care_facility,memory_care_facility,Memory Care Facility,3,false,senior_living_facility
services_and_business > housing_or_property_service > senior_living_facility > retirement_home,retirement_home,Retirement Home,3,false,senior_living_facility
services_and_business > housing_or_property_service > university_housing,university_housing,University Housing,2,false,housing_or_property_service
services_and_business > industrial_facility_or_service,industrial_facility_or_service,Industrial Facility or Service,1,true,industrial_facility_or_service
services_and_business > industrial_facility_or_service > hazardous_waste_disposal,hazardous_waste_disposal,Hazardous Waste Disposal,2,false,industrial_facility_or_service
services_and_business > industrial_facility_or_service > powder_coating_service,powder_coating_service,Powder Coating Service,2,false,industrial_facility_or_service
services_and_business > industrial_facility_or_service > sandblasting_service,sandblasting_service,Sandblasting Service,2,false,industrial_facility_or_service
services_and_business > laundry_service,laundry_service,Laundry Service,1,true,laundry_service
services_and_business > laundry_service > dry_cleaning,dry_cleaning,Dry Cleaning,2,false,laundry_service
services_and_business > laundry_service > laundromat,laundromat,Laundromat,2,false,laundry_service
services_and_business > legal_service,legal_service,Legal Service,1,true,legal_service
services_and_business > legal_service > attorney_or_law_firm,attorney_or_law_firm,Attorney or Law Firm,2,true,attorney_or_law_firm
services_and_business > legal_service > attorney_or_law_firm > appellate_practice_lawyer,appellate_practice_lawyer,Appellate Practice Lawyer,3,false,attorney_or_law_firm
services_and_business > legal_service > attorney_or_law_firm > bankruptcy_law,bankruptcy_law,Bankruptcy Law,3,false,attorney_or_law_firm
services_and_business > legal_service > attorney_or_law_firm > business_law,business_law,Business Law,3,false,attorney_or_law_firm
services_and_business > legal_service > attorney_or_law_firm > civil_rights_lawyer,civil_rights_lawyer,Civil Rights Lawyer,3,false,attorney_or_law_firm
services_and_business > legal_service > attorney_or_law_firm > contract_law,contract_law,Contract Law,3,false,attorney_or_law_firm
services_and_business > legal_service > attorney_or_law_firm > criminal_defense_law,criminal_defense_law,Criminal Defense Law,3,false,attorney_or_law_firm
services_and_business > legal_service > attorney_or_law_firm > disability_law,disability_law,Disability Law,3,false,attorney_or_law_firm
services_and_business > legal_service > attorney_or_law_firm > divorce_and_family_law,divorce_and_family_law,Divorce and Family Law,3,false,attorney_or_law_firm
services_and_business > legal_service > attorney_or_law_firm > dui_law,dui_law,DUI Law,3,false,attorney_or_law_firm
services_and_business > legal_service > attorney_or_law_firm > employment_law,employment_law,Employment Law,3,false,attorney_or_law_firm
services_and_business > legal_service > attorney_or_law_firm > entertainment_law,entertainment_law,Entertainment Law,3,false,attorney_or_law_firm
services_and_business > legal_service > attorney_or_law_firm > estate_planning_law,estate_planning_law,Estate Planning Law,3,false,attorney_or_law_firm
services_and_business > legal_service > attorney_or_law_firm > general_litigation,general_litigation,General Litigation,3,false,attorney_or_law_firm
services_and_business > legal_service > attorney_or_law_firm > immigration_law,immigration_law,Immigration Law,3,false,attorney_or_law_firm
services_and_business > legal_service > attorney_or_law_firm > ip_and_internet_law,ip_and_internet_law,Ip and Internet Law,3,false,attorney_or_law_firm
services_and_business > legal_service > attorney_or_law_firm > medical_law,medical_law,Medical Law,3,false,attorney_or_law_firm
services_and_business > legal_service > attorney_or_law_firm > paralegal_service,paralegal_service,Paralegal Service,3,false,attorney_or_law_firm
services_and_business > legal_service > attorney_or_law_firm > personal_injury_law,personal_injury_law,Personal Injury Law,3,false,attorney_or_law_firm
services_and_business > legal_service > attorney_or_law_firm > real_estate_law,real_estate_law,Real Estate Law,3,false,attorney_or_law_firm
services_and_business > legal_service > attorney_or_law_firm > social_security_law,social_security_law,Social Security Law,3,false,attorney_or_law_firm
services_and_business > legal_service > attorney_or_law_firm > tax_law,tax_law,Tax Law,3,false,attorney_or_law_firm
services_and_business > legal_service > attorney_or_law_firm > traffic_ticketing_law,traffic_ticketing_law,Traffic Ticketing Law,3,false,attorney_or_law_firm
services_and_business > legal_service > attorney_or_law_firm > wills_trusts_and_probate,wills_trusts_and_probate,Wills Trusts and Probate,3,false,attorney_or_law_firm
services_and_business > legal_service > attorney_or_law_firm > workers_compensation_law,workers_compensation_law,Workers Compensation Law,3,false,attorney_or_law_firm
services_and_business > legal_service > bail_bonds_service,bail_bonds_service,Bail Bonds Service,2,false,legal_service
services_and_business > legal_service > court_reporter,court_reporter,Court Reporter,2,false,legal_service
services_and_business > legal_service > mediator,mediator,Mediator,2,false,legal_service
services_and_business > legal_service > notary_public,notary_public,Notary Public,2,false,legal_service
services_and_business > legal_service > patent_law,patent_law,Patent Law,2,false,legal_service
services_and_business > legal_service > private_investigation,private_investigation,Private Investigation,2,false,legal_service
services_and_business > legal_service > process_server,process_server,Process Server,2,false,legal_service
services_and_business > legal_service > tenant_and_eviction_law,tenant_and_eviction_law,Tenant and Eviction Law,2,false,legal_service
services_and_business > media_service,media_service,Media Service,1,true,media_service
services_and_business > media_service > art_restoration_service,art_restoration_service,Art Restoration Service,2,false,media_service
services_and_business > media_service > bookbinding,bookbinding,Bookbinding,2,false,media_service
services_and_business > media_service > calligraphy,calligraphy,Calligraphy,2,false,media_service
services_and_business > media_service > commissioned_artist,commissioned_artist,Commissioned Artist,2,false,media_service
services_and_business > media_service > corporate_entertainment_service,corporate_entertainment_service,Corporate Entertainment Service,2,false,media_service
services_and_business > media_service > digitizing_service,digitizing_service,Digitizing Service,2,false,media_service
services_and_business > media_service > engraving,engraving,Engraving,2,false,media_service
services_and_business > media_service > media_critic,media_critic,Media Critic,2,false,media_service
services_and_business > media_service > media_critic > movie_critic,movie_critic,Movie Critic,3,false,media_service
services_and_business > media_service > media_critic > music_critic,music_critic,Music Critic,3,false,media_service
services_and_business > media_service > media_critic > video_game_critic,video_game_critic,Video Game Critic,3,false,media_service
services_and_business > media_service > media_news_company,media_news_company,Media News Company,2,false,media_service
services_and_business > media_service > media_news_company > animation_studio,animation_studio,Animation Studio,3,false,media_service
services_and_business > media_service > media_news_company > book_magazine_distribution,book_magazine_distribution,Book Magazine Distribution,3,false,media_service
services_and_business > media_service > media_news_company > broadcasting_media_production,broadcasting_media_production,Broadcasting Media Production,3,false,media_service
services_and_business > media_service > media_news_company > game_publisher,game_publisher,Game Publisher,3,false,media_service
services_and_business > media_service > media_news_company > media_agency,media_agency,Media Agency,3,false,media_service
services_and_business > media_service > media_news_company > movie_television_studio,movie_television_studio,Movie Television Studio,3,false,media_service
services_and_business > media_service > media_news_company > music_production,music_production,Music Production,3,false,media_service
services_and_business > media_service > media_news_company > publisher,publisher,Publisher,3,false,media_service
services_and_business > media_service > media_news_company > radio_station,radio_station,Radio Station,3,true,radio_station
services_and_business > media_service > media_news_company > social_media_company,social_media_company,Social Media Company,3,false,media_service
services_and_business > media_service > media_news_company > television_station,television_station,Television Station,3,true,television_station
services_and_business > media_service > media_news_company > weather_forecast_service,weather_forecast_service,Weather Forecast Service,3,false,media_service
services_and_business > media_service > media_news_website,media_news_website,Media News Website,2,false,media_service
services_and_business > media_service > media_restoration_service,media_restoration_service,Media Restoration Service,2,false,media_service
services_and_business > media_service > music_production_service,music_production_service,Music Production Service,2,false,media_service
services_and_business > media_service > musical_instrument_service,musical_instrument_service,Musical Instrument Service,2,false,media_service
services_and_business > media_service > musical_instrument_service > piano_service,piano_service,Piano Service,3,false,media_service
services_and_business > media_service > musical_instrument_service > vocal_coach,vocal_coach,Vocal Coach,3,false,media_service
services_and_business > media_service > photography_service,photography_service,Photography Service,2,false,media_service
services_and_business > media_service > photography_service > boudoir_photography_service,boudoir_photography_service,Boudoir Photography Service,3,false,media_service
services_and_business > media_service > photography_service > event_photography_service,event_photography_service,Event Photography Service,3,false,media_service
services_and_business > media_service > photography_service > session_photography_service,session_photography_service,Session Photography Service,3,false,media_service
services_and_business > media_service > print_media,print_media,Print Media,2,false,media_service
services_and_business > media_service > record_label,record_label,Record Label,2,false,media_service
services_and_business > media_service > recording_and_rehearsal_studio,recording_and_rehearsal_studio,Recording and Rehearsal Studio,2,false,media_service
services_and_business > media_service > studio_taping,studio_taping,Studio Taping,2,false,media_service
services_and_business > media_service > theatrical_production,theatrical_production,Theatrical Production,2,false,media_service
services_and_business > media_service > video_film_production,video_film_production,Video Film Production,2,false,media_service
services_and_business > media_service > weather_station,weather_station,Weather Station,2,false,media_service
services_and_business > printing_service,printing_service,Printing Service,1,true,printing_service
services_and_business > printing_service > 3d_printing_service,3d_printing_service,3d Printing Service,2,false,printing_service
services_and_business > printing_service > commercial_printer,commercial_printer,Commercial Printer,2,false,printing_service
services_and_business > printing_service > duplication_service,duplication_service,Duplication Service,2,false,printing_service
services_and_business > printing_service > screen_printing_service,screen_printing_service,Screen Printing Service,2,false,printing_service
services_and_business > printing_service > screen_printing_service > t_shirt_printing_service,t_shirt_printing_service,T-shirt Printing Service,3,false,printing_service
services_and_business > professional_service,professional_service,Professional Service,1,true,professional_service
services_and_business > professional_service > advertising_agency,advertising_agency,Advertising Agency,2,false,professional_service
services_and_business > professional_service > bank_equipment_service,bank_equipment_service,Bank Equipment Service,2,false,professional_service
services_and_business > professional_service > billing_service,billing_service,Billing Service,2,false,professional_service
services_and_business > professional_service > bookkeeper,bookkeeper,Bookkeeper,2,false,professional_service
services_and_business > professional_service > business_consulting,business_consulting,Business Consulting,2,false,professional_service
services_and_business > professional_service > career_counseling,career_counseling,Career Counseling,2,false,professional_service
services_and_business > professional_service > certification_agency,certification_agency,Certification Agency,2,false,professional_service
services_and_business > professional_service > cleaning_service,cleaning_service,Cleaning Service,2,false,professional_service
services_and_business > professional_service > cleaning_service > industrial_cleaning_service,industrial_cleaning_service,Industrial Cleaning Service,3,false,professional_service
services_and_business > professional_service > cleaning_service > janitorial_service,janitorial_service,Janitorial Service,3,false,professional_service
services_and_business > professional_service > cleaning_service > office_cleaning,office_cleaning,Office Cleaning,3,false,professional_service
services_and_business > professional_service > copywriting_service,copywriting_service,Copywriting Service,2,false,professional_service
services_and_business > professional_service > coworking_space,coworking_space,Coworking Space,2,false,professional_service
services_and_business > professional_service > e_commerce_service,e_commerce_service,E-commerce Service,2,false,professional_service
services_and_business > professional_service > editorial_service,editorial_service,Editorial Service,2,false,professional_service
services_and_business > professional_service > employment_agency,employment_agency,Employment Agency,2,false,professional_service
services_and_business > professional_service > employment_agency > temp_agency,temp_agency,Temp Agency,3,false,professional_service
services_and_business > professional_service > food_and_beverage_consultant,food_and_beverage_consultant,Food and Beverage Consultant,2,false,professional_service
services_and_business > professional_service > immigration_assistance_service,immigration_assistance_service,Immigration Assistance Service,2,false,professional_service
services_and_business > professional_service > internet_marketing_service,internet_marketing_service,Internet Marketing Service,2,false,professional_service
services_and_business > professional_service > marketing_agency,marketing_agency,Marketing Agency,2,false,professional_service
services_and_business > professional_service > merchandising_service,merchandising_service,Merchandising Service,2,false,professional_service
services_and_business > professional_service > payroll_service,payroll_service,Payroll Service,2,false,professional_service
services_and_business > professional_service > public_relations,public_relations,Public Relations,2,false,professional_service
services_and_business > professional_service > shredding_service,shredding_service,Shredding Service,2,false,professional_service
services_and_business > professional_service > social_media_agency,social_media_agency,Social Media Agency,2,false,professional_service
services_and_business > professional_service > talent_agency,talent_agency,Talent Agency,2,false,professional_service
services_and_business > professional_service > translation_service,translation_service,Translation Service,2,false,professional_service
services_and_business > professional_service > typing_service,typing_service,Typing Service,2,false,professional_service
services_and_business > professional_service > writing_service,writing_service,Writing Service,2,false,professional_service
services_and_business > real_estate_service,real_estate_service,Real Estate Service,1,true,real_estate_service
services_and_business > real_estate_service > builder,builder,Builder,2,false,real_estate_service
services_and_business > real_estate_service > builder > home_developer,home_developer,Home Developer,3,false,real_estate_service
services_and_business > real_estate_service > commercial_real_estate,commercial_real_estate,Commercial Real Estate,2,false,real_estate_service
services_and_business > real_estate_service > display_home_center,display_home_center,Display Home Center,2,false,real_estate_service
services_and_business > real_estate_service > escrow_service,escrow_service,Escrow Service,2,false,real_estate_service
services_and_business > real_estate_service > estate_liquidation,estate_liquidation,Estate Liquidation,2,false,real_estate_service
services_and_business > real_estate_service > home_organization,home_organization,Home Organization,2,false,real_estate_service
services_and_business > real_estate_service > home_staging,home_staging,Home Staging,2,false,real_estate_service
services_and_business > real_estate_service > homeowner_association,homeowner_association,Homeowner Association,2,false,real_estate_service
services_and_business > real_estate_service > housing_cooperative,housing_cooperative,Housing Cooperative,2,false,real_estate_service
services_and_business > real_estate_service > kitchen_incubator,kitchen_incubator,Kitchen Incubator,2,false,real_estate_service
services_and_business > real_estate_service > land_surveying,land_surveying,Land Surveying,2,false,real_estate_service
services_and_business > real_estate_service > mobile_home_dealer,mobile_home_dealer,Mobile Home Dealer,2,false,real_estate_service
services_and_business > real_estate_service > property_management,property_management,Property Management,2,false,real_estate_service
services_and_business > real_estate_service > real_estate_agent,real_estate_agent,Real Estate Agent,2,false,real_estate_service
services_and_business > real_estate_service > real_estate_agent > apartment_agent,apartment_agent,Apartment Agent,3,false,real_estate_service
services_and_business > real_estate_service > real_estate_photography,real_estate_photography,Real Estate Photography,2,false,real_estate_service
services_and_business > real_estate_service > shared_office_space,shared_office_space,Shared Office Space,2,false,real_estate_service
services_and_business > rental_service,rental_service,Rental Service,1,true,rental_service
services_and_business > rental_service > art_space_rental,art_space_rental,Art Space Rental,2,false,rental_service
services_and_business > rental_service > bus_rental,bus_rental,Bus Rental,2,false,rental_service
services_and_business > rental_service > clothing_rental,clothing_rental,Clothing Rental,2,false,rental_service
services_and_business > rental_service > dumpster_rental,dumpster_rental,Dumpster Rental,2,false,rental_service
services_and_business > rental_service > machine_and_tool_rental,machine_and_tool_rental,Machine and Tool Rental,2,false,rental_service
services_and_business > rental_service > rental_kiosk,rental_kiosk,Rental Kiosk,2,false,rental_service
services_and_business > rental_service > vehicle_rental_service,vehicle_rental_service,Vehicle Rental Service,2,false,rental_service
services_and_business > rental_service > vehicle_rental_service > car_rental_service,car_rental_service,Car Rental Service,3,false,rental_service
services_and_business > rental_service > vehicle_rental_service > motorcycle_rental_service,motorcycle_rental_service,Motorcycle Rental Service,3,false,rental_service
services_and_business > rental_service > vehicle_rental_service > rv_rental_service,rv_rental_service,RV Rental Service,3,false,rental_service
services_and_business > rental_service > vehicle_rental_service > trailer_rental_service,trailer_rental_service,Trailer Rental Service,3,false,rental_service
services_and_business > rental_service > vehicle_rental_service > truck_rental_service,truck_rental_service,Truck Rental Service,3,false,rental_service
services_and_business > security_service,security_service,Security Service,1,true,security_service
services_and_business > security_service > fingerprinting_service,fingerprinting_service,Fingerprinting Service,2,false,security_service
services_and_business > shipping_or_delivery_service,shipping_or_delivery_service,Shipping or Delivery Service,1,true,shipping_or_delivery_service
services_and_business > shipping_or_delivery_service > courier_and_delivery_service,courier_and_delivery_service,Courier and Delivery Service,2,false,shipping_or_delivery_service
services_and_business > shipping_or_delivery_service > mailbox_center,mailbox_center,Mailbox Center,2,false,shipping_or_delivery_service
services_and_business > shipping_or_delivery_service > packaging_contractors_and_service,packaging_contractors_and_service,Packaging Contractors and Service,2,false,shipping_or_delivery_service
services_and_business > shipping_or_delivery_service > post_office,post_office,Post Office,2,false,shipping_or_delivery_service
services_and_business > shipping_or_delivery_service > shipping_center,shipping_center,Shipping Center,2,false,shipping_or_delivery_service
services_and_business > shipping_or_delivery_service > shipping_collection_service,shipping_collection_service,Shipping Collection Service,2,false,shipping_or_delivery_service
services_and_business > shipping_or_delivery_service > vehicle_shipping,vehicle_shipping,Vehicle Shipping,2,false,shipping_or_delivery_service
services_and_business > storage_facility,storage_facility,Storage Facility,1,true,storage_facility
services_and_business > storage_facility > automotive_storage_facility,automotive_storage_facility,Automotive Storage Facility,2,false,storage_facility
services_and_business > storage_facility > boat_storage_facility,boat_storage_facility,Boat Storage Facility,2,false,storage_facility
services_and_business > storage_facility > package_locker,package_locker,Package Locker,2,false,storage_facility
services_and_business > storage_facility > rv_storage_facility,rv_storage_facility,RV Storage Facility,2,false,storage_facility
services_and_business > storage_facility > self_storage_facility,self_storage_facility,Self Storage Facility,2,false,storage_facility
services_and_business > technical_service,technical_service,Technical Service,1,true,technical_service
services_and_business > technical_service > acoustical_consultant,acoustical_consultant,Acoustical Consultant,2,false,technical_service
services_and_business > technical_service > bike_repair_maintenance,bike_repair_maintenance,Bike Repair Maintenance,2,false,technical_service
services_and_business > technical_service > commercial_refrigeration,commercial_refrigeration,Commercial Refrigeration,2,false,technical_service
services_and_business > technical_service > computer_hardware_company,computer_hardware_company,Computer Hardware Company,2,false,technical_service
services_and_business > technical_service > electronics_repair_shop,electronics_repair_shop,Electronics Repair Shop,2,false,technical_service
services_and_business > technical_service > elevator_service,elevator_service,Elevator Service,2,false,technical_service
services_and_business > technical_service > generator_installation_repair,generator_installation_repair,Generator Installation Repair,2,false,technical_service
services_and_business > technical_service > hydraulic_repair_service,hydraulic_repair_service,Hydraulic Repair Service,2,false,technical_service
services_and_business > technical_service > internet_service_provider,internet_service_provider,Internet Service Provider,2,false,technical_service
services_and_business > technical_service > internet_service_provider > web_hosting_service,web_hosting_service,Web Hosting Service,3,false,technical_service
services_and_business > technical_service > it_service_and_computer_repair,it_service_and_computer_repair,IT Service and Computer Repair,2,false,technical_service
services_and_business > technical_service > it_service_and_computer_repair > it_consultant,it_consultant,IT Consultant,3,false,technical_service
services_and_business > technical_service > it_service_and_computer_repair > mobile_phone_repair,mobile_phone_repair,Mobile Phone Repair,3,false,technical_service
services_and_business > technical_service > jewelry_repair_service,jewelry_repair_service,Jewelry Repair Service,2,false,technical_service
services_and_business > technical_service > laboratory,laboratory,Laboratory,2,false,technical_service
services_and_business > technical_service > machine_shop,machine_shop,Machine Shop,2,false,technical_service
services_and_business > technical_service > metal_detector_service,metal_detector_service,Metal Detector Service,2,false,technical_service
services_and_business > technical_service > software_development,software_development,Software Development,2,false,technical_service
services_and_business > technical_service > taxidermist,taxidermist,Taxidermist,2,false,technical_service
services_and_business > technical_service > telephone_service,telephone_service,Telephone Service,2,false,technical_service
services_and_business > technical_service > watch_repair_service,watch_repair_service,Watch Repair Service,2,false,technical_service
services_and_business > telecommunications_service,telecommunications_service,Telecommunications Service,1,true,telecommunications_service
services_and_business > utility_energy_infrastructure,utility_energy_infrastructure,Utility Energy Infrastructure,1,true,utility_energy_infrastructure
services_and_business > utility_energy_infrastructure > wind_energy,wind_energy,Wind Energy,2,false,utility_energy_infrastructure
shopping,shopping,Shopping,0,true,shopping
shopping > convenience_store,convenience_store,Convenience Store,1,true,convenience_store
shopping > department_store,department_store,Department Store,1,true,department_store
shopping > discount_store,discount_store,Discount Store,1,true,discount_store
shopping > fashion_and_apparel_store,fashion_and_apparel_store,Fashion and Apparel Store,1,true,fashion_and_apparel_store
shopping > fashion_and_apparel_store > baby_gear_and_nursery_store,baby_gear_and_nursery_store,Baby Gear and Nursery Store,2,false,fashion_and_apparel_store
shopping > fashion_and_apparel_store > clothing_store,clothing_store,Clothing Store,2,false,fashion_and_apparel_store
shopping > fashion_and_apparel_store > clothing_store > bridal_shop,bridal_shop,Bridal Shop,3,false,fashion_and_apparel_store
shopping > fashion_and_apparel_store > clothing_store > childrens_clothing_store,childrens_clothing_store,Children's Clothing Store,3,false,fashion_and_apparel_store
shopping > fashion_and_apparel_store > clothing_store > custom_clothing_store,custom_clothing_store,Custom Clothing Store,3,false,fashion_and_apparel_store
shopping > fashion_and_apparel_store > clothing_store > denim_wear_store,denim_wear_store,Denim Wear Store,3,false,fashion_and_apparel_store
shopping > fashion_and_apparel_store > clothing_store > designer_clothing,designer_clothing,Designer Clothing,3,false,fashion_and_apparel_store
shopping > fashion_and_apparel_store > clothing_store > formal_wear_store,formal_wear_store,Formal Wear Store,3,false,fashion_and_apparel_store
shopping > fashion_and_apparel_store > clothing_store > fur_clothing,fur_clothing,Fur Clothing,3,false,fashion_and_apparel_store
shopping > fashion_and_apparel_store > clothing_store > lingerie_store,lingerie_store,Lingerie Store,3,false,fashion_and_apparel_store
shopping > fashion_and_apparel_store > clothing_store > maternity_wear,maternity_wear,Maternity Wear,3,false,fashion_and_apparel_store
shopping > fashion_and_apparel_store > clothing_store > mens_clothing_store,mens_clothing_store,Men's Clothing Store,3,false,fashion_and_apparel_store
shopping > fashion_and_apparel_store > clothing_store > plus_size_clothing_store,plus_size_clothing_store,Plus Size Clothing Store,3,false,fashion_and_apparel_store
shopping > fashion_and_apparel_store > clothing_store > sleepwear,sleepwear,Sleepwear,3,false,fashion_and_apparel_store
shopping > fashion_and_apparel_store > clothing_store > t_shirt_store,t_shirt_store,T-shirt Store,3,false,fashion_and_apparel_store
shopping > fashion_and_apparel_store > clothing_store > t_shirt_store > custom_t_shirt_store,custom_t_shirt_store,Custom T-shirt Store,4,false,fashion_and_apparel_store
shopping > fashion_and_apparel_store > clothing_store > traditional_clothing,traditional_clothing,Traditional Clothing,3,false,fashion_and_apparel_store
shopping > fashion_and_apparel_store > clothing_store > traditional_clothing > saree_shop,saree_shop,Saree Shop,4,false,fashion_and_apparel_store
shopping > fashion_and_apparel_store > clothing_store > uniform_store,uniform_store,Uniform Store,3,false,fashion_and_apparel_store
shopping > fashion_and_apparel_store > clothing_store > womens_clothing_store,womens_clothing_store,Women's Clothing Store,3,false,fashion_and_apparel_store
shopping > fashion_and_apparel_store > eyewear_store,eyewear_store,Eyewear Store,2,false,fashion_and_apparel_store
shopping > fashion_and_apparel_store > eyewear_store > sunglasses_store,sunglasses_store,Sunglasses Store,3,false,fashion_and_apparel_store
shopping > fashion_and_apparel_store > fashion_accessories_store,fashion_accessories_store,Fashion Accessories Store,2,false,fashion_and_apparel_store
shopping > fashion_and_apparel_store > fashion_accessories_store > handbag_store,handbag_store,Handbag Store,3,false,fashion_and_apparel_store
shopping > fashion_and_apparel_store > fashion_accessories_store > hat_store,hat_store,Hat Store,3,false,fashion_and_apparel_store
shopping > fashion_and_apparel_store > fashion_boutique,fashion_boutique,Fashion Boutique,2,false,fashion_and_apparel_store
shopping > fashion_and_apparel_store > jewelry_store,jewelry_store,Jewelry Store,2,false,fashion_and_apparel_store
shopping > fashion_and_apparel_store > jewelry_store > diamond_dealer,diamond_dealer,Diamond Dealer,3,false,fashion_and_apparel_store
shopping > fashion_and_apparel_store > jewelry_store > goldsmith,goldsmith,Goldsmith,3,false,fashion_and_apparel_store
shopping > fashion_and_apparel_store > jewelry_store > watch_store,watch_store,Watch Store,3,false,fashion_and_apparel_store
shopping > fashion_and_apparel_store > leather_goods_store,leather_goods_store,Leather Goods Store,2,false,fashion_and_apparel_store
shopping > fashion_and_apparel_store > luggage_store,luggage_store,Luggage Store,2,false,fashion_and_apparel_store
shopping > fashion_and_apparel_store > shoe_store,shoe_store,Shoe Store,2,false,fashion_and_apparel_store
shopping > fashion_and_apparel_store > shoe_store > orthopedic_shoe_store,orthopedic_shoe_store,Orthopedic Shoe Store,3,false,fashion_and_apparel_store
shopping > food_and_beverage_store,food_and_beverage_store,Food and Beverage Store,1,true,food_and_beverage_store
shopping > food_and_beverage_store > beer_wine_spirits_store,beer_wine_spirits_store,Beer Wine Spirits Store,2,false,food_and_beverage_store
shopping > food_and_beverage_store > brewing_supply_store,brewing_supply_store,Brewing Supply Store,2,false,food_and_beverage_store
shopping > food_and_beverage_store > butcher_shop,butcher_shop,Butcher Shop,2,false,food_and_beverage_store
shopping > food_and_beverage_store > cheese_shop,cheese_shop,Cheese Shop,2,false,food_and_beverage_store
shopping > food_and_beverage_store > coffee_and_tea_supplies,coffee_and_tea_supplies,Coffee and Tea Supplies,2,false,food_and_beverage_store
shopping > food_and_beverage_store > csa_farm,csa_farm,Csa Farm,2,false,food_and_beverage_store
shopping > food_and_beverage_store > fishmonger,fishmonger,Fishmonger,2,false,food_and_beverage_store
shopping > food_and_beverage_store > grocery_store,grocery_store,Grocery Store,2,false,food_and_beverage_store
shopping > food_and_beverage_store > grocery_store > asian_grocery_store,asian_grocery_store,Asian Grocery Store,3,false,food_and_beverage_store
shopping > food_and_beverage_store > grocery_store > ethical_grocery_store,ethical_grocery_store,Ethical Grocery Store,3,false,food_and_beverage_store
shopping > food_and_beverage_store > grocery_store > indian_grocery_store,indian_grocery_store,Indian Grocery Store,3,false,food_and_beverage_store
shopping > food_and_beverage_store > grocery_store > international_grocery_store,international_grocery_store,International Grocery Store,3,false,food_and_beverage_store
shopping > food_and_beverage_store > grocery_store > japanese_grocery_store,japanese_grocery_store,Japanese Grocery Store,3,false,food_and_beverage_store
shopping > food_and_beverage_store > grocery_store > korean_grocery_store,korean_grocery_store,Korean Grocery Store,3,false,food_and_beverage_store
shopping > food_and_beverage_store > grocery_store > kosher_grocery_store,kosher_grocery_store,Kosher Grocery Store,3,false,food_and_beverage_store
shopping > food_and_beverage_store > grocery_store > mexican_grocery_store,mexican_grocery_store,Mexican Grocery Store,3,false,food_and_beverage_store
shopping > food_and_beverage_store > grocery_store > organic_grocery_store,organic_grocery_store,Organic Grocery Store,3,false,food_and_beverage_store
shopping > food_and_beverage_store > grocery_store > russian_grocery_store,russian_grocery_store,Russian Grocery Store,3,false,food_and_beverage_store
shopping > food_and_beverage_store > health_food_store,health_food_store,Health Food Store,2,false,food_and_beverage_store
shopping > food_and_beverage_store > herb_and_spice_store,herb_and_spice_store,Herb and Spice Store,2,false,food_and_beverage_store
shopping > food_and_beverage_store > honey_farm_shop,honey_farm_shop,Honey Farm Shop,2,false,food_and_beverage_store
shopping > food_and_beverage_store > imported_food_store,imported_food_store,Imported Food Store,2,false,food_and_beverage_store
shopping > food_and_beverage_store > liquor_store,liquor_store,Liquor Store,2,false,food_and_beverage_store
shopping > food_and_beverage_store > olive_oil_store,olive_oil_store,Olive Oil Store,2,false,food_and_beverage_store
shopping > food_and_beverage_store > patisserie_cake_shop,patisserie_cake_shop,Patisserie Cake Shop,2,false,food_and_beverage_store
shopping > food_and_beverage_store > patisserie_cake_shop > custom_cakes_shop,custom_cakes_shop,Custom Cakes Shop,3,false,food_and_beverage_store
shopping > food_and_beverage_store > pick_your_own_farm,pick_your_own_farm,Pick Your Own Farm,2,false,food_and_beverage_store
shopping > food_and_beverage_store > seafood_market,seafood_market,Seafood Market,2,false,food_and_beverage_store
shopping > food_and_beverage_store > smokehouse,smokehouse,Smokehouse,2,false,food_and_beverage_store
shopping > food_and_beverage_store > specialty_foods_store,specialty_foods_store,Specialty Foods Store,2,false,food_and_beverage_store
shopping > food_and_beverage_store > specialty_foods_store > dairy_store,dairy_store,Dairy Store,3,false,food_and_beverage_store
shopping > food_and_beverage_store > specialty_foods_store > frozen_foods_store,frozen_foods_store,Frozen Foods Store,3,false,food_and_beverage_store
shopping > food_and_beverage_store > specialty_foods_store > pasta_store,pasta_store,Pasta Store,3,false,food_and_beverage_store
shopping > food_and_beverage_store > specialty_foods_store > produce_store,produce_store,Produce Store,3,false,food_and_beverage_store
shopping > food_and_beverage_store > specialty_foods_store > rice_store,rice_store,Rice Store,3,false,food_and_beverage_store
shopping > food_and_beverage_store > tobacco_shop,tobacco_shop,Tobacco Shop,2,false,food_and_beverage_store
shopping > food_and_beverage_store > vitamin_and_supplement_store,vitamin_and_supplement_store,Vitamin and Supplement Store,2,false,food_and_beverage_store
shopping > food_and_beverage_store > water_store,water_store,Water Store,2,false,food_and_beverage_store
shopping > kiosk,kiosk,Kiosk,1,true,kiosk
shopping > market,market,Market,1,true,market
shopping > market > bazaar,bazaar,Bazaar,2,false,market
shopping > market > farmers_market,farmers_market,Farmers Market,2,true,farmers_market
shopping > market > health_market,health_market,Health Market,2,false,market
shopping > market > holiday_market,holiday_market,Holiday Market,2,false,market
shopping > market > market_stall,market_stall,Market Stall,2,false,market
shopping > market > night_market,night_market,Night Market,2,false,market
shopping > market > public_market,public_market,Public Market,2,false,market
shopping > market > shopping_passage,shopping_passage,Shopping Passage,2,false,market
shopping > market > street_vendor,street_vendor,Street Vendor,2,false,market
shopping > second_hand_store,second_hand_store,Second Hand Store,1,true,second_hand_store
shopping > second_hand_store > antique_store,antique_store,Antique Store,2,false,second_hand_store
shopping > second_hand_store > flea_market,flea_market,Flea Market,2,false,second_hand_store
shopping > second_hand_store > junkyard,junkyard,Junkyard,2,false,second_hand_store
shopping > second_hand_store > pawn_shop,pawn_shop,Pawn Shop,2,false,second_hand_store
shopping > second_hand_store > second_hand_clothing_store,second_hand_clothing_store,Second Hand Clothing Store,2,false,second_hand_store
shopping > shopping_mall,shopping_mall,Shopping Mall,1,true,shopping_mall
shopping > shopping_service,shopping_service,Shopping Service,1,true,shopping_service
shopping > shopping_service > personal_shopper,personal_shopper,Personal Shopper,2,false,shopping_service
shopping > specialty_store,specialty_store,Specialty Store,1,true,specialty_store
shopping > specialty_store > adult_store,adult_store,Adult Store,2,false,specialty_store
shopping > specialty_store > animal_and_pet_store,animal_and_pet_store,Animal and Pet Store,2,true,animal_and_pet_store
shopping > specialty_store > animal_and_pet_store > horse_equipment_shop,horse_equipment_shop,Horse Equipment Shop,3,false,animal_and_pet_store
shopping > specialty_store > animal_and_pet_store > livestock_feed_and_supply_store,livestock_feed_and_supply_store,Livestock Feed and Supply Store,3,false,animal_and_pet_store
shopping > specialty_store > animal_and_pet_store > pet_store,pet_store,Pet Store,3,false,animal_and_pet_store
shopping > specialty_store > animal_and_pet_store > pet_store > aquatic_pet_store,aquatic_pet_store,Aquatic Pet Store,4,false,animal_and_pet_store
shopping > specialty_store > animal_and_pet_store > pet_store > bird_store,bird_store,Bird Store,4,false,animal_and_pet_store
shopping > specialty_store > animal_and_pet_store > pet_store > reptile_store,reptile_store,Reptile Store,4,false,animal_and_pet_store
shopping > specialty_store > arts_crafts_and_hobby_store,arts_crafts_and_hobby_store,Arts Crafts and Hobby Store,2,true,arts_crafts_and_hobby_store
shopping > specialty_store > arts_crafts_and_hobby_store > art_supply_store,art_supply_store,Art Supply Store,3,false,arts_crafts_and_hobby_store
shopping > specialty_store > arts_crafts_and_hobby_store > atelier,atelier,Atelier,3,false,arts_crafts_and_hobby_store
shopping > specialty_store > arts_crafts_and_hobby_store > cooking_classes,cooking_classes,Cooking Classes,3,false,arts_crafts_and_hobby_store
shopping > specialty_store > arts_crafts_and_hobby_store > costume_store,costume_store,Costume Store,3,false,arts_crafts_and_hobby_store
shopping > specialty_store > arts_crafts_and_hobby_store > craft_store,craft_store,Craft Store,3,false,arts_crafts_and_hobby_store
shopping > specialty_store > arts_crafts_and_hobby_store > craft_store > embroidery_and_crochet_store,embroidery_and_crochet_store,Embroidery and Crochet Store,4,false,arts_crafts_and_hobby_store
shopping > specialty_store > arts_crafts_and_hobby_store > craft_store > knitting_supply_store,knitting_supply_store,Knitting Supply Store,4,false,arts_crafts_and_hobby_store
shopping > specialty_store > arts_crafts_and_hobby_store > fabric_store,fabric_store,Fabric Store,3,false,arts_crafts_and_hobby_store
shopping > specialty_store > arts_crafts_and_hobby_store > framing_store,framing_store,Framing Store,3,false,arts_crafts_and_hobby_store
shopping > specialty_store > arts_crafts_and_hobby_store > hobby_shop,hobby_shop,Hobby Shop,3,false,arts_crafts_and_hobby_store
shopping > specialty_store > auction_house,auction_house,Auction House,2,false,specialty_store
shopping > specialty_store > auction_house > car_auction,car_auction,Car Auction,3,false,specialty_store
shopping > specialty_store > books_music_and_video_store,books_music_and_video_store,Books Music and Video Store,2,true,books_music_and_video_store
shopping > specialty_store > books_music_and_video_store > bookstore,bookstore,Bookstore,3,false,books_music_and_video_store
shopping > specialty_store > books_music_and_video_store > bookstore > academic_bookstore,academic_bookstore,Academic Bookstore,4,false,books_music_and_video_store
shopping > specialty_store > books_music_and_video_store > bookstore > comic_books_store,comic_books_store,Comic Books Store,4,false,books_music_and_video_store
shopping > specialty_store > books_music_and_video_store > bookstore > used_bookstore,used_bookstore,Used Bookstore,4,false,books_music_and_video_store
shopping > specialty_store > books_music_and_video_store > music_and_dvd_store,music_and_dvd_store,Music and DVD Store,3,false,books_music_and_video_store
shopping > specialty_store > books_music_and_video_store > newspaper_and_magazines_store,newspaper_and_magazines_store,Newspaper and Magazines Store,3,false,books_music_and_video_store
shopping > specialty_store > books_music_and_video_store > video_and_video_game_rental,video_and_video_game_rental,Video and Video Game Rental,3,false,books_music_and_video_store
shopping > specialty_store > books_music_and_video_store > video_game_store,video_game_store,Video Game Store,3,false,books_music_and_video_store
shopping > specialty_store > books_music_and_video_store > vinyl_record_store,vinyl_record_store,Vinyl Record Store,3,false,books_music_and_video_store
shopping > specialty_store > cards_and_stationery_store,cards_and_stationery_store,Cards and Stationery Store,2,false,specialty_store
shopping > specialty_store > customized_merchandise_store,customized_merchandise_store,Customized Merchandise Store,2,false,specialty_store
shopping > specialty_store > duty_free_store,duty_free_store,Duty Free Store,2,false,specialty_store
shopping > specialty_store > educational_supply_store,educational_supply_store,Educational Supply Store,2,false,specialty_store
shopping > specialty_store > electronics_store,electronics_store,Electronics Store,2,true,electronics_store
shopping > specialty_store > electronics_store > audio_visual_equipment_store,audio_visual_equipment_store,Audio Visual Equipment Store,3,false,electronics_store
shopping > specialty_store > electronics_store > battery_store,battery_store,Battery Store,3,false,electronics_store
shopping > specialty_store > electronics_store > camera_and_photography_store,camera_and_photography_store,Camera and Photography Store,3,false,electronics_store
shopping > specialty_store > electronics_store > car_stereo_store,car_stereo_store,Car Stereo Store,3,false,electronics_store
shopping > specialty_store > electronics_store > computer_store,computer_store,Computer Store,3,false,electronics_store
shopping > specialty_store > electronics_store > drone_store,drone_store,Drone Store,3,false,electronics_store
shopping > specialty_store > electronics_store > home_theater_systems_stores,home_theater_systems_stores,Home Theater Systems Stores,3,false,electronics_store
shopping > specialty_store > electronics_store > mobile_phone_accessory_store,mobile_phone_accessory_store,Mobile Phone Accessory Store,3,false,electronics_store
shopping > specialty_store > electronics_store > mobile_phone_store,mobile_phone_store,Mobile Phone Store,3,false,electronics_store
shopping > specialty_store > farming_equipment_and_supply_store,farming_equipment_and_supply_store,Farming Equipment and Supply Store,2,false,specialty_store
shopping > specialty_store > farming_equipment_and_supply_store > agricultural_seed_store,agricultural_seed_store,Agricultural Seed Store,3,false,specialty_store
shopping > specialty_store > farming_equipment_and_supply_store > farming_equipment_store,farming_equipment_store,Farming Equipment Store,3,false,specialty_store
shopping > specialty_store > fireworks_store,fireworks_store,Fireworks Store,2,false,specialty_store
shopping > specialty_store > flowers_and_gifts_store,flowers_and_gifts_store,Flowers and Gifts Store,2,true,flowers_and_gifts_store
shopping > specialty_store > flowers_and_gifts_store > florist,florist,Florist,3,false,flowers_and_gifts_store
shopping > specialty_store > flowers_and_gifts_store > flower_market,flower_market,Flower Market,3,false,flowers_and_gifts_store
shopping > specialty_store > flowers_and_gifts_store > gift_shop,gift_shop,Gift Shop,3,false,flowers_and_gifts_store
shopping > specialty_store > gemstone_and_mineral_store,gemstone_and_mineral_store,Gemstone and Mineral Store,2,false,specialty_store
shopping > specialty_store > gun_and_ammo_store,gun_and_ammo_store,Gun and Ammo Store,2,false,specialty_store
shopping > specialty_store > gun_and_ammo_store > gunsmith,gunsmith,Gunsmith,3,false,specialty_store
shopping > specialty_store > hardware_home_and_garden_store,hardware_home_and_garden_store,Hardware Home and Garden Store,2,true,hardware_home_and_garden_store
shopping > specialty_store > hardware_home_and_garden_store > appliance_store,appliance_store,Appliance Store,3,false,hardware_home_and_garden_store
shopping > specialty_store > hardware_home_and_garden_store > bedding_and_bath_store,bedding_and_bath_store,Bedding and Bath Store,3,false,hardware_home_and_garden_store
shopping > specialty_store > hardware_home_and_garden_store > building_supply_store,building_supply_store,Building Supply Store,3,false,hardware_home_and_garden_store
shopping > specialty_store > hardware_home_and_garden_store > building_supply_store > lumber_store,lumber_store,Lumber Store,4,false,hardware_home_and_garden_store
shopping > specialty_store > hardware_home_and_garden_store > candle_store,candle_store,Candle Store,3,false,hardware_home_and_garden_store
shopping > specialty_store > hardware_home_and_garden_store > carpet_store,carpet_store,Carpet Store,3,false,hardware_home_and_garden_store
shopping > specialty_store > hardware_home_and_garden_store > christmas_tree_store,christmas_tree_store,Christmas Tree Store,3,false,hardware_home_and_garden_store
shopping > specialty_store > hardware_home_and_garden_store > do_it_yourself_store,do_it_yourself_store,Do IT Yourself Store,3,false,hardware_home_and_garden_store
shopping > specialty_store > hardware_home_and_garden_store > electrical_supply_store,electrical_supply_store,Electrical Supply Store,3,false,hardware_home_and_garden_store
shopping > specialty_store > hardware_home_and_garden_store > flooring_store,flooring_store,Flooring Store,3,false,hardware_home_and_garden_store
shopping > specialty_store > hardware_home_and_garden_store > furniture_accessory_store,furniture_accessory_store,Furniture Accessory Store,3,false,hardware_home_and_garden_store
shopping > specialty_store > hardware_home_and_garden_store > furniture_store,furniture_store,Furniture Store,3,false,hardware_home_and_garden_store
shopping > specialty_store > hardware_home_and_garden_store > grilling_equipment_store,grilling_equipment_store,Grilling Equipment Store,3,false,hardware_home_and_garden_store
shopping > specialty_store > hardware_home_and_garden_store > hardware_store,hardware_store,Hardware Store,3,false,hardware_home_and_garden_store
shopping > specialty_store > hardware_home_and_garden_store > hardware_store > welding_supply_store,welding_supply_store,Welding Supply Store,4,false,hardware_home_and_garden_store
shopping > specialty_store > hardware_home_and_garden_store > holiday_decor_store,holiday_decor_store,Holiday Decor Store,3,false,hardware_home_and_garden_store
shopping > specialty_store > hardware_home_and_garden_store > home_decor_store,home_decor_store,Home Decor Store,3,false,hardware_home_and_garden_store
shopping > specialty_store > hardware_home_and_garden_store > home_goods_store,home_goods_store,Home Goods Store,3,false,hardware_home_and_garden_store
shopping > specialty_store > hardware_home_and_garden_store > home_improvement_store,home_improvement_store,Home Improvement Store,3,false,hardware_home_and_garden_store
shopping > specialty_store > hardware_home_and_garden_store > hot_tub_and_pool_store,hot_tub_and_pool_store,Hot Tub and Pool Store,3,false,hardware_home_and_garden_store
shopping > specialty_store > hardware_home_and_garden_store > kitchen_and_bath_store,kitchen_and_bath_store,Kitchen and Bath Store,3,false,hardware_home_and_garden_store
shopping > specialty_store > hardware_home_and_garden_store > kitchen_and_bath_store > bathroom_fixture_store,bathroom_fixture_store,Bathroom Fixture Store,4,false,hardware_home_and_garden_store
shopping > specialty_store > hardware_home_and_garden_store > kitchen_and_bath_store > kitchen_supply_store,kitchen_supply_store,Kitchen Supply Store,4,false,hardware_home_and_garden_store
shopping > specialty_store > hardware_home_and_garden_store > lawn_mower_store,lawn_mower_store,Lawn Mower Store,3,false,hardware_home_and_garden_store
shopping > specialty_store > hardware_home_and_garden_store > lighting_store,lighting_store,Lighting Store,3,false,hardware_home_and_garden_store
shopping > specialty_store > hardware_home_and_garden_store > linen_store,linen_store,Linen Store,3,false,hardware_home_and_garden_store
shopping > specialty_store > hardware_home_and_garden_store > mattress_store,mattress_store,Mattress Store,3,false,hardware_home_and_garden_store
shopping > specialty_store > hardware_home_and_garden_store > nursery_and_gardening_store,nursery_and_gardening_store,Nursery and Gardening Store,3,false,hardware_home_and_garden_store
shopping > specialty_store > hardware_home_and_garden_store > nursery_and_gardening_store > hydroponic_gardening_store,hydroponic_gardening_store,Hydroponic Gardening Store,4,false,hardware_home_and_garden_store
shopping > specialty_store > hardware_home_and_garden_store > outdoor_furniture_store,outdoor_furniture_store,Outdoor Furniture Store,3,false,hardware_home_and_garden_store
shopping > specialty_store > hardware_home_and_garden_store > paint_store,paint_store,Paint Store,3,false,hardware_home_and_garden_store
shopping > specialty_store > hardware_home_and_garden_store > rug_store,rug_store,Rug Store,3,false,hardware_home_and_garden_store
shopping > specialty_store > hardware_home_and_garden_store > tile_store,tile_store,Tile Store,3,false,hardware_home_and_garden_store
shopping > specialty_store > hardware_home_and_garden_store > wallpaper_store,wallpaper_store,Wallpaper Store,3,false,hardware_home_and_garden_store
shopping > specialty_store > hardware_home_and_garden_store > window_treatment_store,window_treatment_store,Window Treatment Store,3,false,hardware_home_and_garden_store
shopping > specialty_store > hardware_home_and_garden_store > woodworking_supply_store,woodworking_supply_store,Woodworking Supply Store,3,false,hardware_home_and_garden_store
shopping > specialty_store > medical_supply_store,medical_supply_store,Medical Supply Store,2,false,specialty_store
shopping > specialty_store > medical_supply_store > dental_supply_store,dental_supply_store,Dental Supply Store,3,false,specialty_store
shopping > specialty_store > medical_supply_store > hearing_aid_store,hearing_aid_store,Hearing Aid Store,3,false,specialty_store
shopping > specialty_store > musical_instrument_and_pro_audio_store,musical_instrument_and_pro_audio_store,Musical Instrument and Pro Audio Store,2,true,musical_instrument_and_pro_audio_store
shopping > specialty_store > musical_instrument_and_pro_audio_store > dj_equipment_store,dj_equipment_store,DJ Equipment Store,3,false,musical_instrument_and_pro_audio_store
shopping > specialty_store > musical_instrument_and_pro_audio_store > musical_instrument_store,musical_instrument_store,Musical Instrument Store,3,false,musical_instrument_and_pro_audio_store
shopping > specialty_store > musical_instrument_and_pro_audio_store > musical_instrument_store > guitar_store,guitar_store,Guitar Store,4,false,musical_instrument_and_pro_audio_store
shopping > specialty_store > musical_instrument_and_pro_audio_store > musical_instrument_store > piano_store,piano_store,Piano Store,4,false,musical_instrument_and_pro_audio_store
shopping > specialty_store > musical_instrument_and_pro_audio_store > pro_audio_store,pro_audio_store,Pro Audio Store,3,false,musical_instrument_and_pro_audio_store
shopping > specialty_store > office_supply_store,office_supply_store,Office Supply Store,2,true,office_supply_store
shopping > specialty_store > office_supply_store > packing_supply_store,packing_supply_store,Packing Supply Store,3,false,office_supply_store
shopping > specialty_store > office_supply_store > pen_store,pen_store,Pen Store,3,false,office_supply_store
shopping > specialty_store > outlet_store,outlet_store,Outlet Store,2,false,specialty_store
shopping > specialty_store > party_supply_store,party_supply_store,Party Supply Store,2,false,specialty_store
shopping > specialty_store > personal_care_and_beauty_store,personal_care_and_beauty_store,Personal Care and Beauty Store,2,true,personal_care_and_beauty_store
shopping > specialty_store > personal_care_and_beauty_store > bath_and_body_store,bath_and_body_store,Bath and Body Store,3,false,personal_care_and_beauty_store
shopping > specialty_store > personal_care_and_beauty_store > beauty_supply_store,beauty_supply_store,Beauty Supply Store,3,false,personal_care_and_beauty_store
shopping > specialty_store > personal_care_and_beauty_store > beauty_supply_store > cosmetics_and_fragrance_store,cosmetics_and_fragrance_store,Cosmetics and Fragrance Store,4,false,personal_care_and_beauty_store
shopping > specialty_store > personal_care_and_beauty_store > beauty_supply_store > hair_supply_store,hair_supply_store,Hair Supply Store,4,false,personal_care_and_beauty_store
shopping > specialty_store > personal_care_and_beauty_store > beauty_supply_store > wig_store,wig_store,Wig Store,4,false,personal_care_and_beauty_store
shopping > specialty_store > pharmacy_and_drug_store,pharmacy_and_drug_store,Pharmacy and Drug Store,2,true,pharmacy_and_drug_store
shopping > specialty_store > pharmacy_and_drug_store > drugstore,drugstore,Drugstore,3,false,pharmacy_and_drug_store
shopping > specialty_store > pharmacy_and_drug_store > pharmacy,pharmacy,Pharmacy,3,false,pharmacy_and_drug_store
shopping > specialty_store > pop_up_store,pop_up_store,Pop Up Store,2,false,specialty_store
shopping > specialty_store > religious_and_spiritual_goods_store,religious_and_spiritual_goods_store,Religious and Spiritual Goods Store,2,false,specialty_store
shopping > specialty_store > religious_and_spiritual_goods_store > buddhist_goods_store,buddhist_goods_store,Buddhist Goods Store,3,false,specialty_store
shopping > specialty_store > religious_and_spiritual_goods_store > christian_goods_store,christian_goods_store,Christian Goods Store,3,false,specialty_store
shopping > specialty_store > religious_and_spiritual_goods_store > christian_goods_store > church_supply_store,church_supply_store,Church Supply Store,4,false,specialty_store
shopping > specialty_store > religious_and_spiritual_goods_store > hindu_goods_store,hindu_goods_store,Hindu Goods Store,3,false,specialty_store
shopping > specialty_store > religious_and_spiritual_goods_store > islamic_goods_store,islamic_goods_store,Islamic Goods Store,3,false,specialty_store
shopping > specialty_store > religious_and_spiritual_goods_store > jewish_goods_store,jewish_goods_store,Jewish Goods Store,3,false,specialty_store
shopping > specialty_store > religious_and_spiritual_goods_store > mind_body_spirit_store,mind_body_spirit_store,Mind Body Spirit Store,3,false,specialty_store
shopping > specialty_store > religious_and_spiritual_goods_store > new_age_goods_store,new_age_goods_store,New Age Goods Store,3,false,specialty_store
shopping > specialty_store > religious_and_spiritual_goods_store > occult_store,occult_store,Occult Store,3,false,specialty_store
shopping > specialty_store > religious_and_spiritual_goods_store > pagan_goods_store,pagan_goods_store,Pagan Goods Store,3,false,specialty_store
shopping > specialty_store > safe_store,safe_store,Safe Store,2,false,specialty_store
shopping > specialty_store > safety_equipment_store,safety_equipment_store,Safety Equipment Store,2,false,specialty_store
shopping > specialty_store > smoke_and_vape_store,smoke_and_vape_store,Smoke and Vape Store,2,false,specialty_store
shopping > specialty_store > smoke_and_vape_store > cannabis_dispensary,cannabis_dispensary,Cannabis Dispensary,3,false,specialty_store
shopping > specialty_store > souvenir_store,souvenir_store,Souvenir Store,2,false,specialty_store
shopping > specialty_store > sporting_goods_store,sporting_goods_store,Sporting Goods Store,2,true,sporting_goods_store
shopping > specialty_store > sporting_goods_store > archery_store,archery_store,Archery Store,3,false,sporting_goods_store
shopping > specialty_store > sporting_goods_store > bike_store,bike_store,Bike Store,3,false,sporting_goods_store
shopping > specialty_store > sporting_goods_store > dive_store,dive_store,Dive Store,3,false,sporting_goods_store
shopping > specialty_store > sporting_goods_store > fitness_exercise_store,fitness_exercise_store,Fitness Exercise Store,3,false,sporting_goods_store
shopping > specialty_store > sporting_goods_store > golf_equipment_store,golf_equipment_store,Golf Equipment Store,3,false,sporting_goods_store
shopping > specialty_store > sporting_goods_store > hockey_equipment_store,hockey_equipment_store,Hockey Equipment Store,3,false,sporting_goods_store
shopping > specialty_store > sporting_goods_store > hunting_and_fishing_store,hunting_and_fishing_store,Hunting and Fishing Store,3,false,sporting_goods_store
shopping > specialty_store > sporting_goods_store > outdoor_store,outdoor_store,Outdoor Store,3,false,sporting_goods_store
shopping > specialty_store > sporting_goods_store > pool_and_billiards_store,pool_and_billiards_store,Pool and Billiards Store,3,false,sporting_goods_store
shopping > specialty_store > sporting_goods_store > skate_store,skate_store,Skate Store,3,false,sporting_goods_store
shopping > specialty_store > sporting_goods_store > ski_and_snowboard_store,ski_and_snowboard_store,Ski and Snowboard Store,3,false,sporting_goods_store
shopping > specialty_store > sporting_goods_store > sportswear_store,sportswear_store,Sportswear Store,3,false,sporting_goods_store
shopping > specialty_store > sporting_goods_store > sportswear_store > dancewear_store,dancewear_store,Dancewear Store,4,false,sporting_goods_store
shopping > specialty_store > sporting_goods_store > surf_store,surf_store,Surf Store,3,false,sporting_goods_store
shopping > specialty_store > sporting_goods_store > swimwear_store,swimwear_store,Swimwear Store,3,false,sporting_goods_store
shopping > specialty_store > tactical_supply_store,tactical_supply_store,Tactical Supply Store,2,false,specialty_store
shopping > specialty_store > tactical_supply_store > army_and_navy_store,army_and_navy_store,Army and Navy Store,3,false,specialty_store
shopping > specialty_store > tactical_supply_store > military_surplus_store,military_surplus_store,Military Surplus Store,3,false,specialty_store
shopping > specialty_store > toys_and_games_store,toys_and_games_store,Toys and Games Store,2,true,toys_and_games_store
shopping > specialty_store > toys_and_games_store > tabletop_games_store,tabletop_games_store,Tabletop Games Store,3,false,toys_and_games_store
shopping > specialty_store > toys_and_games_store > toy_store,toy_store,Toy Store,3,false,toys_and_games_store
shopping > specialty_store > trophy_store,trophy_store,Trophy Store,2,false,specialty_store
shopping > specialty_store > vehicle_parts_store,vehicle_parts_store,Vehicle Parts Store,2,true,vehicle_parts_store
shopping > specialty_store > vehicle_parts_store > auto_parts_store,auto_parts_store,Auto Parts Store,3,false,vehicle_parts_store
shopping > specialty_store > vehicle_parts_store > boat_parts_store,boat_parts_store,Boat Parts Store,3,false,vehicle_parts_store
shopping > specialty_store > vehicle_parts_store > motorcycle_parts_store,motorcycle_parts_store,Motorcycle Parts Store,3,false,vehicle_parts_store
shopping > specialty_store > vehicle_parts_store > motorsports_store,motorsports_store,Motorsports Store,3,false,vehicle_parts_store
shopping > specialty_store > vehicle_parts_store > rv_parts_store,rv_parts_store,RV Parts Store,3,false,vehicle_parts_store
shopping > superstore,superstore,Superstore,1,true,superstore
shopping > vehicle_dealer,vehicle_dealer,Vehicle Dealer,1,true,vehicle_dealer
shopping > vehicle_dealer > aircraft_dealer,aircraft_dealer,Aircraft Dealer,2,false,vehicle_dealer
shopping > vehicle_dealer > auto_dealer,auto_dealer,Auto Dealer,2,true,auto_dealer
shopping > vehicle_dealer > auto_dealer > auto_broker,auto_broker,Auto Broker,3,false,auto_dealer
shopping > vehicle_dealer > auto_dealer > auto_leasing,auto_leasing,Auto Leasing,3,false,auto_dealer
shopping > vehicle_dealer > auto_dealer > used_auto_dealer,used_auto_dealer,Used Auto Dealer,3,false,auto_dealer
shopping > vehicle_dealer > boat_dealer,boat_dealer,Boat Dealer,2,false,vehicle_dealer
shopping > vehicle_dealer > commercial_vehicle_dealer,commercial_vehicle_dealer,Commercial Vehicle Dealer,2,false,vehicle_dealer
shopping > vehicle_dealer > forklift_dealer,forklift_dealer,Forklift Dealer,2,false,vehicle_dealer
shopping > vehicle_dealer > golf_cart_dealer,golf_cart_dealer,Golf Cart Dealer,2,false,vehicle_dealer
shopping > vehicle_dealer > motorcycle_dealer,motorcycle_dealer,Motorcycle Dealer,2,false,vehicle_dealer
shopping > vehicle_dealer > motorsport_vehicle_dealer,motorsport_vehicle_dealer,Motorsport Vehicle Dealer,2,false,vehicle_dealer
shopping > vehicle_dealer > recreational_vehicle_dealer,recreational_vehicle_dealer,Recreational Vehicle Dealer,2,false,vehicle_dealer
shopping > vehicle_dealer > scooter_dealer,scooter_dealer,Scooter Dealer,2,false,vehicle_dealer
shopping > vehicle_dealer > trailer_dealer,trailer_dealer,Trailer Dealer,2,false,vehicle_dealer
shopping > vehicle_dealer > truck_dealer,truck_dealer,Truck Dealer,2,false,vehicle_dealer
shopping > warehouse_club_store,warehouse_club_store,Warehouse Club Store,1,true,warehouse_club_store
sports_and_recreation,sports_and_recreation,Sports and Recreation,0,true,sports_and_recreation
sports_and_recreation > park,park,Park,1,true,park
sports_and_recreation > park > dog_park,dog_park,Dog Park,2,true,dog_park
sports_and_recreation > park > mountain_bike_park,mountain_bike_park,Mountain Bike Park,2,false,park
sports_and_recreation > park > national_park,national_park,National Park,2,true,national_park
sports_and_recreation > park > playground,playground,Playground,2,true,playground
sports_and_recreation > park > state_park,state_park,State Park,2,false,park
sports_and_recreation > park > water_park,water_park,Water Park,2,false,park
sports_and_recreation > recreational_equipment_rental,recreational_equipment_rental,Recreational Equipment Rental,1,true,recreational_equipment_rental
sports_and_recreation > recreational_equipment_rental > atv_rental_tour,atv_rental_tour,ATV Rental Tour,2,false,recreational_equipment_rental
sports_and_recreation > recreational_equipment_rental > beach_equipment_rental,beach_equipment_rental,Beach Equipment Rental,2,false,recreational_equipment_rental
sports_and_recreation > recreational_equipment_rental > bike_rental,bike_rental,Bike Rental,2,false,recreational_equipment_rental
sports_and_recreation > recreational_equipment_rental > boat_hire_service,boat_hire_service,Boat Hire Service,2,false,recreational_equipment_rental
sports_and_recreation > recreational_equipment_rental > boat_rental_and_training,boat_rental_and_training,Boat Rental and Training,2,false,recreational_equipment_rental
sports_and_recreation > recreational_equipment_rental > canoe_and_kayak_hire_service,canoe_and_kayak_hire_service,Canoe and Kayak Hire Service,2,false,recreational_equipment_rental
sports_and_recreation > recreational_equipment_rental > jet_skis_rental,jet_skis_rental,Jet Skis Rental,2,false,recreational_equipment_rental
sports_and_recreation > recreational_equipment_rental > paddleboard_rental,paddleboard_rental,Paddleboard Rental,2,false,recreational_equipment_rental
sports_and_recreation > recreational_equipment_rental > scooter_rental,scooter_rental,Scooter Rental,2,false,recreational_equipment_rental
sports_and_recreation > recreational_equipment_rental > sledding_rental,sledding_rental,Sledding Rental,2,false,recreational_equipment_rental
sports_and_recreation > recreational_equipment_rental > snorkeling_equipment_rental,snorkeling_equipment_rental,Snorkeling Equipment Rental,2,false,recreational_equipment_rental
sports_and_recreation > recreational_equipment_rental > sport_equipment_rental,sport_equipment_rental,Sport Equipment Rental,2,false,recreational_equipment_rental
sports_and_recreation > recreational_equipment_rental > surfboard_rental,surfboard_rental,Surfboard Rental,2,false,recreational_equipment_rental
sports_and_recreation > recreational_trail_or_path,recreational_trail_or_path,Recreational Trail or Path,1,true,recreational_trail_or_path
sports_and_recreation > recreational_trail_or_path > backpacking_area,backpacking_area,Backpacking Area,2,false,recreational_trail_or_path
sports_and_recreation > recreational_trail_or_path > bike_path,bike_path,Bike Path,2,false,recreational_trail_or_path
sports_and_recreation > recreational_trail_or_path > hiking_trail,hiking_trail,Hiking Trail,2,false,recreational_trail_or_path
sports_and_recreation > recreational_trail_or_path > mountain_bike_trail,mountain_bike_trail,Mountain Bike Trail,2,false,recreational_trail_or_path
sports_and_recreation > sport_league,sport_league,Sport League,1,true,sport_league
sports_and_recreation > sport_league > amateur_sport_league,amateur_sport_league,Amateur Sport League,2,false,sport_league
sports_and_recreation > sport_league > esports_league,esports_league,Esports League,2,false,sport_league
sports_and_recreation > sport_league > professional_sport_league,professional_sport_league,Professional Sport League,2,false,sport_league
sports_and_recreation > sport_league > school_sport_league,school_sport_league,School Sport League,2,false,sport_league
sports_and_recreation > sport_or_fitness_facility,sport_or_fitness_facility,Sport or Fitness Facility,1,true,sport_or_fitness_facility
sports_and_recreation > sport_or_fitness_facility > adventure_sport,adventure_sport,Adventure Sport,2,false,sport_or_fitness_facility
sports_and_recreation > sport_or_fitness_facility > adventure_sport > axe_throwing,axe_throwing,Axe Throwing,3,false,sport_or_fitness_facility
sports_and_recreation > sport_or_fitness_facility > adventure_sport > bungee_jumping_center,bungee_jumping_center,Bungee Jumping Center,3,false,sport_or_fitness_facility
sports_and_recreation > sport_or_fitness_facility > adventure_sport > challenge_courses_center,challenge_courses_center,Challenge Courses Center,3,false,sport_or_fitness_facility
sports_and_recreation > sport_or_fitness_facility > adventure_sport > cliff_jumping_center,cliff_jumping_center,Cliff Jumping Center,3,false,sport_or_fitness_facility
sports_and_recreation > sport_or_fitness_facility > adventure_sport > climbing_service,climbing_service,Climbing Service,3,false,sport_or_fitness_facility
sports_and_recreation > sport_or_fitness_facility > adventure_sport > high_gliding_center,high_gliding_center,High Gliding Center,3,false,sport_or_fitness_facility
sports_and_recreation > sport_or_fitness_facility > adventure_sport > rock_climbing_spot,rock_climbing_spot,Rock Climbing Spot,3,false,sport_or_fitness_facility
sports_and_recreation > sport_or_fitness_facility > adventure_sport > ziplining_center,ziplining_center,Ziplining Center,3,false,sport_or_fitness_facility
sports_and_recreation > sport_or_fitness_facility > adventure_sports_center,adventure_sports_center,Adventure Sports Center,2,false,sport_or_fitness_facility
sports_and_recreation > sport_or_fitness_facility > atv_recreation_park,atv_recreation_park,ATV Recreation Park,2,false,sport_or_fitness_facility
sports_and_recreation > sport_or_fitness_facility > batting_cage,batting_cage,Batting Cage,2,false,sport_or_fitness_facility
sports_and_recreation > sport_or_fitness_facility > bowling_alley,bowling_alley,Bowling Alley,2,false,sport_or_fitness_facility
sports_and_recreation > sport_or_fitness_facility > boxing_class,boxing_class,Boxing Class,2,false,sport_or_fitness_facility
sports_and_recreation > sport_or_fitness_facility > boxing_gym,boxing_gym,Boxing Gym,2,false,sport_or_fitness_facility
sports_and_recreation > sport_or_fitness_facility > cardio_class,cardio_class,Cardio Class,2,false,sport_or_fitness_facility
sports_and_recreation > sport_or_fitness_facility > climbing_class,climbing_class,Climbing Class,2,false,sport_or_fitness_facility
sports_and_recreation > sport_or_fitness_facility > curling_center,curling_center,Curling Center,2,false,sport_or_fitness_facility
sports_and_recreation > sport_or_fitness_facility > curling_ice,curling_ice,Curling Ice,2,false,sport_or_fitness_facility
sports_and_recreation > sport_or_fitness_facility > cycling_class,cycling_class,Cycling Class,2,false,sport_or_fitness_facility
sports_and_recreation > sport_or_fitness_facility > dance_studio,dance_studio,Dance Studio,2,false,sport_or_fitness_facility
sports_and_recreation > sport_or_fitness_facility > diving_center,diving_center,Diving Center,2,false,sport_or_fitness_facility
sports_and_recreation > sport_or_fitness_facility > diving_center > free_diving_center,free_diving_center,Free Diving Center,3,false,sport_or_fitness_facility
sports_and_recreation > sport_or_fitness_facility > diving_center > scuba_diving_center,scuba_diving_center,Scuba Diving Center,3,false,sport_or_fitness_facility
sports_and_recreation > sport_or_fitness_facility > diving_instruction,diving_instruction,Diving Instruction,2,false,sport_or_fitness_facility
sports_and_recreation > sport_or_fitness_facility > diving_instruction > free_diving_instruction,free_diving_instruction,Free Diving Instruction,3,false,sport_or_fitness_facility
sports_and_recreation > sport_or_fitness_facility > diving_instruction > scuba_diving_instruction,scuba_diving_instruction,Scuba Diving Instruction,3,false,sport_or_fitness_facility
sports_and_recreation > sport_or_fitness_facility > fitness_studio,fitness_studio,Fitness Studio,2,true,fitness_studio
sports_and_recreation > sport_or_fitness_facility > fitness_studio > aerial_fitness_center,aerial_fitness_center,Aerial Fitness Center,3,false,fitness_studio
sports_and_recreation > sport_or_fitness_facility > fitness_studio > barre_class,barre_class,Barre Class,3,false,fitness_studio
sports_and_recreation > sport_or_fitness_facility > fitness_studio > boot_camp,boot_camp,Boot Camp,3,false,fitness_studio
sports_and_recreation > sport_or_fitness_facility > fitness_studio > pilates_studio,pilates_studio,Pilates Studio,3,false,fitness_studio
sports_and_recreation > sport_or_fitness_facility > fitness_studio > qi_gong_studio,qi_gong_studio,Qi Gong Studio,3,false,fitness_studio
sports_and_recreation > sport_or_fitness_facility > fitness_studio > tai_chi_studio,tai_chi_studio,Tai Chi Studio,3,false,fitness_studio
sports_and_recreation > sport_or_fitness_facility > fitness_studio > yoga_studio,yoga_studio,Yoga Studio,3,false,fitness_studio
sports_and_recreation > sport_or_fitness_facility > fitness_trainer,fitness_trainer,Fitness Trainer,2,false,sport_or_fitness_facility
sports_and_recreation > sport_or_fitness_facility > flyboarding_center,flyboarding_center,Flyboarding Center,2,false,sport_or_fitness_facility
sports_and_recreation > sport_or_fitness_facility > flyboarding_rental,flyboarding_rental,Flyboarding Rental,2,false,sport_or_fitness_facility
sports_and_recreation > sport_or_fitness_facility > golf_course,golf_course,Golf Course,2,true,golf_course
sports_and_recreation > sport_or_fitness_facility > golf_course > driving_range,driving_range,Driving Range,3,false,golf_course
sports_and_recreation > sport_or_fitness_facility > golf_instructor,golf_instructor,Golf Instructor,2,false,sport_or_fitness_facility
sports_and_recreation > sport_or_fitness_facility > gym,gym,Gym,2,true,gym
sports_and_recreation > sport_or_fitness_facility > gym > cycle_studio,cycle_studio,Cycle Studio,3,false,gym
sports_and_recreation > sport_or_fitness_facility > gymnastics_center,gymnastics_center,Gymnastics Center,2,false,sport_or_fitness_facility
sports_and_recreation > sport_or_fitness_facility > hang_gliding_center,hang_gliding_center,Hang Gliding Center,2,false,sport_or_fitness_facility
sports_and_recreation > sport_or_fitness_facility > hockey_rink,hockey_rink,Hockey Rink,2,false,sport_or_fitness_facility
sports_and_recreation > sport_or_fitness_facility > hockey_rink > ice_hockey_rink,ice_hockey_rink,Ice Hockey Rink,3,false,sport_or_fitness_facility
sports_and_recreation > sport_or_fitness_facility > hockey_rink > roller_hockey_rink,roller_hockey_rink,Roller Hockey Rink,3,false,sport_or_fitness_facility
sports_and_recreation > sport_or_fitness_facility > horse_riding,horse_riding,Horse Riding,2,false,sport_or_fitness_facility
sports_and_recreation > sport_or_fitness_facility > horse_riding > equestrian_facility,equestrian_facility,Equestrian Facility,3,false,sport_or_fitness_facility
sports_and_recreation > sport_or_fitness_facility > horseback_riding_service,horseback_riding_service,Horseback Riding Service,2,false,sport_or_fitness_facility
sports_and_recreation > sport_or_fitness_facility > indoor_playcenter,indoor_playcenter,Indoor Playcenter,2,false,sport_or_fitness_facility
sports_and_recreation > sport_or_fitness_facility > kiteboarding,kiteboarding,Kiteboarding,2,false,sport_or_fitness_facility
sports_and_recreation > sport_or_fitness_facility > kiteboarding_instruction,kiteboarding_instruction,Kiteboarding Instruction,2,false,sport_or_fitness_facility
sports_and_recreation > sport_or_fitness_facility > laser_tag,laser_tag,Laser Tag,2,false,sport_or_fitness_facility
sports_and_recreation > sport_or_fitness_facility > miniature_golf_course,miniature_golf_course,Miniature Golf Course,2,false,sport_or_fitness_facility
sports_and_recreation > sport_or_fitness_facility > paddleboarding_center,paddleboarding_center,Paddleboarding Center,2,false,sport_or_fitness_facility
sports_and_recreation > sport_or_fitness_facility > paddleboarding_lessons,paddleboarding_lessons,Paddleboarding Lessons,2,false,sport_or_fitness_facility
sports_and_recreation > sport_or_fitness_facility > paintball,paintball,Paintball,2,false,sport_or_fitness_facility
sports_and_recreation > sport_or_fitness_facility > parasailing_ride_service,parasailing_ride_service,Parasailing Ride Service,2,false,sport_or_fitness_facility
sports_and_recreation > sport_or_fitness_facility > pool_billiards,pool_billiards,Pool Billiards,2,false,sport_or_fitness_facility
sports_and_recreation > sport_or_fitness_facility > pool_billiards > pool_hall,pool_hall,Pool Hall,3,false,sport_or_fitness_facility
sports_and_recreation > sport_or_fitness_facility > race_track,race_track,Race Track,2,false,sport_or_fitness_facility
sports_and_recreation > sport_or_fitness_facility > race_track > go_kart_track,go_kart_track,Go Kart Track,3,false,sport_or_fitness_facility
sports_and_recreation > sport_or_fitness_facility > race_track > horse_racing_track,horse_racing_track,Horse Racing Track,3,false,sport_or_fitness_facility
sports_and_recreation > sport_or_fitness_facility > race_track > motor_race_track,motor_race_track,Motor Race Track,3,false,sport_or_fitness_facility
sports_and_recreation > sport_or_fitness_facility > race_track > track_and_field_track,track_and_field_track,Track and Field Track,3,false,sport_or_fitness_facility
sports_and_recreation > sport_or_fitness_facility > race_track > velodrome,velodrome,Velodrome,3,false,sport_or_fitness_facility
sports_and_recreation > sport_or_fitness_facility > racing_experience,racing_experience,Racing Experience,2,false,sport_or_fitness_facility
sports_and_recreation > sport_or_fitness_facility > rock_climbing_gym,rock_climbing_gym,Rock Climbing Gym,2,false,sport_or_fitness_facility
sports_and_recreation > sport_or_fitness_facility > rock_climbing_instructor,rock_climbing_instructor,Rock Climbing Instructor,2,false,sport_or_fitness_facility
sports_and_recreation > sport_or_fitness_facility > running_and_track,running_and_track,Running and Track,2,false,sport_or_fitness_facility
sports_and_recreation > sport_or_fitness_facility > running_and_track > running,running,Running,3,false,sport_or_fitness_facility
sports_and_recreation > sport_or_fitness_facility > running_and_track > track_field_event,track_field_event,Track Field Event,3,false,sport_or_fitness_facility
sports_and_recreation > sport_or_fitness_facility > self_defense_class,self_defense_class,Self Defense Class,2,false,sport_or_fitness_facility
sports_and_recreation > sport_or_fitness_facility > shooting_range,shooting_range,Shooting Range,2,false,sport_or_fitness_facility
sports_and_recreation > sport_or_fitness_facility > shooting_range > archery_range,archery_range,Archery Range,3,false,sport_or_fitness_facility
sports_and_recreation > sport_or_fitness_facility > skate_park,skate_park,Skate Park,2,true,skate_park
sports_and_recreation > sport_or_fitness_facility > skating_rink,skating_rink,Skating Rink,2,true,skating_rink
sports_and_recreation > sport_or_fitness_facility > skating_rink > ice_skating_rink,ice_skating_rink,Ice Skating Rink,3,false,skating_rink
sports_and_recreation > sport_or_fitness_facility > skating_rink > roller_skating_rink,roller_skating_rink,Roller Skating Rink,3,false,skating_rink
sports_and_recreation > sport_or_fitness_facility > ski_and_snowboard_school,ski_and_snowboard_school,Ski and Snowboard School,2,false,sport_or_fitness_facility
sports_and_recreation > sport_or_fitness_facility > sky_diving,sky_diving,Sky Diving,2,false,sport_or_fitness_facility
sports_and_recreation > sport_or_fitness_facility > sky_diving > sky_diving_drop_zone,sky_diving_drop_zone,Sky Diving Drop Zone,3,false,sport_or_fitness_facility
sports_and_recreation > sport_or_fitness_facility > sky_diving > skydiving_center,skydiving_center,Skydiving Center,3,false,sport_or_fitness_facility
sports_and_recreation > sport_or_fitness_facility > snow_sport,snow_sport,Snow Sport,2,false,sport_or_fitness_facility
sports_and_recreation > sport_or_fitness_facility > snow_sport > bobsledding_field,bobsledding_field,Bobsledding Field,3,false,sport_or_fitness_facility
sports_and_recreation > sport_or_fitness_facility > snow_sport > ski_area,ski_area,Ski Area,3,false,sport_or_fitness_facility
sports_and_recreation > sport_or_fitness_facility > snow_sport > ski_chairlift,ski_chairlift,Ski Chairlift,3,false,sport_or_fitness_facility
sports_and_recreation > sport_or_fitness_facility > snow_sport > ski_chalet,ski_chalet,Ski Chalet,3,false,sport_or_fitness_facility
sports_and_recreation > sport_or_fitness_facility > snow_sport > ski_resort_area,ski_resort_area,Ski Resort Area,3,false,sport_or_fitness_facility
sports_and_recreation > sport_or_fitness_facility > snow_sport > snowboarding_center,snowboarding_center,Snowboarding Center,3,false,sport_or_fitness_facility
sports_and_recreation > sport_or_fitness_facility > sport_court,sport_court,Sport Court,2,true,sport_court
sports_and_recreation > sport_or_fitness_facility > sport_court > badminton_court,badminton_court,Badminton Court,3,false,sport_court
sports_and_recreation > sport_or_fitness_facility > sport_court > basketball_court,basketball_court,Basketball Court,3,false,sport_court
sports_and_recreation > sport_or_fitness_facility > sport_court > beach_volleyball_court,beach_volleyball_court,Beach Volleyball Court,3,false,sport_court
sports_and_recreation > sport_or_fitness_facility > sport_court > bocce_ball_court,bocce_ball_court,Bocce Ball Court,3,false,sport_court
sports_and_recreation > sport_or_fitness_facility > sport_court > handball_court,handball_court,Handball Court,3,false,sport_court
sports_and_recreation > sport_or_fitness_facility > sport_court > pickleball_court,pickleball_court,Pickleball Court,3,false,sport_court
sports_and_recreation > sport_or_fitness_facility > sport_court > racquetball_court,racquetball_court,Racquetball Court,3,false,sport_court
sports_and_recreation > sport_or_fitness_facility > sport_court > squash_court,squash_court,Squash Court,3,false,sport_court
sports_and_recreation > sport_or_fitness_facility > sport_court > street_hockey_court,street_hockey_court,Street Hockey Court,3,false,sport_court
sports_and_recreation > sport_or_fitness_facility > sport_court > tennis_court,tennis_court,Tennis Court,3,false,sport_court
sports_and_recreation > sport_or_fitness_facility > sport_court > volleyball_court,volleyball_court,Volleyball Court,3,false,sport_court
sports_and_recreation > sport_or_fitness_facility > sport_field,sport_field,Sport Field,2,true,sport_field
sports_and_recreation > sport_or_fitness_facility > sport_field > airsoft_field,airsoft_field,Airsoft Field,3,false,sport_field
sports_and_recreation > sport_or_fitness_facility > sport_field > american_football_field,american_football_field,American Football Field,3,false,sport_field
sports_and_recreation > sport_or_fitness_facility > sport_field > baseball_field,baseball_field,Baseball Field,3,false,sport_field
sports_and_recreation > sport_or_fitness_facility > sport_field > disc_golf_course,disc_golf_course,Disc Golf Course,3,false,sport_field
sports_and_recreation > sport_or_fitness_facility > sport_field > futsal_field,futsal_field,Futsal Field,3,false,sport_field
sports_and_recreation > sport_or_fitness_facility > sport_field > hockey_field,hockey_field,Hockey Field,3,false,sport_field
sports_and_recreation > sport_or_fitness_facility > sport_field > hockey_field > field_hockey_pitch,field_hockey_pitch,Field Hockey Pitch,4,false,sport_field
sports_and_recreation > sport_or_fitness_facility > sport_field > lacrosse_field,lacrosse_field,Lacrosse Field,3,false,sport_field
sports_and_recreation > sport_or_fitness_facility > sport_field > rugby_pitch,rugby_pitch,Rugby Pitch,3,false,sport_field
sports_and_recreation > sport_or_fitness_facility > sport_field > soccer_field,soccer_field,Soccer Field,3,false,sport_field
sports_and_recreation > sport_or_fitness_facility > sport_field > softball_field,softball_field,Softball Field,3,false,sport_field
sports_and_recreation > sport_or_fitness_facility > sports_complex,sports_complex,Sports Complex,2,true,sports_complex
sports_and_recreation > sport_or_fitness_facility > surfing_school,surfing_school,Surfing School,2,false,sport_or_fitness_facility
sports_and_recreation > sport_or_fitness_facility > swimming_pool,swimming_pool,Swimming Pool,2,true,swimming_pool
sports_and_recreation > sport_or_fitness_facility > swimming_pool > swimming_instructor,swimming_instructor,Swimming Instructor,3,false,swimming_pool
sports_and_recreation > sport_or_fitness_facility > trampoline_park,trampoline_park,Trampoline Park,2,false,sport_or_fitness_facility
sports_and_recreation > sport_or_fitness_facility > tubing_provider,tubing_provider,Tubing Provider,2,false,sport_or_fitness_facility
sports_and_recreation > sport_or_fitness_facility > water_sport,water_sport,Water Sport,2,false,sport_or_fitness_facility
sports_and_recreation > sport_or_fitness_facility > water_sport > boating_place,boating_place,Boating Place,3,false,sport_or_fitness_facility
sports_and_recreation > sport_or_fitness_facility > water_sport > fishing,fishing,Fishing,3,false,sport_or_fitness_facility
sports_and_recreation > sport_or_fitness_facility > water_sport > fishing > fishing_area,fishing_area,Fishing Area,4,false,sport_or_fitness_facility
sports_and_recreation > sport_or_fitness_facility > water_sport > fishing > fishing_charter,fishing_charter,Fishing Charter,4,false,sport_or_fitness_facility
sports_and_recreation > sport_or_fitness_facility > water_sport > rafting_kayaking_area,rafting_kayaking_area,Rafting Kayaking Area,3,false,sport_or_fitness_facility
sports_and_recreation > sport_or_fitness_facility > water_sport > sailing_area,sailing_area,Sailing Area,3,false,sport_or_fitness_facility
sports_and_recreation > sport_or_fitness_facility > water_sport > snorkeling,snorkeling,Snorkeling,3,false,sport_or_fitness_facility
sports_and_recreation > sport_or_fitness_facility > water_sport > surfing,surfing,Surfing,3,false,sport_or_fitness_facility
sports_and_recreation > sport_or_fitness_facility > water_sport > surfing > windsurfing_center,windsurfing_center,Windsurfing Center,4,false,sport_or_fitness_facility
sports_and_recreation > sport_or_fitness_facility > wildlife_hunting_range,wildlife_hunting_range,Wildlife Hunting Range,2,false,sport_or_fitness_facility
sports_and_recreation > sport_or_recreation_club,sport_or_recreation_club,Sport or Recreation Club,1,true,sport_or_recreation_club
sports_and_recreation > sport_or_recreation_club > beach_volleyball_club,beach_volleyball_club,Beach Volleyball Club,2,false,sport_or_recreation_club
sports_and_recreation > sport_or_recreation_club > curling_club,curling_club,Curling Club,2,false,sport_or_recreation_club
sports_and_recreation > sport_or_recreation_club > fencing_club,fencing_club,Fencing Club,2,false,sport_or_recreation_club
sports_and_recreation > sport_or_recreation_club > fishing_club,fishing_club,Fishing Club,2,false,sport_or_recreation_club
sports_and_recreation > sport_or_recreation_club > football_club,football_club,Football Club,2,false,sport_or_recreation_club
sports_and_recreation > sport_or_recreation_club > go_kart_club,go_kart_club,Go Kart Club,2,false,sport_or_recreation_club
sports_and_recreation > sport_or_recreation_club > golf_club,golf_club,Golf Club,2,false,sport_or_recreation_club
sports_and_recreation > sport_or_recreation_club > golf_club > indoor_golf_center,indoor_golf_center,Indoor Golf Center,3,false,sport_or_recreation_club
sports_and_recreation > sport_or_recreation_club > gymnastics_club,gymnastics_club,Gymnastics Club,2,false,sport_or_recreation_club
sports_and_recreation > sport_or_recreation_club > hockey_club,hockey_club,Hockey Club,2,false,sport_or_recreation_club
sports_and_recreation > sport_or_recreation_club > hockey_club > field_hockey_club,field_hockey_club,Field Hockey Club,3,false,sport_or_recreation_club
sports_and_recreation > sport_or_recreation_club > hockey_club > ice_hockey_club,ice_hockey_club,Ice Hockey Club,3,false,sport_or_recreation_club
sports_and_recreation > sport_or_recreation_club > hockey_club > roller_hockey_club,roller_hockey_club,Roller Hockey Club,3,false,sport_or_recreation_club
sports_and_recreation > sport_or_recreation_club > hockey_club > street_hockey_club,street_hockey_club,Street Hockey Club,3,false,sport_or_recreation_club
sports_and_recreation > sport_or_recreation_club > lacrosse_club,lacrosse_club,Lacrosse Club,2,false,sport_or_recreation_club
sports_and_recreation > sport_or_recreation_club > lawn_bowling_club,lawn_bowling_club,Lawn Bowling Club,2,false,sport_or_recreation_club
sports_and_recreation > sport_or_recreation_club > martial_arts_club,martial_arts_club,Martial Arts Club,2,false,sport_or_recreation_club
sports_and_recreation > sport_or_recreation_club > martial_arts_club > brazilian_jiu_jitsu_club,brazilian_jiu_jitsu_club,Brazilian Jiu Jitsu Club,3,false,sport_or_recreation_club
sports_and_recreation > sport_or_recreation_club > martial_arts_club > chinese_martial_arts_club,chinese_martial_arts_club,Chinese Martial Arts Club,3,false,sport_or_recreation_club
sports_and_recreation > sport_or_recreation_club > martial_arts_club > karate_club,karate_club,Karate Club,3,false,sport_or_recreation_club
sports_and_recreation > sport_or_recreation_club > martial_arts_club > kickboxing_club,kickboxing_club,Kickboxing Club,3,false,sport_or_recreation_club
sports_and_recreation > sport_or_recreation_club > martial_arts_club > muay_thai_club,muay_thai_club,Muay Thai Club,3,false,sport_or_recreation_club
sports_and_recreation > sport_or_recreation_club > martial_arts_club > taekwondo_club,taekwondo_club,Taekwondo Club,3,false,sport_or_recreation_club
sports_and_recreation > sport_or_recreation_club > naturist_club,naturist_club,Naturist Club,2,false,sport_or_recreation_club
sports_and_recreation > sport_or_recreation_club > paddle_tennis_club,paddle_tennis_club,Paddle Tennis Club,2,false,sport_or_recreation_club
sports_and_recreation > sport_or_recreation_club > pickleball_club,pickleball_club,Pickleball Club,2,false,sport_or_recreation_club
sports_and_recreation > sport_or_recreation_club > rowing_club,rowing_club,Rowing Club,2,false,sport_or_recreation_club
sports_and_recreation > sport_or_recreation_club > running_and_track_club,running_and_track_club,Running and Track Club,2,false,sport_or_recreation_club
sports_and_recreation > sport_or_recreation_club > running_and_track_club > running_club,running_club,Running Club,3,false,sport_or_recreation_club
sports_and_recreation > sport_or_recreation_club > running_and_track_club > track_and_field_club,track_and_field_club,Track and Field Club,3,false,sport_or_recreation_club
sports_and_recreation > sport_or_recreation_club > sailing_club,sailing_club,Sailing Club,2,false,sport_or_recreation_club
sports_and_recreation > sport_or_recreation_club > soccer_club,soccer_club,Soccer Club,2,false,sport_or_recreation_club
sports_and_recreation > sport_or_recreation_club > surf_lifesaving_club,surf_lifesaving_club,Surf Lifesaving Club,2,false,sport_or_recreation_club
sports_and_recreation > sport_or_recreation_club > table_tennis_club,table_tennis_club,Table Tennis Club,2,false,sport_or_recreation_club
sports_and_recreation > sport_or_recreation_club > volleyball_club,volleyball_club,Volleyball Club,2,false,sport_or_recreation_club
sports_and_recreation > sport_team,sport_team,Sport Team,1,true,sport_team
sports_and_recreation > sport_team > amateur_sport_team,amateur_sport_team,Amateur Sport Team,2,false,sport_team
sports_and_recreation > sport_team > esports_team,esports_team,Esports Team,2,false,sport_team
sports_and_recreation > sport_team > professional_sport_team,professional_sport_team,Professional Sport Team,2,false,sport_team
sports_and_recreation > sport_team > school_sport_team,school_sport_team,School Sport Team,2,false,sport_team
travel_and_transportation,travel_and_transportation,Travel and Transportation,0,true,travel_and_transportation
travel_and_transportation > air_transport_facility_or_service,air_transport_facility_or_service,Air Transport Facility or Service,1,true,air_transport_facility_or_service
travel_and_transportation > air_transport_facility_or_service > aircraft_parts_and_supplies,aircraft_parts_and_supplies,Aircraft Parts and Supplies,2,false,air_transport_facility_or_service
travel_and_transportation > air_transport_facility_or_service > aircraft_parts_and_supplies > avionics_shop,avionics_shop,Avionics Shop,3,false,air_transport_facility_or_service
travel_and_transportation > air_transport_facility_or_service > airline,airline,Airline,2,false,air_transport_facility_or_service
travel_and_transportation > air_transport_facility_or_service > airline_ticket_agency,airline_ticket_agency,Airline Ticket Agency,2,false,air_transport_facility_or_service
travel_and_transportation > air_transport_facility_or_service > airport,airport,Airport,2,true,airport
travel_and_transportation > air_transport_facility_or_service > airport > airport_terminal,airport_terminal,Airport Terminal,3,false,airport
travel_and_transportation > air_transport_facility_or_service > airport > balloon_port,balloon_port,Balloon Port,3,false,airport
travel_and_transportation > air_transport_facility_or_service > airport > glider_port,glider_port,Glider Port,3,false,airport
travel_and_transportation > air_transport_facility_or_service > airport > heliport,heliport,Heliport,3,false,airport
travel_and_transportation > air_transport_facility_or_service > airport > seaplane_base,seaplane_base,Seaplane Base,3,false,airport
travel_and_transportation > air_transport_facility_or_service > airport > ultralight_airport,ultralight_airport,Ultralight Airport,3,false,airport
travel_and_transportation > air_transport_facility_or_service > airport_shuttle,airport_shuttle,Airport Shuttle,2,false,air_transport_facility_or_service
travel_and_transportation > air_transport_facility_or_service > private_jet_charter,private_jet_charter,Private Jet Charter,2,false,air_transport_facility_or_service
travel_and_transportation > fueling_station,fueling_station,Fueling Station,1,true,fueling_station
travel_and_transportation > fueling_station > ev_charging_station,ev_charging_station,EV Charging Station,2,true,ev_charging_station
travel_and_transportation > fueling_station > gas_station,gas_station,Gas Station,2,true,gas_station
travel_and_transportation > fueling_station > gas_station > fuel_dock,fuel_dock,Fuel Dock,3,false,gas_station
travel_and_transportation > fueling_station > gas_station > truck_gas_station,truck_gas_station,Truck Gas Station,3,false,gas_station
travel_and_transportation > ground_transport_facility_or_service,ground_transport_facility_or_service,Ground Transport Facility or Service,1,true,ground_transport_facility_or_service
travel_and_transportation > ground_transport_facility_or_service > bikes_and_bike_service,bikes_and_bike_service,Bikes and Bike Service,2,false,ground_transport_facility_or_service
travel_and_transportation > ground_transport_facility_or_service > bikes_and_bike_service > bike_sharing_location,bike_sharing_location,Bike Sharing Location,3,false,ground_transport_facility_or_service
travel_and_transportation > ground_transport_facility_or_service > public_transit_facility_or_service,public_transit_facility_or_service,Public Transit Facility or Service,2,true,public_transit_facility_or_service
travel_and_transportation > ground_transport_facility_or_service > public_transit_facility_or_service > bus_station,bus_station,Bus Station,3,false,public_transit_facility_or_service
travel_and_transportation > ground_transport_facility_or_service > public_transit_facility_or_service > bus_ticket_agency,bus_ticket_agency,Bus Ticket Agency,3,false,public_transit_facility_or_service
travel_and_transportation > ground_transport_facility_or_service > public_transit_facility_or_service > cable_car_service,cable_car_service,Cable Car Service,3,false,public_transit_facility_or_service
travel_and_transportation > ground_transport_facility_or_service > public_transit_facility_or_service > coach_bus,coach_bus,Coach Bus,3,false,public_transit_facility_or_service
travel_and_transportation > ground_transport_facility_or_service > public_transit_facility_or_service > light_rail_and_subway_station,light_rail_and_subway_station,Light Rail and Subway Station,3,false,public_transit_facility_or_service
travel_and_transportation > ground_transport_facility_or_service > public_transit_facility_or_service > metro_station,metro_station,Metro Station,3,false,public_transit_facility_or_service
travel_and_transportation > ground_transport_facility_or_service > rail_facility_or_service,rail_facility_or_service,Rail Facility or Service,2,true,rail_facility_or_service
travel_and_transportation > ground_transport_facility_or_service > rail_facility_or_service > railway_ticket_agent,railway_ticket_agent,Railway Ticket Agent,3,false,rail_facility_or_service
travel_and_transportation > ground_transport_facility_or_service > rail_facility_or_service > train,train,Train,3,false,rail_facility_or_service
travel_and_transportation > ground_transport_facility_or_service > rail_facility_or_service > train_station,train_station,Train Station,3,true,train_station
travel_and_transportation > ground_transport_facility_or_service > road_structures_and_service,road_structures_and_service,Road Structures and Service,2,false,ground_transport_facility_or_service
travel_and_transportation > ground_transport_facility_or_service > road_structures_and_service > rest_stop,rest_stop,Rest Stop,3,true,rest_stop
travel_and_transportation > ground_transport_facility_or_service > road_structures_and_service > toll_station,toll_station,Toll Station,3,true,toll_station
travel_and_transportation > ground_transport_facility_or_service > road_structures_and_service > truck_stop,truck_stop,Truck Stop,3,false,ground_transport_facility_or_service
travel_and_transportation > ground_transport_facility_or_service > taxi_or_ride_share_service,taxi_or_ride_share_service,Taxi or Ride Share Service,2,true,taxi_or_ride_share_service
travel_and_transportation > ground_transport_facility_or_service > taxi_or_ride_share_service > car_sharing,car_sharing,Car Sharing,3,false,taxi_or_ride_share_service
travel_and_transportation > ground_transport_facility_or_service > taxi_or_ride_share_service > limo_service,limo_service,Limo Service,3,false,taxi_or_ride_share_service
travel_and_transportation > ground_transport_facility_or_service > taxi_or_ride_share_service > pedicab_service,pedicab_service,Pedicab Service,3,false,taxi_or_ride_share_service
travel_and_transportation > ground_transport_facility_or_service > taxi_or_ride_share_service > ride_share_service,ride_share_service,Ride Share Service,3,false,taxi_or_ride_share_service
travel_and_transportation > ground_transport_facility_or_service > taxi_or_ride_share_service > taxi_service,taxi_service,Taxi Service,3,false,taxi_or_ride_share_service
travel_and_transportation > ground_transport_facility_or_service > taxi_or_ride_share_service > taxi_service > taxi_stand,taxi_stand,Taxi Stand,4,false,taxi_or_ride_share_service
travel_and_transportation > ground_transport_facility_or_service > taxi_or_ride_share_service > town_car_service,town_car_service,Town Car Service,3,false,taxi_or_ride_share_service
travel_and_transportation > parking,parking,Parking,1,true,parking
travel_and_transportation > parking > bike_parking,bike_parking,Bike Parking,2,false,parking
travel_and_transportation > parking > motorcycle_parking,motorcycle_parking,Motorcycle Parking,2,false,parking
travel_and_transportation > parking > park_and_ride,park_and_ride,Park and Ride,2,true,park_and_ride
travel_and_transportation > parking > parking_garage,parking_garage,Parking Garage,2,true,parking_garage
travel_and_transportation > parking > parking_lot,parking_lot,Parking Lot,2,true,parking_lot
travel_and_transportation > transport_interchange,transport_interchange,Transport Interchange,1,false,travel_and_transportation
travel_and_transportation > travel_service,travel_service,Travel Service,1,true,travel_service
travel_and_transportation > travel_service > agritourism,agritourism,Agritourism,2,false,travel_service
travel_and_transportation > travel_service > luggage_storage,luggage_storage,Luggage Storage,2,false,travel_service
travel_and_transportation > travel_service > passport_and_visa_service,passport_and_visa_service,Passport and Visa Service,2,false,travel_service
travel_and_transportation > travel_service > passport_and_visa_service > visa_agent,visa_agent,Visa Agent,3,false,travel_service
travel_and_transportation > travel_service > tour_operator,tour_operator,Tour Operator,2,false,travel_service
travel_and_transportation > travel_service > tour_operator > aerial_tour,aerial_tour,Aerial Tour,3,false,travel_service
travel_and_transportation > travel_service > tour_operator > architectural_tour,architectural_tour,Architectural Tour,3,false,travel_service
travel_and_transportation > travel_service > tour_operator > art_tour,art_tour,Art Tour,3,false,travel_service
travel_and_transportation > travel_service > tour_operator > beer_tour,beer_tour,Beer Tour,3,false,travel_service
travel_and_transportation > travel_service > tour_operator > bike_tour,bike_tour,Bike Tour,3,false,travel_service
travel_and_transportation > travel_service > tour_operator > boat_tour,boat_tour,Boat Tour,3,false,travel_service
travel_and_transportation > travel_service > tour_operator > bus_tour,bus_tour,Bus Tour,3,false,travel_service
travel_and_transportation > travel_service > tour_operator > cannabis_tour,cannabis_tour,Cannabis Tour,3,false,travel_service
travel_and_transportation > travel_service > tour_operator > food_tour,food_tour,Food Tour,3,false,travel_service
travel_and_transportation > travel_service > tour_operator > historical_tour,historical_tour,Historical Tour,3,false,travel_service
travel_and_transportation > travel_service > tour_operator > hot_air_balloons_tour,hot_air_balloons_tour,Hot Air Balloons Tour,3,false,travel_service
travel_and_transportation > travel_service > tour_operator > scooter_tour,scooter_tour,Scooter Tour,3,false,travel_service
travel_and_transportation > travel_service > tour_operator > sightseeing_tour_agency,sightseeing_tour_agency,Sightseeing Tour Agency,3,false,travel_service
travel_and_transportation > travel_service > tour_operator > walking_tour,walking_tour,Walking Tour,3,false,travel_service
travel_and_transportation > travel_service > tour_operator > whale_watching_tour,whale_watching_tour,Whale Watching Tour,3,false,travel_service
travel_and_transportation > travel_service > tour_operator > wine_tour,wine_tour,Wine Tour,3,false,travel_service
travel_and_transportation > travel_service > travel_agent,travel_agent,Travel Agent,2,false,travel_service
travel_and_transportation > travel_service > vacation_rental_agent,vacation_rental_agent,Vacation Rental Agent,2,false,travel_service
travel_and_transportation > travel_service > visitor_center,visitor_center,Visitor Center,2,false,travel_service
travel_and_transportation > vehicle_service,vehicle_service,Vehicle Service,1,true,vehicle_service
travel_and_transportation > vehicle_service > aircraft_service,aircraft_service,Aircraft Service,2,false,vehicle_service
travel_and_transportation > vehicle_service > automotive_service,automotive_service,Automotive Service,2,true,automotive_service
travel_and_transportation > vehicle_service > automotive_service > auto_body_shop,auto_body_shop,Auto Body Shop,3,false,automotive_service
travel_and_transportation > vehicle_service > automotive_service > auto_customization,auto_customization,Auto Customization,3,false,automotive_service
travel_and_transportation > vehicle_service > automotive_service > auto_detailing,auto_detailing,Auto Detailing,3,false,automotive_service
travel_and_transportation > vehicle_service > automotive_service > auto_glass_service,auto_glass_service,Auto Glass Service,3,false,automotive_service
travel_and_transportation > vehicle_service > automotive_service > auto_glass_service > car_window_tinting,car_window_tinting,Car Window Tinting,4,false,automotive_service
travel_and_transportation > vehicle_service > automotive_service > auto_glass_service > windshield_installation_and_repair,windshield_installation_and_repair,Windshield Installation and Repair,4,false,automotive_service
travel_and_transportation > vehicle_service > automotive_service > auto_restoration_service,auto_restoration_service,Auto Restoration Service,3,false,automotive_service
travel_and_transportation > vehicle_service > automotive_service > auto_security,auto_security,Auto Security,3,false,automotive_service
travel_and_transportation > vehicle_service > automotive_service > auto_upholstery,auto_upholstery,Auto Upholstery,3,false,automotive_service
travel_and_transportation > vehicle_service > automotive_service > automobile_registration_service,automobile_registration_service,Automobile Registration Service,3,false,automotive_service
travel_and_transportation > vehicle_service > automotive_service > automotive_consultant,automotive_consultant,Automotive Consultant,3,false,automotive_service
travel_and_transportation > vehicle_service > automotive_service > automotive_repair,automotive_repair,Automotive Repair,3,false,automotive_service
travel_and_transportation > vehicle_service > automotive_service > automotive_repair > auto_electrical_repair,auto_electrical_repair,Auto Electrical Repair,4,false,automotive_service
travel_and_transportation > vehicle_service > automotive_service > automotive_repair > brake_service_and_repair,brake_service_and_repair,Brake Service and Repair,4,false,automotive_service
travel_and_transportation > vehicle_service > automotive_service > automotive_repair > diy_auto_shop,diy_auto_shop,DIY Auto Shop,4,false,automotive_service
travel_and_transportation > vehicle_service > automotive_service > automotive_repair > engine_repair_service,engine_repair_service,Engine Repair Service,4,false,automotive_service
travel_and_transportation > vehicle_service > automotive_service > automotive_repair > exhaust_and_muffler_repair,exhaust_and_muffler_repair,Exhaust and Muffler Repair,4,false,automotive_service
travel_and_transportation > vehicle_service > automotive_service > automotive_repair > hybrid_car_repair,hybrid_car_repair,Hybrid Car Repair,4,false,automotive_service
travel_and_transportation > vehicle_service > automotive_service > automotive_repair > motorsport_vehicle_repair,motorsport_vehicle_repair,Motorsport Vehicle Repair,4,false,automotive_service
travel_and_transportation > vehicle_service > automotive_service > automotive_repair > tire_dealer_and_repair,tire_dealer_and_repair,Tire Dealer and Repair,4,false,automotive_service
travel_and_transportation > vehicle_service > automotive_service > automotive_repair > trailer_repair,trailer_repair,Trailer Repair,4,false,automotive_service
travel_and_transportation > vehicle_service > automotive_service > automotive_repair > transmission_repair,transmission_repair,Transmission Repair,4,false,automotive_service
travel_and_transportation > vehicle_service > automotive_service > automotive_repair > wheel_and_rim_repair,wheel_and_rim_repair,Wheel and Rim Repair,4,false,automotive_service
travel_and_transportation > vehicle_service > automotive_service > automotive_wheel_polishing_service,automotive_wheel_polishing_service,Automotive Wheel Polishing Service,3,false,automotive_service
travel_and_transportation > vehicle_service > automotive_service > car_buyer,car_buyer,Car Buyer,3,false,automotive_service
travel_and_transportation > vehicle_service > automotive_service > car_inspection,car_inspection,Car Inspection,3,false,automotive_service
travel_and_transportation > vehicle_service > automotive_service > car_stereo_installation,car_stereo_installation,Car Stereo Installation,3,false,automotive_service
travel_and_transportation > vehicle_service > automotive_service > car_wash,car_wash,Car Wash,3,false,automotive_service
travel_and_transportation > vehicle_service > automotive_service > emergency_roadside_service,emergency_roadside_service,Emergency Roadside Service,3,false,automotive_service
travel_and_transportation > vehicle_service > automotive_service > emissions_inspection,emissions_inspection,Emissions Inspection,3,false,automotive_service
travel_and_transportation > vehicle_service > automotive_service > oil_change_station,oil_change_station,Oil Change Station,3,false,automotive_service
travel_and_transportation > vehicle_service > automotive_service > tire_shop,tire_shop,Tire Shop,3,false,automotive_service
travel_and_transportation > vehicle_service > automotive_service > towing_service,towing_service,Towing Service,3,false,automotive_service
travel_and_transportation > vehicle_service > automotive_service > truck_repair,truck_repair,Truck Repair,3,false,automotive_service
travel_and_transportation > vehicle_service > automotive_service > vehicle_wrap,vehicle_wrap,Vehicle Wrap,3,false,automotive_service
travel_and_transportation > vehicle_service > boat_service,boat_service,Boat Service,2,false,vehicle_service
travel_and_transportation > vehicle_service > boat_service > mooring_service,mooring_service,Mooring Service,3,false,vehicle_service
travel_and_transportation > vehicle_service > delegated_driver_service,delegated_driver_service,Delegated Driver Service,2,false,vehicle_service
travel_and_transportation > vehicle_service > motorcycle_service,motorcycle_service,Motorcycle Service,2,false,vehicle_service
travel_and_transportation > vehicle_service > motorcycle_service > motorcycle_repair,motorcycle_repair,Motorcycle Repair,3,false,vehicle_service
travel_and_transportation > vehicle_service > recreation_vehicle_service,recreation_vehicle_service,Recreation Vehicle Service,2,false,vehicle_service
travel_and_transportation > vehicle_service > recreation_vehicle_service > recreation_vehicle_repair,recreation_vehicle_repair,Recreation Vehicle Repair,3,false,vehicle_service
travel_and_transportation > vehicle_service > roadside_assistance,roadside_assistance,Roadside Assistance,2,false,vehicle_service
travel_and_transportation > vehicle_service > roadside_assistance > mobile_dent_repair,mobile_dent_repair,Mobile Dent Repair,3,false,vehicle_service
travel_and_transportation > water_transport_facility_or_service,water_transport_facility_or_service,Water Transport Facility or Service,1,true,water_transport_facility_or_service
travel_and_transportation > water_transport_facility_or_service > ferry_service,ferry_service,Ferry Service,2,true,ferry_service
travel_and_transportation > water_transport_facility_or_service > water_taxi_service,water_taxi_service,Water Taxi Service,2,true,water_taxi_service
