legacy_primary_category,taxonomy_primary,taxonomy_hierarchy,taxonomy_display_name
3d_printing_service,3d_printing_service,services_and_business > printing_service > 3d_printing_service,3d Printing Service
abortion_clinic,abortion_clinic,health_care > specialized_medical_facility > abortion_clinic,Abortion Clinic
abrasives_supplier,abrasives_supplier,services_and_business > b2b_service > supplier_or_distributor > abrasives_supplier,Abrasives Supplier
abuse_and_addiction_treatment,abuse_and_addiction_treatment_center,health_care > specialized_medical_facility > abuse_and_addiction_treatment_center,Abuse and Addiction Treatment Center
academic_bookstore,academic_bookstore,shopping > specialty_store > books_music_and_video_store > bookstore > academic_bookstore,Academic Bookstore
acai_bowls,acai_bowls,food_and_drink > restaurant > special_diet_restaurant > acai_bowls,Acai Bowls
accommodation,lodging,lodging,Lodging
accountant,accountant,services_and_business > financial_service > accountant,Accountant
acne_treatment,acne_treatment,lifestyle_services > personal_or_beauty_service > acne_treatment,Acne Treatment
acoustical_consultant,acoustical_consultant,services_and_business > technical_service > acoustical_consultant,Acoustical Consultant
active_life,sports_and_recreation,sports_and_recreation,Sports and Recreation
acupuncture,acupuncture,health_care > outpatient_care_facility > complementary_and_alternative_medicine > acupuncture,Acupuncture
addiction_rehabilitation_center,addiction_rehabilitation_center,health_care > outpatient_care_facility > physical_medicine_and_rehabilitation > rehabilitation_center > addiction_rehabilitation_center,Addiction Rehabilitation Center
adoption_services,adoption_service,services_and_business > family_service > adoption_service,Adoption Service
adult_education,adult_education_center,education > place_of_learning > adult_education_center,Adult Education Center
adult_entertainment,adult_entertainment_venue,arts_and_entertainment > nightlife_venue > adult_entertainment_venue,Adult Entertainment Venue
adult_store,adult_store,shopping > specialty_store > adult_store,Adult Store
adventure_sports_center,adventure_sports_center,sports_and_recreation > sport_or_fitness_facility > adventure_sports_center,Adventure Sports Center
advertising_agency,advertising_agency,services_and_business > professional_service > advertising_agency,Advertising Agency
aerial_fitness_center,aerial_fitness_center,sports_and_recreation > sport_or_fitness_facility > fitness_studio > aerial_fitness_center,Aerial Fitness Center
aerial_tours,aerial_tour,travel_and_transportation > travel_service > tour_operator > aerial_tour,Aerial Tour
aesthetician,aesthetic_medicine,health_care > outpatient_care_facility > specialized_health_care > medical_skin_care > aesthetic_medicine,Aesthetic Medicine
afghan_restaurant,afghani_restaurant,food_and_drink > restaurant > asian_restaurant > central_asian_restaurant > afghani_restaurant,Afghani Restaurant
african_restaurant,african_restaurant,food_and_drink > restaurant > african_restaurant,African Restaurant
after_school_program,after_school_program,education > educational_service > after_school_program,After School Program
aggregate_supplier,aggregate_supplier,services_and_business > b2b_service > supplier_or_distributor > aggregate_supplier,Aggregate Supplier
agricultural_cooperatives,agricultural_cooperative,services_and_business > b2b_service > b2b_agriculture_service > agricultural_cooperative,Agricultural Cooperative
agricultural_engineering_service,agricultural_service,services_and_business > agricultural_service,Agricultural Service
agricultural_production,b2b_agriculture_service,services_and_business > b2b_service > b2b_agriculture_service,B2B Agriculture Service
agricultural_seed_store,agricultural_seed_store,shopping > specialty_store > farming_equipment_and_supply_store > agricultural_seed_store,Agricultural Seed Store
agricultural_service,agricultural_service,services_and_business > agricultural_service,Agricultural Service
agriculture,agriculture,services_and_business > b2b_service > b2b_agriculture_service > agriculture,Agriculture
agriculture_association,agriculture_association,services_and_business > agricultural_service > agriculture_association,Agriculture Association
agriturismo,agritourism,travel_and_transportation > travel_service > agritourism,Agritourism
air_duct_cleaning_service,air_duct_cleaning_service,services_and_business > home_service > air_duct_cleaning_service,Air Duct Cleaning Service
aircraft_dealer,aircraft_dealer,shopping > vehicle_dealer > aircraft_dealer,Aircraft Dealer
aircraft_manufacturer,aircraft_manufacturer,services_and_business > b2b_service > manufacturer > vehicle_manufacturer > aircraft_manufacturer,Aircraft Manufacturer
aircraft_parts_and_supplies,aircraft_parts_and_supplies,travel_and_transportation > air_transport_facility_or_service > aircraft_parts_and_supplies,Aircraft Parts and Supplies
aircraft_repair,aircraft_service,travel_and_transportation > vehicle_service > aircraft_service,Aircraft Service
airline,airline,travel_and_transportation > air_transport_facility_or_service > airline,Airline
airline_ticket_agency,airline_ticket_agency,travel_and_transportation > air_transport_facility_or_service > airline_ticket_agency,Airline Ticket Agency
airlines,airline,travel_and_transportation > air_transport_facility_or_service > airline,Airline
airport,airport,travel_and_transportation > air_transport_facility_or_service > airport,Airport
airport_lounge,airport_lounge,food_and_drink > alcoholic_beverage_venue > lounge > airport_lounge,Airport Lounge
airport_shuttles,airport_shuttle,travel_and_transportation > air_transport_facility_or_service > airport_shuttle,Airport Shuttle
airport_terminal,airport_terminal,travel_and_transportation > air_transport_facility_or_service > airport > airport_terminal,Airport Terminal
airsoft_fields,airsoft_field,sports_and_recreation > sport_or_fitness_facility > sport_field > airsoft_field,Airsoft Field
alcohol_and_drug_treatment_center,alcohol_and_drug_treatment_center,health_care > specialized_medical_facility > abuse_and_addiction_treatment_center > alcohol_and_drug_treatment_center,Alcohol and Drug Treatment Center
alcohol_and_drug_treatment_centers,alcohol_and_drug_treatment_center,health_care > specialized_medical_facility > abuse_and_addiction_treatment_center > alcohol_and_drug_treatment_center,Alcohol and Drug Treatment Center
allergist,allergy_and_immunology,health_care > outpatient_care_facility > specialized_health_care > internal_medicine > allergy_and_immunology,Allergy and Immunology
altering_and_remodeling_contractor,altering_and_remodeling_contractor,services_and_business > home_service > contractor > altering_and_remodeling_contractor,Altering and Remodeling Contractor
alternative_medicine,complementary_and_alternative_medicine,health_care > outpatient_care_facility > complementary_and_alternative_medicine,Complementary and Alternative Medicine
aluminum_supplier,aluminum_supplier,services_and_business > b2b_service > supplier_or_distributor > aluminum_supplier,Aluminum Supplier
amateur_sports_league,amateur_sport_league,sports_and_recreation > sport_league > amateur_sport_league,Amateur Sport League
amateur_sports_team,amateur_sport_team,sports_and_recreation > sport_team > amateur_sport_team,Amateur Sport Team
ambulance_and_ems_services,ambulance_or_ems_service,health_care > emergency_or_urgent_care_facility > ambulance_or_ems_service,Ambulance or EMS Service
american_football_field,american_football_field,sports_and_recreation > sport_or_fitness_facility > sport_field > american_football_field,American Football Field
american_restaurant,american_restaurant,food_and_drink > restaurant > north_american_restaurant > american_restaurant,American Restaurant
amusement_park,amusement_park,arts_and_entertainment > amusement_attraction > amusement_park,Amusement Park
anesthesiologist,anesthesiology,health_care > outpatient_care_facility > specialized_health_care > pain_management > anesthesiology,Anesthesiology
anglican_church,anglican_or_episcopal_place_of_worship,cultural_and_historic > place_of_worship > christian_place_of_worship > protestant_place_of_worship > anglican_or_episcopal_place_of_worship,Anglican or Episcopal Place of Worship
animal_assisted_therapy,animal_assisted_therapy,health_care > outpatient_care_facility > physical_medicine_and_rehabilitation > animal_assisted_therapy,Animal Assisted Therapy
animal_hospital,animal_hospital,lifestyle_services > animal_or_pet_service > veterinary_care > animal_hospital,Animal Hospital
animal_physical_therapy,animal_physical_therapy,lifestyle_services > animal_or_pet_service > veterinary_care > animal_physical_therapy,Animal Physical Therapy
animal_rescue_service,animal_rescue_service,lifestyle_services > animal_or_pet_service > animal_adoption_or_rescue > animal_rescue_service,Animal Rescue Service
animal_shelter,animal_shelter,lifestyle_services > animal_or_pet_service > animal_adoption_or_rescue > animal_shelter,Animal Shelter
animation_studio,animation_studio,services_and_business > media_service > media_news_company > animation_studio,Animation Studio
antenna_service,antenna_service,services_and_business > home_service > antenna_service,Antenna Service
antique_store,antique_store,shopping > second_hand_store > antique_store,Antique Store
apartment_agent,apartment_agent,services_and_business > real_estate_service > real_estate_agent > apartment_agent,Apartment Agent
apartments,apartment,services_and_business > housing_or_property_service > apartment,Apartment
apiaries_and_beekeepers,apiary_beekeeper,services_and_business > b2b_service > b2b_agriculture_service > apiary_beekeeper,Apiary Beekeeper
appellate_practice_lawyers,appellate_practice_lawyer,services_and_business > legal_service > attorney_or_law_firm > appellate_practice_lawyer,Appellate Practice Lawyer
appliance_manufacturer,appliance_manufacturer,services_and_business > b2b_service > manufacturer > appliance_manufacturer,Appliance Manufacturer
appliance_repair_service,appliance_repair_service,services_and_business > home_service > appliance_repair_service,Appliance Repair Service
appliance_store,appliance_store,shopping > specialty_store > hardware_home_and_garden_store > appliance_store,Appliance Store
appraisal_services,appraisal_service,services_and_business > financial_service > appraisal_service,Appraisal Service
aquarium,aquarium,arts_and_entertainment > animal_attraction > aquarium,Aquarium
aquarium_services,aquarium_service,lifestyle_services > animal_or_pet_service > pet_care_service > aquarium_service,Aquarium Service
aquatic_pet_store,aquatic_pet_store,shopping > specialty_store > animal_and_pet_store > pet_store > aquatic_pet_store,Aquatic Pet Store
arabian_restaurant,arabian_restaurant,food_and_drink > restaurant > middle_eastern_restaurant > arabian_restaurant,Arabian Restaurant
arcade,arcade,arts_and_entertainment > gaming_venue > arcade,Arcade
archaeological_services,archaeological_service,education > educational_service > archaeological_service,Archaeological Service
archery_range,archery_range,sports_and_recreation > sport_or_fitness_facility > shooting_range > archery_range,Archery Range
archery_shop,archery_store,shopping > specialty_store > sporting_goods_store > archery_store,Archery Store
architect,architect,services_and_business > design_service > architect,Architect
architectural_designer,architectural_designer,services_and_business > design_service > architectural_designer,Architectural Designer
architectural_tours,architectural_tour,travel_and_transportation > travel_service > tour_operator > architectural_tour,Architectural Tour
architecture,historic_site,cultural_and_historic > historic_site,Historic Site
architecture_schools,architecture_school,education > place_of_learning > college_university > architecture_school,Architecture School
argentine_restaurant,argentine_restaurant,food_and_drink > restaurant > latin_american_restaurant > south_american_restaurant > argentine_restaurant,Argentine Restaurant
armed_forces_branch,military_site,community_and_government > military_site,Military Site
armenian_restaurant,armenian_restaurant,food_and_drink > restaurant > middle_eastern_restaurant > armenian_restaurant,Armenian Restaurant
army_and_navy_store,army_and_navy_store,shopping > specialty_store > tactical_supply_store > army_and_navy_store,Army and Navy Store
aromatherapy,aromatherapy,health_care > outpatient_care_facility > complementary_and_alternative_medicine > aromatherapy,Aromatherapy
art_gallery,art_gallery,arts_and_entertainment > arts_and_crafts_space > art_gallery,Art Gallery
art_museum,art_museum,arts_and_entertainment > museum > art_museum,Art Museum
art_restoration,art_restoration_service,services_and_business > media_service > art_restoration_service,Art Restoration Service
art_restoration_service,art_restoration_service,services_and_business > media_service > art_restoration_service,Art Restoration Service
art_school,art_school,education > place_of_learning > specialty_school > art_school,Art School
art_space_rental,art_space_rental,services_and_business > rental_service > art_space_rental,Art Space Rental
art_supply_store,art_supply_store,shopping > specialty_store > arts_crafts_and_hobby_store > art_supply_store,Art Supply Store
art_tours,art_tour,travel_and_transportation > travel_service > tour_operator > art_tour,Art Tour
artificial_turf,artificial_turf,services_and_business > home_service > artificial_turf,Artificial Turf
arts_and_crafts,arts_crafts_and_hobby_store,shopping > specialty_store > arts_crafts_and_hobby_store,Arts Crafts and Hobby Store
arts_and_entertainment,arts_and_entertainment,arts_and_entertainment,Arts and Entertainment
asian_art_museum,asian_art_museum,arts_and_entertainment > museum > art_museum > asian_art_museum,Asian Art Museum
asian_fusion_restaurant,asian_fusion_restaurant,food_and_drink > restaurant > international_fusion_restaurant > asian_fusion_restaurant,Asian Fusion Restaurant
asian_grocery_store,asian_grocery_store,shopping > food_and_beverage_store > grocery_store > asian_grocery_store,Asian Grocery Store
asian_restaurant,asian_restaurant,food_and_drink > restaurant > asian_restaurant,Asian Restaurant
assisted_living_facility,assisted_living_facility,services_and_business > housing_or_property_service > senior_living_facility > assisted_living_facility,Assisted Living Facility
astrologer,astrological_advising,arts_and_entertainment > spiritual_advising > astrological_advising,Astrological Advising
atelier,atelier,shopping > specialty_store > arts_crafts_and_hobby_store > atelier,Atelier
atms,atm,services_and_business > financial_service > atm,ATM
attraction_farm,attraction_farm,arts_and_entertainment > rural_attraction > attraction_farm,Attraction Farm
attractions_and_activities,arts_and_entertainment,arts_and_entertainment,Arts and Entertainment
atv_recreation_park,atv_recreation_park,sports_and_recreation > sport_or_fitness_facility > atv_recreation_park,ATV Recreation Park
atv_rentals_and_tours,atv_rental_tour,sports_and_recreation > recreational_equipment_rental > atv_rental_tour,ATV Rental Tour
auction_house,auction_house,shopping > specialty_store > auction_house,Auction House
audio_visual_equipment_store,audio_visual_equipment_store,shopping > specialty_store > electronics_store > audio_visual_equipment_store,Audio Visual Equipment Store
audio_visual_production_and_design,b2b_audio_visual_production,services_and_business > b2b_service > b2b_media_service > b2b_audio_visual_production,B2B Audio Visual Production
audiologist,audiology,health_care > outpatient_care_facility > specialized_health_care > ear_nose_and_throat > audiology,Audiology
audiovisual_equipment_rental,audiovisual_equipment_rental,services_and_business > event_or_party_service > audiovisual_equipment_rental,Audiovisual Equipment Rental
auditorium,auditorium,arts_and_entertainment > event_venue > auditorium,Auditorium
australian_restaurant,australian_restaurant,food_and_drink > restaurant > pacific_rim_restaurant > australian_restaurant,Australian Restaurant
austrian_restaurant,austrian_restaurant,food_and_drink > restaurant > european_restaurant > central_european_restaurant > austrian_restaurant,Austrian Restaurant
auto_body_shop,auto_body_shop,travel_and_transportation > vehicle_service > automotive_service > auto_body_shop,Auto Body Shop
auto_company,auto_company,services_and_business > corporate_or_business_office > auto_company,Auto Company
auto_customization,auto_customization,travel_and_transportation > vehicle_service > automotive_service > auto_customization,Auto Customization
auto_detailing,auto_detailing,travel_and_transportation > vehicle_service > automotive_service > auto_detailing,Auto Detailing
auto_electrical_repair,auto_electrical_repair,travel_and_transportation > vehicle_service > automotive_service > automotive_repair > auto_electrical_repair,Auto Electrical Repair
auto_glass_service,auto_glass_service,travel_and_transportation > vehicle_service > automotive_service > auto_glass_service,Auto Glass Service
auto_insurance,auto_insurance,services_and_business > financial_service > insurance_agency > auto_insurance,Auto Insurance
auto_loan_provider,auto_loan_provider,services_and_business > financial_service > installment_loans > auto_loan_provider,Auto Loan Provider
auto_manufacturers_and_distributors,auto_manufacturer,services_and_business > b2b_service > manufacturer > vehicle_manufacturer > auto_manufacturer,Auto Manufacturer
auto_parts_and_supply_store,auto_parts_store,shopping > specialty_store > vehicle_parts_store > auto_parts_store,Auto Parts Store
auto_restoration_services,auto_restoration_service,travel_and_transportation > vehicle_service > automotive_service > auto_restoration_service,Auto Restoration Service
auto_security,auto_security,travel_and_transportation > vehicle_service > automotive_service > auto_security,Auto Security
auto_upholstery,auto_upholstery,travel_and_transportation > vehicle_service > automotive_service > auto_upholstery,Auto Upholstery
automation_services,automation_service,services_and_business > b2b_service > b2b_industrial_and_machine_service > automation_service,Automation Service
automobile_leasing,auto_leasing,shopping > vehicle_dealer > auto_dealer > auto_leasing,Auto Leasing
automobile_registration_service,automobile_registration_service,travel_and_transportation > vehicle_service > automotive_service > automobile_registration_service,Automobile Registration Service
automotive,automotive_service,travel_and_transportation > vehicle_service > automotive_service,Automotive Service
automotive_consultant,automotive_consultant,travel_and_transportation > vehicle_service > automotive_service > automotive_consultant,Automotive Consultant
automotive_dealer,vehicle_dealer,shopping > vehicle_dealer,Vehicle Dealer
automotive_parts_and_accessories,auto_parts_store,shopping > specialty_store > vehicle_parts_store > auto_parts_store,Auto Parts Store
automotive_repair,automotive_repair,travel_and_transportation > vehicle_service > automotive_service > automotive_repair,Automotive Repair
automotive_services_and_repair,automotive_service,travel_and_transportation > vehicle_service > automotive_service,Automotive Service
automotive_storage_facility,automotive_storage_facility,services_and_business > storage_facility > automotive_storage_facility,Automotive Storage Facility
automotive_wheel_polishing_service,automotive_wheel_polishing_service,travel_and_transportation > vehicle_service > automotive_service > automotive_wheel_polishing_service,Automotive Wheel Polishing Service
aviation_museum,aviation_museum,arts_and_entertainment > museum > aviation_museum,Aviation Museum
avionics_shop,avionics_shop,travel_and_transportation > air_transport_facility_or_service > aircraft_parts_and_supplies > avionics_shop,Avionics Shop
awning_supplier,awning_supplier,services_and_business > b2b_service > supplier_or_distributor > awning_supplier,Awning Supplier
axe_throwing,axe_throwing,sports_and_recreation > sport_or_fitness_facility > adventure_sport > axe_throwing,Axe Throwing
ayurveda,ayurveda,health_care > outpatient_care_facility > complementary_and_alternative_medicine > ayurveda,Ayurveda
azerbaijani_restaurant,azerbaijani_restaurant,food_and_drink > restaurant > middle_eastern_restaurant > azerbaijani_restaurant,Azerbaijani Restaurant
b2b_agriculture_and_food,b2b_agriculture_service,services_and_business > b2b_service > b2b_agriculture_service,B2B Agriculture Service
b2b_apparel,apparel_manufacturer,services_and_business > b2b_service > manufacturer > apparel_manufacturer,Apparel Manufacturer
b2b_autos_and_vehicles,vehicle_manufacturer,services_and_business > b2b_service > manufacturer > vehicle_manufacturer,Vehicle Manufacturer
b2b_cleaning_and_waste_management,b2b_cleaning_and_waste_management,services_and_business > b2b_service > b2b_environmental_service > b2b_cleaning_and_waste_management,B2B Cleaning and Waste Management
b2b_dairies,b2b_dairy,services_and_business > b2b_service > b2b_agriculture_service > b2b_dairy,B2B Dairy
b2b_electronic_equipment,electronic_equipment_supplier,services_and_business > b2b_service > supplier_or_distributor > electronic_equipment_supplier,Electronic Equipment Supplier
b2b_energy_and_mining,b2b_energy_and_utility_service,services_and_business > b2b_service > b2b_energy_and_utility_service,B2B Energy and Utility Service
b2b_equipment_maintenance_and_repair,b2b_equipment_maintenance_and_repair,services_and_business > b2b_service > b2b_industrial_and_machine_service > b2b_equipment_maintenance_and_repair,B2B Equipment Maintenance and Repair
b2b_farming,b2b_farming,services_and_business > b2b_service > b2b_agriculture_service > b2b_farming,B2B Farming
b2b_farms,b2b_farm,services_and_business > b2b_service > b2b_agriculture_service > b2b_farming > b2b_farm,B2B Farm
b2b_food_products,b2b_food_products,services_and_business > b2b_service > b2b_agriculture_service > b2b_food_products,B2B Food Products
b2b_forklift_dealers,forklift_dealer,shopping > vehicle_dealer > forklift_dealer,Forklift Dealer
b2b_furniture_and_housewares,furniture_manufacturer,services_and_business > b2b_service > manufacturer > furniture_manufacturer,Furniture Manufacturer
b2b_hardware,hardware_and_fastener_manufacturer,services_and_business > b2b_service > manufacturer > hardware_and_fastener_manufacturer,Hardware and Fastener Manufacturer
b2b_jewelers,jewelry_and_watches_manufacturer,services_and_business > b2b_service > manufacturer > jewelry_and_watches_manufacturer,Jewelry and Watches Manufacturer
b2b_machinery_and_tools,machinery_and_tool_manufacturer,services_and_business > b2b_service > manufacturer > machinery_and_tool_manufacturer,Machinery and Tool Manufacturer
b2b_medical_support_services,b2b_medical_support_service,services_and_business > b2b_service > b2b_medical_support_service,B2B Medical Support Service
b2b_oil_and_gas_extraction_and_services,b2b_oil_and_gas_extraction,services_and_business > b2b_service > b2b_energy_and_utility_service > b2b_oil_and_gas > b2b_oil_and_gas_extraction,B2B Oil and Gas Extraction
b2b_rubber_and_plastics,rubber_and_plastics_manufacturer,services_and_business > b2b_service > manufacturer > rubber_and_plastics_manufacturer,Rubber and Plastics Manufacturer
b2b_science_and_technology,b2b_science_and_technology_service,services_and_business > b2b_service > b2b_science_and_technology_service,B2B Science and Technology Service
b2b_scientific_equipment,b2b_scientific_equipment,services_and_business > b2b_service > b2b_science_and_technology_service > b2b_scientific_equipment,B2B Scientific Equipment
b2b_sporting_and_recreation_goods,sporting_goods_manufacturer,services_and_business > b2b_service > manufacturer > sporting_goods_manufacturer,Sporting Goods Manufacturer
b2b_storage_and_warehouses,b2b_storage,services_and_business > b2b_service > b2b_transportation_and_storage_service > b2b_storage,B2B Storage
b2b_textiles,textile_manufacturer,services_and_business > b2b_service > manufacturer > textile_manufacturer,Textile Manufacturer
b2b_tires,tires_manufacturer,services_and_business > b2b_service > manufacturer > vehicle_parts_manufacturer > tires_manufacturer,Tires Manufacturer
b2b_tractor_dealers,tractor_dealer,services_and_business > b2b_service > b2b_transportation_and_storage_service > truck_and_industrial_vehicle_services > tractor_dealer,Tractor Dealer
b2b_truck_equipment_parts_and_accessories,truck_parts_and_accessories,services_and_business > b2b_service > b2b_transportation_and_storage_service > truck_and_industrial_vehicle_services > truck_parts_and_accessories,Truck Parts and Accessories
baby_gear_and_furniture,baby_gear_and_nursery_store,shopping > fashion_and_apparel_store > baby_gear_and_nursery_store,Baby Gear and Nursery Store
back_shop,shopping,shopping,Shopping
backflow_services,backflow_service,services_and_business > home_service > plumbing > backflow_service,Backflow Service
background_check_services,b2b_background_check_service,services_and_business > b2b_service > b2b_office_and_professional_service > b2b_background_check_service,B2B Background Check Service
backpacking_area,backpacking_area,sports_and_recreation > recreational_trail_or_path > backpacking_area,Backpacking Area
badminton_court,badminton_court,sports_and_recreation > sport_or_fitness_facility > sport_court > badminton_court,Badminton Court
bagel_restaurant,bagel_shop,food_and_drink > casual_eatery > bagel_shop,Bagel Shop
bagel_shop,bagel_shop,food_and_drink > casual_eatery > bagel_shop,Bagel Shop
bags_luggage_company,bags_luggage_company,services_and_business > corporate_or_business_office > bags_luggage_company,Bags Luggage Company
baguettes,baguette_shop,food_and_drink > casual_eatery > bakery > baguette_shop,Baguette Shop
bail_bonds_service,bail_bonds_service,services_and_business > legal_service > bail_bonds_service,Bail Bonds Service
bakery,bakery,food_and_drink > casual_eatery > bakery,Bakery
balloon_ports,balloon_port,travel_and_transportation > air_transport_facility_or_service > airport > balloon_port,Balloon Port
balloon_services,balloon_service,services_and_business > event_or_party_service > balloon_service,Balloon Service
bangladeshi_restaurant,bangladeshi_restaurant,food_and_drink > restaurant > asian_restaurant > south_asian_restaurant > bangladeshi_restaurant,Bangladeshi Restaurant
bank_credit_union,bank_or_credit_union,services_and_business > financial_service > bank_or_credit_union,Bank or Credit Union
bank_equipment_service,bank_equipment_service,services_and_business > professional_service > bank_equipment_service,Bank Equipment Service
bankruptcy_law,bankruptcy_law,services_and_business > legal_service > attorney_or_law_firm > bankruptcy_law,Bankruptcy Law
banks,bank,services_and_business > financial_service > bank_or_credit_union > bank,Bank
baozi_restaurant,baozi_restaurant,food_and_drink > restaurant > asian_restaurant > east_asian_restaurant > chinese_restaurant > baozi_restaurant,Baozi Restaurant
baptist_church,baptist_place_of_worship,cultural_and_historic > place_of_worship > christian_place_of_worship > protestant_place_of_worship > baptist_place_of_worship,Baptist Place of Worship
bar,bar,food_and_drink > alcoholic_beverage_venue > bar,Bar
bar_and_grill_restaurant,bar_and_grill_restaurant,food_and_drink > restaurant > bar_and_grill_restaurant,Bar and Grill Restaurant
bar_crawl,bar_crawl,arts_and_entertainment > nightlife_venue > bar_crawl,Bar Crawl
barbecue_restaurant,barbecue_restaurant,food_and_drink > restaurant > meat_restaurant > barbecue_restaurant,Barbecue Restaurant
barber,barber,lifestyle_services > personal_or_beauty_service > barber,Barber
barre_classes,barre_class,sports_and_recreation > sport_or_fitness_facility > fitness_studio > barre_class,Barre Class
bartender,bartender,services_and_business > event_or_party_service > bartender,Bartender
bartending_school,bartending_school,education > place_of_learning > specialty_school > bartending_school,Bartending School
baseball_field,baseball_field,sports_and_recreation > sport_or_fitness_facility > sport_field > baseball_field,Baseball Field
baseball_stadium,baseball_stadium,arts_and_entertainment > stadium_arena > stadium > baseball_stadium,Baseball Stadium
basketball_court,basketball_court,sports_and_recreation > sport_or_fitness_facility > sport_court > basketball_court,Basketball Court
basketball_stadium,basketball_stadium,arts_and_entertainment > stadium_arena > stadium > basketball_stadium,Basketball Stadium
basque_restaurant,basque_restaurant,food_and_drink > restaurant > european_restaurant > iberian_restaurant > spanish_restaurant > basque_restaurant,Basque Restaurant
bathroom_fixture_stores,bathroom_fixture_store,shopping > specialty_store > hardware_home_and_garden_store > kitchen_and_bath_store > bathroom_fixture_store,Bathroom Fixture Store
bathroom_remodeling,bathroom_remodeling,services_and_business > home_service > bathroom_remodeling,Bathroom Remodeling
bathtub_and_sink_repairs,bathtub_and_sink_repair,services_and_business > home_service > bathtub_and_sink_repair,Bathtub and Sink Repair
battery_inverter_supplier,battery_inverter_supplier,services_and_business > b2b_service > supplier_or_distributor > battery_inverter_supplier,Battery Inverter Supplier
battery_store,battery_store,shopping > specialty_store > electronics_store > battery_store,Battery Store
batting_cage,batting_cage,sports_and_recreation > sport_or_fitness_facility > batting_cage,Batting Cage
bazaars,bazaar,shopping > market > bazaar,Bazaar
beach,beach,geographic_entities > land_feature > beach,Beach
beach_bar,beach_bar,food_and_drink > alcoholic_beverage_venue > bar > beach_bar,Beach Bar
beach_combing_area,beach_combing_area,geographic_entities > land_feature > beach > beach_combing_area,Beach Combing Area
beach_equipment_rentals,beach_equipment_rental,sports_and_recreation > recreational_equipment_rental > beach_equipment_rental,Beach Equipment Rental
beach_resort,beach_resort,lodging > resort > beach_resort,Beach Resort
beach_volleyball_club,beach_volleyball_club,sports_and_recreation > sport_or_recreation_club > beach_volleyball_club,Beach Volleyball Club
beach_volleyball_court,beach_volleyball_court,sports_and_recreation > sport_or_fitness_facility > sport_court > beach_volleyball_court,Beach Volleyball Court
bearing_supplier,bearing_supplier,services_and_business > b2b_service > supplier_or_distributor > bearing_supplier,Bearing Supplier
beauty_and_spa,personal_or_beauty_service,lifestyle_services > personal_or_beauty_service,Personal or Beauty Service
beauty_product_supplier,beauty_product_supplier,services_and_business > b2b_service > supplier_or_distributor > beauty_product_supplier,Beauty Product Supplier
beauty_salon,beauty_salon,lifestyle_services > personal_or_beauty_service > beauty_salon,Beauty Salon
bed_and_breakfast,bed_and_breakfast,lodging > bed_and_breakfast,Bed and Breakfast
bedding_and_bath_stores,bedding_and_bath_store,shopping > specialty_store > hardware_home_and_garden_store > bedding_and_bath_store,Bedding and Bath Store
beer_bar,beer_bar,food_and_drink > alcoholic_beverage_venue > bar > beer_bar,Beer Bar
beer_garden,beer_garden,food_and_drink > alcoholic_beverage_venue > beer_garden,Beer Garden
beer_tours,beer_tour,travel_and_transportation > travel_service > tour_operator > beer_tour,Beer Tour
beer_wine_and_spirits,beer_wine_spirits_store,shopping > food_and_beverage_store > beer_wine_spirits_store,Beer Wine Spirits Store
behavior_analyst,behavior_analysis,health_care > outpatient_care_facility > behavioral_or_mental_health_clinic > behavioral_or_crisis_service > behavior_analysis,Behavior Analysis
belarusian_restaurant,belarusian_restaurant,food_and_drink > restaurant > european_restaurant > eastern_european_restaurant > belarusian_restaurant,Belarusian Restaurant
belgian_restaurant,belgian_restaurant,food_and_drink > restaurant > european_restaurant > western_european_restaurant > belgian_restaurant,Belgian Restaurant
belizean_restaurant,belizean_restaurant,food_and_drink > restaurant > latin_american_restaurant > central_american_restaurant > belizean_restaurant,Belizean Restaurant
betting_center,betting_center,arts_and_entertainment > gaming_venue > betting_center,Betting Center
beverage_store,non_alcoholic_beverage_venue,food_and_drink > non_alcoholic_beverage_venue,Non-Alcoholic Beverage Venue
beverage_supplier,beverage_supplier,services_and_business > b2b_service > supplier_or_distributor > beverage_supplier,Beverage Supplier
bicycle_path,bike_path,sports_and_recreation > recreational_trail_or_path > bike_path,Bike Path
bicycle_sharing_location,bike_sharing_location,travel_and_transportation > ground_transport_facility_or_service > bikes_and_bike_service > bike_sharing_location,Bike Sharing Location
bicycle_shop,bike_store,shopping > specialty_store > sporting_goods_store > bike_store,Bike Store
bike_parking,bike_parking,travel_and_transportation > parking > bike_parking,Bike Parking
bike_rentals,bike_rental,sports_and_recreation > recreational_equipment_rental > bike_rental,Bike Rental
bike_repair_maintenance,bike_repair_maintenance,services_and_business > technical_service > bike_repair_maintenance,Bike Repair Maintenance
bike_sharing,bike_sharing_location,travel_and_transportation > ground_transport_facility_or_service > bikes_and_bike_service > bike_sharing_location,Bike Sharing Location
bike_tours,bike_tour,travel_and_transportation > travel_service > tour_operator > bike_tour,Bike Tour
billing_services,billing_service,services_and_business > professional_service > billing_service,Billing Service
bingo_hall,bingo_hall,arts_and_entertainment > gaming_venue > bingo_hall,Bingo Hall
biotechnology_company,biotechnology_company,services_and_business > corporate_or_business_office > biotechnology_company,Biotechnology Company
bird_shop,bird_store,shopping > specialty_store > animal_and_pet_store > pet_store > bird_store,Bird Store
bistro,bistro,food_and_drink > casual_eatery > bistro,Bistro
blacksmiths,blacksmith,services_and_business > building_or_construction_service > blacksmith,Blacksmith
blood_and_plasma_donation_center,blood_and_plasma_donation_center,health_care > medical_service > blood_and_plasma_donation_center,Blood and Plasma Donation Center
blow_dry_blow_out_service,blow_dry_blow_out_service,lifestyle_services > personal_or_beauty_service > hair_salon > blow_dry_blow_out_service,Blow Dry Blow Out Service
blueprinters,blueprinter,services_and_business > building_or_construction_service > blueprinter,Blueprinter
board_of_education_offices,board_of_education_office,education > education_office > board_of_education_office,Board of Education Office
boat_builder,boat_and_ship_manufacturer,services_and_business > b2b_service > manufacturer > vehicle_manufacturer > boat_and_ship_manufacturer,Boat and Ship Manufacturer
boat_charter,boat_charter,services_and_business > event_or_party_service > boat_charter,Boat Charter
boat_dealer,boat_dealer,shopping > vehicle_dealer > boat_dealer,Boat Dealer
boat_parts_and_accessories,boat_parts_store,shopping > specialty_store > vehicle_parts_store > boat_parts_store,Boat Parts Store
boat_parts_and_supply_store,boat_parts_store,shopping > specialty_store > vehicle_parts_store > boat_parts_store,Boat Parts Store
boat_rental_and_training,boat_rental_and_training,sports_and_recreation > recreational_equipment_rental > boat_rental_and_training,Boat Rental and Training
boat_service_and_repair,boat_service,travel_and_transportation > vehicle_service > boat_service,Boat Service
boat_storage_facility,boat_storage_facility,services_and_business > storage_facility > boat_storage_facility,Boat Storage Facility
boat_tours,boat_tour,travel_and_transportation > travel_service > tour_operator > boat_tour,Boat Tour
boating_places,boating_place,sports_and_recreation > sport_or_fitness_facility > water_sport > boating_place,Boating Place
bobsledding_field,bobsledding_field,sports_and_recreation > sport_or_fitness_facility > snow_sport > bobsledding_field,Bobsledding Field
bocce_ball_court,bocce_ball_court,sports_and_recreation > sport_or_fitness_facility > sport_court > bocce_ball_court,Bocce Ball Court
body_contouring,body_contouring,health_care > outpatient_care_facility > specialized_health_care > medical_skin_care > body_contouring,Body Contouring
bolivian_restaurant,bolivian_restaurant,food_and_drink > restaurant > latin_american_restaurant > south_american_restaurant > bolivian_restaurant,Bolivian Restaurant
book_magazine_distribution,book_magazine_distribution,services_and_business > media_service > media_news_company > book_magazine_distribution,Book Magazine Distribution
bookbinding,bookbinding,services_and_business > media_service > bookbinding,Bookbinding
bookkeeper,bookkeeper,services_and_business > professional_service > bookkeeper,Bookkeeper
bookmakers,betting_center,arts_and_entertainment > gaming_venue > betting_center,Betting Center
books_mags_music_and_video,books_music_and_video_store,shopping > specialty_store > books_music_and_video_store,Books Music and Video Store
bookstore,bookstore,shopping > specialty_store > books_music_and_video_store > bookstore,Bookstore
boot_camp,boot_camp,sports_and_recreation > sport_or_fitness_facility > fitness_studio > boot_camp,Boot Camp
botanical_garden,botanical_garden,geographic_entities > built_feature > garden > botanical_garden,Botanical Garden
bottled_water_company,bottled_water_company,services_and_business > corporate_or_business_office > bottled_water_company,Bottled Water Company
boudoir_photography,boudoir_photography_service,services_and_business > media_service > photography_service > boudoir_photography_service,Boudoir Photography Service
bounce_house_rental,bounce_house_rental,services_and_business > event_or_party_service > bounce_house_rental,Bounce House Rental
boutique,fashion_boutique,shopping > fashion_and_apparel_store > fashion_boutique,Fashion Boutique
bowling_alley,bowling_alley,sports_and_recreation > sport_or_fitness_facility > bowling_alley,Bowling Alley
box_lunch_supplier,box_lunch_supplier,services_and_business > b2b_service > supplier_or_distributor > box_lunch_supplier,Box Lunch Supplier
boxing_class,boxing_class,sports_and_recreation > sport_or_fitness_facility > boxing_class,Boxing Class
boxing_club,boxing_gym,sports_and_recreation > sport_or_fitness_facility > boxing_gym,Boxing Gym
boxing_gym,boxing_gym,sports_and_recreation > sport_or_fitness_facility > boxing_gym,Boxing Gym
brake_service_and_repair,brake_service_and_repair,travel_and_transportation > vehicle_service > automotive_service > automotive_repair > brake_service_and_repair,Brake Service and Repair
brasserie,brasserie,food_and_drink > restaurant > european_restaurant > western_european_restaurant > french_restaurant > brasserie,Brasserie
brazilian_jiu_jitsu_club,brazilian_jiu_jitsu_club,sports_and_recreation > sport_or_recreation_club > martial_arts_club > brazilian_jiu_jitsu_club,Brazilian Jiu Jitsu Club
brazilian_restaurant,brazilian_restaurant,food_and_drink > restaurant > latin_american_restaurant > south_american_restaurant > brazilian_restaurant,Brazilian Restaurant
breakfast_and_brunch_restaurant,breakfast_and_brunch_restaurant,food_and_drink > restaurant > breakfast_and_brunch_restaurant,Breakfast and Brunch Restaurant
brewery,brewery,food_and_drink > alcoholic_beverage_venue > brewery,Brewery
brewing_supply_store,brewing_supply_store,shopping > food_and_beverage_store > brewing_supply_store,Brewing Supply Store
bridal_shop,bridal_shop,shopping > fashion_and_apparel_store > clothing_store > bridal_shop,Bridal Shop
bridge,bridge,geographic_entities > built_feature > bridge,Bridge
british_restaurant,british_restaurant,food_and_drink > restaurant > european_restaurant > western_european_restaurant > british_restaurant,British Restaurant
broadcasting_media_production,broadcasting_media_production,services_and_business > media_service > media_news_company > broadcasting_media_production,Broadcasting Media Production
brokers,broker,services_and_business > financial_service > broker,Broker
bubble_soccer_field,soccer_field,sports_and_recreation > sport_or_fitness_facility > sport_field > soccer_field,Soccer Field
bubble_tea,bubble_tea_shop,food_and_drink > non_alcoholic_beverage_venue > bubble_tea_shop,Bubble Tea Shop
buddhist_temple,buddhist_place_of_worship,cultural_and_historic > place_of_worship > buddhist_place_of_worship,Buddhist Place of Worship
buffet_restaurant,buffet_restaurant,food_and_drink > restaurant > buffet_restaurant,Buffet Restaurant
builders,builder,services_and_business > real_estate_service > builder,Builder
building_contractor,building_contractor,services_and_business > home_service > contractor > building_contractor,Building Contractor
building_supply_store,building_supply_store,shopping > specialty_store > hardware_home_and_garden_store > building_supply_store,Building Supply Store
bulgarian_restaurant,bulgarian_restaurant,food_and_drink > restaurant > european_restaurant > eastern_european_restaurant > bulgarian_restaurant,Bulgarian Restaurant
bulk_billing,medical_billing,health_care > medical_service > medical_billing,Medical Billing
bungee_jumping_center,bungee_jumping_center,sports_and_recreation > sport_or_fitness_facility > adventure_sport > bungee_jumping_center,Bungee Jumping Center
burger_restaurant,burger_restaurant,food_and_drink > restaurant > meat_restaurant > burger_restaurant,Burger Restaurant
burmese_restaurant,burmese_restaurant,food_and_drink > restaurant > asian_restaurant > southeast_asian_restaurant > burmese_restaurant,Burmese Restaurant
bus_rentals,bus_rental,services_and_business > rental_service > bus_rental,Bus Rental
bus_service,public_transit_facility_or_service,travel_and_transportation > ground_transport_facility_or_service > public_transit_facility_or_service,Public Transit Facility or Service
bus_station,bus_station,travel_and_transportation > ground_transport_facility_or_service > public_transit_facility_or_service > bus_station,Bus Station
bus_ticket_agency,bus_ticket_agency,travel_and_transportation > ground_transport_facility_or_service > public_transit_facility_or_service > bus_ticket_agency,Bus Ticket Agency
bus_tours,bus_tour,travel_and_transportation > travel_service > tour_operator > bus_tour,Bus Tour
business,corporate_or_business_office,services_and_business > corporate_or_business_office,Corporate or Business Office
business_advertising,b2b_advertising_and_marketing_service,services_and_business > b2b_service > b2b_office_and_professional_service > b2b_advertising_and_marketing_service,B2B Advertising and Marketing Service
business_banking_service,business_banking_service,services_and_business > financial_service > business_banking_service,Business Banking Service
business_brokers,business_broker,services_and_business > financial_service > broker > business_broker,Business Broker
business_consulting,business_consulting,services_and_business > professional_service > business_consulting,Business Consulting
business_equipment_and_supply,supplier_or_distributor,services_and_business > b2b_service > supplier_or_distributor,Supplier or Distributor
business_financing,business_financing,services_and_business > financial_service > business_financing,Business Financing
business_law,business_law,services_and_business > legal_service > attorney_or_law_firm > business_law,Business Law
business_management_services,b2b_business_management_service,services_and_business > b2b_service > b2b_office_and_professional_service > b2b_business_management_service,B2B Business Management Service
business_manufacturing_and_supply,manufacturer,services_and_business > b2b_service > manufacturer,Manufacturer
business_office_supplies_and_stationery,business_office_supplies_and_stationery,services_and_business > b2b_service > supplier_or_distributor > business_office_supplies_and_stationery,Business Office Supplies and Stationery
business_records_storage_and_management,b2b_records_storage_service,services_and_business > b2b_service > b2b_office_and_professional_service > b2b_records_storage_service,B2B Records Storage Service
business_schools,business_school,education > place_of_learning > college_university > business_school,Business School
business_signage,b2b_signage_service,services_and_business > b2b_service > b2b_office_and_professional_service > b2b_advertising_and_marketing_service > b2b_signage_service,B2B Signage Service
business_storage_and_transportation,b2b_transportation_and_storage_service,services_and_business > b2b_service > b2b_transportation_and_storage_service,B2B Transportation and Storage Service
business_to_business,b2b_service,services_and_business > b2b_service,B2B Service
business_to_business_services,b2b_service,services_and_business > b2b_service,B2B Service
butcher_shop,butcher_shop,shopping > food_and_beverage_store > butcher_shop,Butcher Shop
cabaret,cabaret,arts_and_entertainment > performing_arts_venue > cabaret,Cabaret
cabin,cabin,lodging > cabin,Cabin
cabinet_sales_service,cabinet_sales_service,services_and_business > home_service > cabinet_sales_service,Cabinet Sales Service
cable_car_service,cable_car_service,travel_and_transportation > ground_transport_facility_or_service > public_transit_facility_or_service > cable_car_service,Cable Car Service
cafe,cafe,food_and_drink > casual_eatery > cafe,Cafe
cafeteria,cafeteria,food_and_drink > restaurant > cafeteria,Cafeteria
cajun_and_creole_restaurant,cajun_and_creole_restaurant,food_and_drink > restaurant > north_american_restaurant > american_restaurant > cajun_and_creole_restaurant,Cajun and Creole Restaurant
calligraphy,calligraphy,services_and_business > media_service > calligraphy,Calligraphy
cambodian_restaurant,cambodian_restaurant,food_and_drink > restaurant > asian_restaurant > southeast_asian_restaurant > cambodian_restaurant,Cambodian Restaurant
campground,campground,lodging > campground,Campground
campus_building,campus_building,education > educational_facility > campus_building,Campus Building
canadian_restaurant,canadian_restaurant,food_and_drink > restaurant > north_american_restaurant > canadian_restaurant,Canadian Restaurant
canal,canal,geographic_entities > water_feature > canal,Canal
cancer_treatment_center,cancer_treatment_center,health_care > specialized_medical_facility > cancer_treatment_center,Cancer Treatment Center
candle_store,candle_store,shopping > specialty_store > hardware_home_and_garden_store > candle_store,Candle Store
candy_store,candy_store,food_and_drink > casual_eatery > candy_store,Candy Store
cannabis_clinic,cannabis_clinic,health_care > medical_service > medical_cannabis > cannabis_clinic,Cannabis Clinic
cannabis_collective,cannabis_collective,health_care > medical_service > medical_cannabis > cannabis_collective,Cannabis Collective
cannabis_dispensary,cannabis_dispensary,shopping > specialty_store > smoke_and_vape_store > cannabis_dispensary,Cannabis Dispensary
cannabis_tour,cannabis_tour,travel_and_transportation > travel_service > tour_operator > cannabis_tour,Cannabis Tour
canoe_and_kayak_hire_service,canoe_and_kayak_hire_service,sports_and_recreation > recreational_equipment_rental > canoe_and_kayak_hire_service,Canoe and Kayak Hire Service
canteen,canteen,food_and_drink > casual_eatery > canteen,Canteen
canyon,canyon,geographic_entities > land_feature > canyon,Canyon
car_auction,car_auction,shopping > specialty_store > auction_house > car_auction,Car Auction
car_broker,auto_broker,shopping > vehicle_dealer > auto_dealer > auto_broker,Auto Broker
car_buyer,car_buyer,travel_and_transportation > vehicle_service > automotive_service > car_buyer,Car Buyer
car_dealer,auto_dealer,shopping > vehicle_dealer > auto_dealer,Auto Dealer
car_inspection,car_inspection,travel_and_transportation > vehicle_service > automotive_service > car_inspection,Car Inspection
car_rental_agency,car_rental_service,services_and_business > rental_service > vehicle_rental_service > car_rental_service,Car Rental Service
car_sharing,car_sharing,travel_and_transportation > ground_transport_facility_or_service > taxi_or_ride_share_service > car_sharing,Car Sharing
car_stereo_installation,car_stereo_installation,travel_and_transportation > vehicle_service > automotive_service > car_stereo_installation,Car Stereo Installation
car_stereo_store,car_stereo_store,shopping > specialty_store > electronics_store > car_stereo_store,Car Stereo Store
car_wash,car_wash,travel_and_transportation > vehicle_service > automotive_service > car_wash,Car Wash
car_window_tinting,car_window_tinting,travel_and_transportation > vehicle_service > automotive_service > auto_glass_service > car_window_tinting,Car Window Tinting
cardio_classes,cardio_class,sports_and_recreation > sport_or_fitness_facility > cardio_class,Cardio Class
cardiologist,cardiology,health_care > outpatient_care_facility > specialized_health_care > cardiovascular_and_vascular_medicine > cardiology,Cardiology
cardiovascular_and_thoracic_surgeon,cardiothoracic_surgery,health_care > specialized_medical_facility > surgery > cardiothoracic_surgery,Cardiothoracic Surgery
cards_and_stationery_store,cards_and_stationery_store,shopping > specialty_store > cards_and_stationery_store,Cards and Stationery Store
career_counseling,career_counseling,services_and_business > professional_service > career_counseling,Career Counseling
caribbean_restaurant,caribbean_restaurant,food_and_drink > restaurant > latin_american_restaurant > caribbean_restaurant,Caribbean Restaurant
caricature,caricature,services_and_business > event_or_party_service > caricature,Caricature
carousel,carousel,arts_and_entertainment > amusement_attraction > carousel,Carousel
carpenter,carpenter,services_and_business > home_service > carpenter,Carpenter
carpet_cleaning,carpet_cleaning,services_and_business > home_service > carpet_cleaning,Carpet Cleaning
carpet_dyeing,carpet_dyeing,services_and_business > home_service > carpet_dyeing,Carpet Dyeing
carpet_installation,carpet_installation,services_and_business > home_service > carpet_installation,Carpet Installation
carpet_store,carpet_store,shopping > specialty_store > hardware_home_and_garden_store > carpet_store,Carpet Store
cartooning_museum,cartooning_museum,arts_and_entertainment > museum > art_museum > cartooning_museum,Cartooning Museum
casino,casino,arts_and_entertainment > gaming_venue > casino,Casino
casting_molding_and_machining,casting_molding_service,services_and_business > b2b_service > b2b_industrial_and_machine_service > casting_molding_service,Casting Molding Service
castle,castle,cultural_and_historic > historic_site > castle,Castle
catalan_restaurant,catalan_restaurant,food_and_drink > restaurant > european_restaurant > iberian_restaurant > spanish_restaurant > catalan_restaurant,Catalan Restaurant
caterer,caterer,services_and_business > event_or_party_service > caterer,Caterer
catholic_church,roman_catholic_place_of_worship,cultural_and_historic > place_of_worship > christian_place_of_worship > roman_catholic_place_of_worship,Roman Catholic Place of Worship
cave,cave,geographic_entities > land_feature > cave,Cave
ceiling_and_roofing_repair_and_service,ceiling_and_roofing_repair_and_service,services_and_business > home_service > ceiling_and_roofing_repair_and_service,Ceiling and Roofing Repair and Service
ceiling_service,ceiling_service,services_and_business > home_service > ceiling_and_roofing_repair_and_service > ceiling_service,Ceiling Service
cement_supplier,cement_supplier,services_and_business > b2b_service > supplier_or_distributor > cement_supplier,Cement Supplier
cemeteries,cemetery,cultural_and_historic > memorial_site > cemetery,Cemetery
central_government_office,government_office,community_and_government > government_office,Government Office
ceremonial_clothing,clothing_store,shopping > fashion_and_apparel_store > clothing_store,Clothing Store
certification_agency,certification_agency,services_and_business > professional_service > certification_agency,Certification Agency
challenge_courses_center,challenge_courses_center,sports_and_recreation > sport_or_fitness_facility > adventure_sport > challenge_courses_center,Challenge Courses Center
chamber_of_handicraft,arts_and_crafts_space,arts_and_entertainment > arts_and_crafts_space,Arts and Crafts Space
chambers_of_commerce,chambers_of_commerce,community_and_government > government_office > chambers_of_commerce,Chambers of Commerce
champagne_bar,champagne_bar,food_and_drink > alcoholic_beverage_venue > bar > champagne_bar,Champagne Bar
charity_organization,charity_organization,community_and_government > civic_organization > charity_organization,Charity Organization
charter_school,charter_school,education > place_of_learning > school > charter_school,Charter School
check_cashing_payday_loans,check_cashing_payday_loans,services_and_business > financial_service > check_cashing_payday_loans,Check Cashing Payday Loans
cheerleading,cheerleading,education > place_of_learning > specialty_school > cheerleading,Cheerleading
cheese_shop,cheese_shop,shopping > food_and_beverage_store > cheese_shop,Cheese Shop
cheese_tasting_classes,cheese_tasting_class,education > place_of_learning > class_venue > tasting_class > cheese_tasting_class,Cheese Tasting Class
cheesesteak_restaurant,cheesesteak_restaurant,food_and_drink > restaurant > meat_restaurant > cheesesteak_restaurant,Cheesesteak Restaurant
chemical_plant,chemical_plant,services_and_business > b2b_service > b2b_industrial_and_machine_service > chemical_plant,Chemical Plant
chicken_restaurant,chicken_restaurant,food_and_drink > restaurant > meat_restaurant > chicken_restaurant,Chicken Restaurant
chicken_wings_restaurant,chicken_wings_restaurant,food_and_drink > restaurant > meat_restaurant > chicken_wings_restaurant,Chicken Wings Restaurant
child_care_and_day_care,child_care_and_day_care,services_and_business > family_service > child_care_and_day_care,Child Care and Day Care
child_protection_service,child_protection_service,community_and_government > social_or_community_service > child_protection_service,Child Protection Service
child_psychiatrist,child_psychiatry,health_care > outpatient_care_facility > behavioral_or_mental_health_clinic > psychiatry_or_psychology_service > psychiatry > child_psychiatry,Child Psychiatry
childbirth_education,childbirth_education,education > place_of_learning > specialty_school > childbirth_education,Childbirth Education
childproofing,childproofing,services_and_business > home_service > childproofing,Childproofing
children_hall,youth_organization,community_and_government > social_or_community_service > youth_organization,Youth Organization
childrens_clothing_store,childrens_clothing_store,shopping > fashion_and_apparel_store > clothing_store > childrens_clothing_store,Children's Clothing Store
childrens_hospital,childrens_hospital,health_care > hospital > specialty_hospital > childrens_hospital,Children's Hospital
childrens_museum,childrens_museum,arts_and_entertainment > museum > childrens_museum,Children's Museum
chilean_restaurant,chilean_restaurant,food_and_drink > restaurant > latin_american_restaurant > south_american_restaurant > chilean_restaurant,Chilean Restaurant
chimney_cake_shop,patisserie_cake_shop,shopping > food_and_beverage_store > patisserie_cake_shop,Patisserie Cake Shop
chimney_service,chimney_service,services_and_business > home_service > chimney_service,Chimney Service
chimney_sweep,chimney_sweep,services_and_business > home_service > chimney_service > chimney_sweep,Chimney Sweep
chinese_martial_arts_club,chinese_martial_arts_club,sports_and_recreation > sport_or_recreation_club > martial_arts_club > chinese_martial_arts_club,Chinese Martial Arts Club
chinese_restaurant,chinese_restaurant,food_and_drink > restaurant > asian_restaurant > east_asian_restaurant > chinese_restaurant,Chinese Restaurant
chiropractor,chiropractic,health_care > outpatient_care_facility > complementary_and_alternative_medicine > chiropractic,Chiropractic
chocolatier,chocolatier,food_and_drink > casual_eatery > candy_store > chocolatier,Chocolatier
choir,choir,arts_and_entertainment > performing_arts_venue > music_venue > choir,Choir
christmas_trees,christmas_tree_store,shopping > specialty_store > hardware_home_and_garden_store > christmas_tree_store,Christmas Tree Store
church_cathedral,christian_place_of_worship,cultural_and_historic > place_of_worship > christian_place_of_worship,Christian Place of Worship
cidery,cidery,food_and_drink > alcoholic_beverage_venue > cidery,Cidery
cigar_bar,cigar_bar,food_and_drink > alcoholic_beverage_venue > bar > cigar_bar,Cigar Bar
cinema,movie_theater,arts_and_entertainment > movie_theater,Movie Theater
circus,circus_venue,arts_and_entertainment > amusement_attraction > circus_venue,Circus Venue
circus_school,circus_school,education > place_of_learning > specialty_school > circus_school,Circus School
civic_center,civic_center,community_and_government > civic_organization > civic_center,Civic Center
civil_engineers,civil_engineer,services_and_business > building_or_construction_service > civil_engineer,Civil Engineer
civil_examinations_academy,civil_examinations_academy,education > place_of_learning > academy > civil_examinations_academy,Civil Examinations Academy
civil_rights_lawyers,civil_rights_lawyer,services_and_business > legal_service > attorney_or_law_firm > civil_rights_lawyer,Civil Rights Lawyer
civilization_museum,civilization_museum,arts_and_entertainment > museum > history_museum > civilization_museum,Civilization Museum
cleaning_products_supplier,cleaning_products_supplier,services_and_business > b2b_service > supplier_or_distributor > cleaning_products_supplier,Cleaning Products Supplier
cleaning_services,cleaning_service,services_and_business > professional_service > cleaning_service,Cleaning Service
cliff_jumping_center,cliff_jumping_center,sports_and_recreation > sport_or_fitness_facility > adventure_sport > cliff_jumping_center,Cliff Jumping Center
climbing_class,climbing_class,sports_and_recreation > sport_or_fitness_facility > climbing_class,Climbing Class
climbing_service,climbing_service,sports_and_recreation > sport_or_fitness_facility > adventure_sport > climbing_service,Climbing Service
clinical_laboratories,b2b_clinical_lab,services_and_business > b2b_service > b2b_medical_support_service > b2b_clinical_lab,B2B Clinical Lab
clock_repair_service,clock_repair_service,services_and_business > home_service > clock_repair_service,Clock Repair Service
closet_remodeling,closet_remodeling,services_and_business > home_service > closet_remodeling,Closet Remodeling
clothing_company,clothing_company,services_and_business > corporate_or_business_office > clothing_company,Clothing Company
clothing_rental,clothing_rental,services_and_business > rental_service > clothing_rental,Clothing Rental
clothing_store,clothing_store,shopping > fashion_and_apparel_store > clothing_store,Clothing Store
clown,clown,services_and_business > event_or_party_service > clown,Clown
club_crawl,club_crawl,arts_and_entertainment > nightlife_venue > club_crawl,Club Crawl
coach_bus,coach_bus,travel_and_transportation > ground_transport_facility_or_service > public_transit_facility_or_service > coach_bus,Coach Bus
coal_and_coke,b2b_coal_and_coke,services_and_business > b2b_service > b2b_energy_and_utility_service > b2b_mining > b2b_coal_and_coke,B2B Coal and Coke
cocktail_bar,cocktail_bar,food_and_drink > alcoholic_beverage_venue > bar > cocktail_bar,Cocktail Bar
coffee_and_tea_supplies,coffee_and_tea_supplies,shopping > food_and_beverage_store > coffee_and_tea_supplies,Coffee and Tea Supplies
coffee_roastery,coffee_roastery,food_and_drink > non_alcoholic_beverage_venue > coffee_shop > coffee_roastery,Coffee Roastery
coffee_shop,coffee_shop,food_and_drink > non_alcoholic_beverage_venue > coffee_shop,Coffee Shop
coin_dealers,coin_dealer,services_and_business > financial_service > coin_dealer,Coin Dealer
collection_agencies,collection_agency,services_and_business > financial_service > collection_agency,Collection Agency
college_counseling,college_counseling,education > educational_service > college_counseling,College Counseling
college_university,college_university,education > place_of_learning > college_university,College University
colombian_restaurant,colombian_restaurant,food_and_drink > restaurant > latin_american_restaurant > south_american_restaurant > colombian_restaurant,Colombian Restaurant
colonics,colonic_hydrotherapy,lifestyle_services > wellness_service > colonic_hydrotherapy,Colonic Hydrotherapy
comedy_club,comedy_club,arts_and_entertainment > performing_arts_venue > comedy_club,Comedy Club
comfort_food_restaurant,comfort_food_restaurant,food_and_drink > restaurant > comfort_food_restaurant,Comfort Food Restaurant
comic_books_store,comic_books_store,shopping > specialty_store > books_music_and_video_store > bookstore > comic_books_store,Comic Books Store
commercial_industrial,commercial_industrial,services_and_business > b2b_service > commercial_industrial,Commercial Industrial
commercial_printer,commercial_printer,services_and_business > printing_service > commercial_printer,Commercial Printer
commercial_real_estate,commercial_real_estate,services_and_business > real_estate_service > commercial_real_estate,Commercial Real Estate
commercial_refrigeration,commercial_refrigeration,services_and_business > technical_service > commercial_refrigeration,Commercial Refrigeration
commercial_vehicle_dealer,commercial_vehicle_dealer,shopping > vehicle_dealer > commercial_vehicle_dealer,Commercial Vehicle Dealer
commissioned_artist,commissioned_artist,services_and_business > media_service > commissioned_artist,Commissioned Artist
community_book_boxes,community_book_box,services_and_business > home_service > community_book_box,Community Book Box
community_center,community_center,community_and_government > social_or_community_service > community_center,Community Center
community_gardens,community_garden,geographic_entities > built_feature > garden > community_garden,Community Garden
community_health_center,community_health_center,health_care > outpatient_care_facility > primary_care_or_general_clinic > community_health_center,Community Health Center
community_museum,community_museum,arts_and_entertainment > museum > history_museum > community_museum,Community Museum
community_services_non_profits,social_or_community_service,community_and_government > social_or_community_service,Social or Community Service
computer_coaching,computer_coaching,education > place_of_learning > specialty_school > computer_coaching,Computer Coaching
computer_hardware_company,computer_hardware_company,services_and_business > technical_service > computer_hardware_company,Computer Hardware Company
computer_museum,computer_museum,arts_and_entertainment > museum > science_museum > computer_museum,Computer Museum
computer_store,computer_store,shopping > specialty_store > electronics_store > computer_store,Computer Store
computer_wholesaler,computer_wholesaler,services_and_business > b2b_service > wholesaler > computer_wholesaler,Computer Wholesaler
concept_shop,shopping,shopping,Shopping
concierge_medicine,concierge_medicine,health_care > outpatient_care_facility > primary_care_or_general_clinic > concierge_medicine,Concierge Medicine
condominium,condominium,services_and_business > housing_or_property_service > condominium,Condominium
construction_management,construction_management,services_and_business > building_or_construction_service > construction_management,Construction Management
construction_services,building_or_construction_service,services_and_business > building_or_construction_service,Building or Construction Service
consultant_and_general_service,b2b_service,services_and_business > b2b_service,B2B Service
contemporary_art_museum,contemporary_art_museum,arts_and_entertainment > museum > art_museum > contemporary_art_museum,Contemporary Art Museum
contract_law,contract_law,services_and_business > legal_service > attorney_or_law_firm > contract_law,Contract Law
contractor,contractor,services_and_business > home_service > contractor,Contractor
convenience_store,convenience_store,shopping > convenience_store,Convenience Store
convents_and_monasteries,religious_organization,cultural_and_historic > religious_organization,Religious Organization
cooking_classes,cooking_classes,shopping > specialty_store > arts_crafts_and_hobby_store > cooking_classes,Cooking Classes
cooking_school,cooking_school,education > place_of_learning > specialty_school > cooking_school,Cooking School
copywriting_service,copywriting_service,services_and_business > professional_service > copywriting_service,Copywriting Service
corporate_entertainment_services,corporate_entertainment_service,services_and_business > media_service > corporate_entertainment_service,Corporate Entertainment Service
corporate_gift_supplier,corporate_gift_supplier,services_and_business > b2b_service > supplier_or_distributor > corporate_gift_supplier,Corporate Gift Supplier
corporate_office,corporate_or_business_office,services_and_business > corporate_or_business_office,Corporate or Business Office
cosmetic_and_beauty_supplies,beauty_supply_store,shopping > specialty_store > personal_care_and_beauty_store > beauty_supply_store,Beauty Supply Store
cosmetic_dentist,cosmetic_dentistry,health_care > outpatient_care_facility > dental_clinic > cosmetic_dentistry,Cosmetic Dentistry
cosmetic_products_manufacturer,cosmetic_products_manufacturer,services_and_business > b2b_service > manufacturer > cosmetic_products_manufacturer,Cosmetic Products Manufacturer
cosmetic_surgeon,cosmetic_surgery,health_care > specialized_medical_facility > surgery > plastic_and_reconstructive_surgery > cosmetic_surgery,Cosmetic Surgery
cosmetology_school,cosmetology_school,education > place_of_learning > specialty_school > cosmetology_school,Cosmetology School
costa_rican_restaurant,costa_rican_restaurant,food_and_drink > restaurant > latin_american_restaurant > central_american_restaurant > costa_rican_restaurant,Costa Rican Restaurant
costume_museum,costume_museum,arts_and_entertainment > museum > art_museum > costume_museum,Costume Museum
costume_store,costume_store,shopping > specialty_store > arts_crafts_and_hobby_store > costume_store,Costume Store
cottage,cottage,lodging > cottage,Cottage
cotton_mill,cotton_mill,services_and_business > b2b_service > manufacturer > mill > cotton_mill,Cotton Mill
counseling_and_mental_health,behavioral_or_mental_health_clinic,health_care > outpatient_care_facility > behavioral_or_mental_health_clinic,Behavioral or Mental Health Clinic
countertop_installation,countertop_installation,services_and_business > home_service > countertop_installation,Countertop Installation
country_club,country_club,arts_and_entertainment > social_club > country_club,Country Club
country_dance_hall,country_dance_hall,arts_and_entertainment > rural_attraction > country_dance_hall,Country Dance Hall
country_house,country_house,lodging > country_house,Country House
courier_and_delivery_services,courier_and_delivery_service,services_and_business > shipping_or_delivery_service > courier_and_delivery_service,Courier and Delivery Service
court_reporter,court_reporter,services_and_business > legal_service > court_reporter,Court Reporter
courthouse,courthouse,community_and_government > government_office > courthouse,Courthouse
coworking_space,coworking_space,services_and_business > professional_service > coworking_space,Coworking Space
cpr_classes,cpr_class,education > place_of_learning > specialty_school > cpr_class,CPR Class
craft_shop,craft_store,shopping > specialty_store > arts_crafts_and_hobby_store > craft_store,Craft Store
crane_services,crane_service,services_and_business > building_or_construction_service > crane_service,Crane Service
crater,crater,geographic_entities > land_feature > crater,Crater
credit_and_debt_counseling,credit_and_debt_counseling,services_and_business > financial_service > credit_and_debt_counseling,Credit and Debt Counseling
credit_union,credit_union,services_and_business > financial_service > bank_or_credit_union > credit_union,Credit Union
cremation_services,cremation_service,services_and_business > family_service > funeral_service > cremation_service,Cremation Service
cricket_ground,cricket_ground,arts_and_entertainment > stadium_arena > stadium > cricket_ground,Cricket Ground
criminal_defense_law,criminal_defense_law,services_and_business > legal_service > attorney_or_law_firm > criminal_defense_law,Criminal Defense Law
crisis_intervention_services,crisis_intervention_service,health_care > outpatient_care_facility > behavioral_or_mental_health_clinic > behavioral_or_crisis_service > crisis_intervention_service,Crisis Intervention Service
crops_production,crops_production,services_and_business > b2b_service > b2b_agriculture_service > crops_production,Crops Production
cryotherapy,cryotherapy,lifestyle_services > wellness_service > cryotherapy,Cryotherapy
csa_farm,csa_farm,shopping > food_and_beverage_store > csa_farm,Csa Farm
cuban_restaurant,cuban_restaurant,food_and_drink > restaurant > latin_american_restaurant > caribbean_restaurant > cuban_restaurant,Cuban Restaurant
cultural_center,cultural_center,cultural_and_historic > cultural_center,Cultural Center
cupcake_shop,cupcake_shop,food_and_drink > casual_eatery > dessert_shop > cupcake_shop,Cupcake Shop
currency_exchange,currency_exchange,services_and_business > financial_service > currency_exchange,Currency Exchange
curry_sausage_restaurant,curry_sausage_restaurant,food_and_drink > restaurant > meat_restaurant > curry_sausage_restaurant,Curry Sausage Restaurant
custom_cakes_shop,custom_cakes_shop,shopping > food_and_beverage_store > patisserie_cake_shop > custom_cakes_shop,Custom Cakes Shop
custom_clothing,custom_clothing_store,shopping > fashion_and_apparel_store > clothing_store > custom_clothing_store,Custom Clothing Store
custom_t_shirt_store,custom_t_shirt_store,shopping > fashion_and_apparel_store > clothing_store > t_shirt_store > custom_t_shirt_store,Custom T-shirt Store
customized_merchandise,customized_merchandise_store,shopping > specialty_store > customized_merchandise_store,Customized Merchandise Store
customs_broker,customs_broker,services_and_business > financial_service > customs_broker,Customs Broker
cycling_classes,cycling_class,sports_and_recreation > sport_or_fitness_facility > cycling_class,Cycling Class
czech_restaurant,czech_restaurant,food_and_drink > restaurant > european_restaurant > central_european_restaurant > czech_restaurant,Czech Restaurant
dairy_farm,dairy_farm,services_and_business > agricultural_service > farm > dairy_farm,Dairy Farm
dairy_stores,dairy_store,shopping > food_and_beverage_store > specialty_foods_store > dairy_store,Dairy Store
dam,dam,geographic_entities > built_feature > dam,Dam
damage_restoration,damage_restoration,services_and_business > home_service > damage_restoration,Damage Restoration
dance_club,dance_club,arts_and_entertainment > nightlife_venue > dance_club,Dance Club
dance_school,dance_studio,sports_and_recreation > sport_or_fitness_facility > dance_studio,Dance Studio
dance_wear,dancewear_store,shopping > specialty_store > sporting_goods_store > sportswear_store > dancewear_store,Dancewear Store
danish_restaurant,danish_restaurant,food_and_drink > restaurant > european_restaurant > scandinavian_restaurant > danish_restaurant,Danish Restaurant
data_recovery,it_service_and_computer_repair,services_and_business > technical_service > it_service_and_computer_repair,IT Service and Computer Repair
day_care_preschool,day_care_preschool,services_and_business > family_service > child_care_and_day_care > day_care_preschool,Day Care Preschool
day_spa,day_spa,lifestyle_services > wellness_service > spa > day_spa,Day Spa
debt_relief_services,debt_relief_service,services_and_business > financial_service > debt_relief_service,Debt Relief Service
deck_and_railing_sales_service,deck_and_railing_sales_service,services_and_business > home_service > deck_and_railing_sales_service,Deck and Railing Sales Service
decorative_arts_museum,decorative_arts_museum,arts_and_entertainment > museum > art_museum > decorative_arts_museum,Decorative Arts Museum
delegated_driver_service,delegated_driver_service,travel_and_transportation > vehicle_service > delegated_driver_service,Delegated Driver Service
delicatessen,delicatessen,food_and_drink > casual_eatery > delicatessen,Delicatessen
demolition_service,demolition_service,services_and_business > home_service > demolition_service,Demolition Service
denim_wear_store,denim_wear_store,shopping > fashion_and_apparel_store > clothing_store > denim_wear_store,Denim Wear Store
dental_hygienist,dental_hygiene,health_care > outpatient_care_facility > dental_clinic > dental_hygiene,Dental Hygiene
dental_laboratories,b2b_dental_lab,services_and_business > b2b_service > b2b_medical_support_service > b2b_dental_lab,B2B Dental Lab
dental_supply_store,dental_supply_store,shopping > specialty_store > medical_supply_store > dental_supply_store,Dental Supply Store
dentist,dental_clinic,health_care > outpatient_care_facility > dental_clinic,Dental Clinic
dentistry_schools,dentistry_school,education > place_of_learning > college_university > medical_sciences_school > dentistry_school,Dentistry School
department_of_motor_vehicles,department_of_motor_vehicles,community_and_government > government_office > government_department > department_of_motor_vehicles,Department of Motor Vehicles
department_of_social_service,department_of_social_service,community_and_government > government_office > government_department > department_of_social_service,Department of Social Service
department_store,department_store,shopping > department_store,Department Store
dermatologist,dermatology,health_care > outpatient_care_facility > specialized_health_care > medical_skin_care > dermatology,Dermatology
desert,desert,geographic_entities > land_feature > desert,Desert
design_museum,design_museum,arts_and_entertainment > museum > art_museum > design_museum,Design Museum
designer_clothing,designer_clothing,shopping > fashion_and_apparel_store > clothing_store > designer_clothing,Designer Clothing
desserts,dessert_shop,food_and_drink > casual_eatery > dessert_shop,Dessert Shop
diagnostic_imaging,diagnostic_imaging,health_care > outpatient_care_facility > diagnostics_imaging_or_lab_service > diagnostic_imaging,Diagnostic Imaging
diagnostic_services,doctors_office,health_care > outpatient_care_facility > diagnostics_imaging_or_lab_service > doctors_office,Doctors Office
dialysis_clinic,dialysis_clinic,health_care > specialized_medical_facility > dialysis_clinic,Dialysis Clinic
diamond_dealer,diamond_dealer,shopping > fashion_and_apparel_store > jewelry_store > diamond_dealer,Diamond Dealer
dietitian,nutrition_service,lifestyle_services > wellness_service > nutrition_service,Nutrition Service
digitizing_services,digitizing_service,services_and_business > media_service > digitizing_service,Digitizing Service
dim_sum_restaurant,dim_sum_restaurant,food_and_drink > restaurant > asian_restaurant > east_asian_restaurant > chinese_restaurant > dim_sum_restaurant,Dim Sum Restaurant
diner,diner,food_and_drink > casual_eatery > diner,Diner
dinner_theater,dinner_theater,arts_and_entertainment > performing_arts_venue > theatre_venue > dinner_theater,Dinner Theater
direct_mail_advertising,b2b_direct_mail_advertising,services_and_business > b2b_service > b2b_office_and_professional_service > b2b_advertising_and_marketing_service > b2b_direct_mail_advertising,B2B Direct Mail Advertising
disability_law,disability_law,services_and_business > legal_service > attorney_or_law_firm > disability_law,Disability Law
disability_services_and_support_organization,disability_services_and_support_organization,community_and_government > social_or_community_service > disability_services_and_support_organization,Disability Services and Support Organization
disc_golf_course,disc_golf_course,sports_and_recreation > sport_or_fitness_facility > sport_field > disc_golf_course,Disc Golf Course
discount_store,discount_store,shopping > discount_store,Discount Store
display_home_center,display_home_center,services_and_business > real_estate_service > display_home_center,Display Home Center
distillery,distillery,food_and_drink > alcoholic_beverage_venue > distillery,Distillery
distribution_services,distribution_service,services_and_business > b2b_service > b2b_transportation_and_storage_service > freight_and_cargo_service > distribution_service,Distribution Service
dive_bar,dive_bar,food_and_drink > alcoholic_beverage_venue > bar > dive_bar,Dive Bar
dive_shop,dive_store,shopping > specialty_store > sporting_goods_store > dive_store,Dive Store
diving_center,diving_center,sports_and_recreation > sport_or_fitness_facility > diving_center,Diving Center
divorce_and_family_law,divorce_and_family_law,services_and_business > legal_service > attorney_or_law_firm > divorce_and_family_law,Divorce and Family Law
diy_auto_shop,diy_auto_shop,travel_and_transportation > vehicle_service > automotive_service > automotive_repair > diy_auto_shop,DIY Auto Shop
diy_foods_restaurant,diy_foods_restaurant,food_and_drink > restaurant > diy_foods_restaurant,DIY Foods Restaurant
dj_service,dj_service,services_and_business > event_or_party_service > dj_service,DJ Service
do_it_yourself_store,do_it_yourself_store,shopping > specialty_store > hardware_home_and_garden_store > do_it_yourself_store,Do IT Yourself Store
doctor,doctors_office,health_care > outpatient_care_facility > diagnostics_imaging_or_lab_service > doctors_office,Doctors Office
dog_meat_restaurant,meat_restaurant,food_and_drink > restaurant > meat_restaurant,Meat Restaurant
dog_park,dog_park,sports_and_recreation > park > dog_park,Dog Park
dog_trainer,dog_trainer,lifestyle_services > animal_or_pet_service > pet_care_service > pet_training > dog_trainer,Dog Trainer
dog_walkers,dog_walker,lifestyle_services > animal_or_pet_service > pet_care_service > dog_walker,Dog Walker
domestic_airports,airport,travel_and_transportation > air_transport_facility_or_service > airport,Airport
domestic_business_and_trade_organizations,b2b_domestic_trade_service,services_and_business > b2b_service > b2b_office_and_professional_service > b2b_domestic_trade_service,B2B Domestic Trade Service
dominican_restaurant,dominican_restaurant,food_and_drink > restaurant > latin_american_restaurant > caribbean_restaurant > dominican_restaurant,Dominican Restaurant
donation_center,donation_center,services_and_business > home_service > donation_center,Donation Center
doner_kebab,doner_kebab_restaurant,food_and_drink > restaurant > middle_eastern_restaurant > turkish_restaurant > doner_kebab_restaurant,Doner Kebab Restaurant
donuts,donut_shop,food_and_drink > casual_eatery > dessert_shop > donut_shop,Donut Shop
door_sales_service,door_sales_service,services_and_business > home_service > door_sales_service,Door Sales Service
doula,doula_service,health_care > outpatient_care_facility > reproductive_perinatal_and_womens_care > doula_service,Doula Service
drama_school,drama_school,education > place_of_learning > specialty_school > drama_school,Drama School
drinking_water_dispenser,drinking_fountain,community_and_government > public_facility > public_fountain > drinking_fountain,Drinking Fountain
drive_in_theater,drive_in_theater,arts_and_entertainment > movie_theater > drive_in_theater,Drive-In Theater
drive_thru_bar,drive_thru_bar,food_and_drink > alcoholic_beverage_venue > bar > drive_thru_bar,Drive Thru Bar
driving_range,driving_range,sports_and_recreation > sport_or_fitness_facility > golf_course > driving_range,Driving Range
driving_school,driving_school,education > place_of_learning > specialty_school > driving_school,Driving School
drone_store,drone_store,shopping > specialty_store > electronics_store > drone_store,Drone Store
drugstore,drugstore,shopping > specialty_store > pharmacy_and_drug_store > drugstore,Drugstore
dry_cleaning,dry_cleaning,services_and_business > laundry_service > dry_cleaning,Dry Cleaning
drywall_services,drywall_service,services_and_business > home_service > drywall_service,Drywall Service
dui_law,dui_law,services_and_business > legal_service > attorney_or_law_firm > dui_law,DUI Law
dui_school,dui_school,education > place_of_learning > specialty_school > dui_school,DUI School
dumpling_restaurant,dumpling_restaurant,food_and_drink > restaurant > dumpling_restaurant,Dumpling Restaurant
dumpster_rentals,dumpster_rental,services_and_business > rental_service > dumpster_rental,Dumpster Rental
duplication_services,duplication_service,services_and_business > printing_service > duplication_service,Duplication Service
duty_free_shop,duty_free_store,shopping > specialty_store > duty_free_store,Duty Free Store
e_cigarette_store,smoke_and_vape_store,shopping > specialty_store > smoke_and_vape_store,Smoke and Vape Store
e_commerce_service,e_commerce_service,services_and_business > professional_service > e_commerce_service,E-commerce Service
ear_nose_and_throat,ear_nose_and_throat,health_care > outpatient_care_facility > specialized_health_care > ear_nose_and_throat,Ear Nose and Throat
eastern_european_restaurant,eastern_european_restaurant,food_and_drink > restaurant > european_restaurant > eastern_european_restaurant,Eastern European Restaurant
eat_and_drink,food_and_drink,food_and_drink,Food and Drink
eatertainment,dinner_theater,arts_and_entertainment > performing_arts_venue > theatre_venue > dinner_theater,Dinner Theater
eating_disorder_treatment_centers,eating_disorder_treatment_center,health_care > specialized_medical_facility > eating_disorder_treatment_center,Eating Disorder Treatment Center
ecuadorian_restaurant,ecuadorian_restaurant,food_and_drink > restaurant > latin_american_restaurant > south_american_restaurant > ecuadorian_restaurant,Ecuadorian Restaurant
editorial_services,editorial_service,services_and_business > professional_service > editorial_service,Editorial Service
education,education,education,Education
educational_camp,educational_camp,education > educational_facility > educational_camp,Educational Camp
educational_research_institute,educational_research_institute,education > research_institute > educational_research_institute,Educational Research Institute
educational_services,educational_service,education > educational_service,Educational Service
educational_supply_store,educational_supply_store,shopping > specialty_store > educational_supply_store,Educational Supply Store
egyptian_restaurant,egyptian_restaurant,food_and_drink > restaurant > african_restaurant > north_african_restaurant > egyptian_restaurant,Egyptian Restaurant
elder_care_planning,elder_care_planning,services_and_business > family_service > elder_care_planning,Elder Care Planning
electric_utility_provider,electric_utility_provider,community_and_government > public_utility > electric_utility_provider,Electric Utility Provider
electrical_consultant,electrician,services_and_business > home_service > electrician,Electrician
electrical_supply_store,electrical_supply_store,shopping > specialty_store > hardware_home_and_garden_store > electrical_supply_store,Electrical Supply Store
electrical_wholesaler,electrical_wholesaler,services_and_business > b2b_service > wholesaler > electrical_wholesaler,Electrical Wholesaler
electrician,electrician,services_and_business > home_service > electrician,Electrician
electricity_supplier,electric_utility_provider,community_and_government > public_utility > electric_utility_provider,Electric Utility Provider
electronic_parts_supplier,electronic_parts_supplier,services_and_business > b2b_service > supplier_or_distributor > electronic_parts_supplier,Electronic Parts Supplier
electronics,electronics_store,shopping > specialty_store > electronics_store,Electronics Store
electronics_repair_shop,electronics_repair_shop,services_and_business > technical_service > electronics_repair_shop,Electronics Repair Shop
elementary_school,elementary_school,education > place_of_learning > school > elementary_school,Elementary School
elevator_service,elevator_service,services_and_business > technical_service > elevator_service,Elevator Service
embassy,embassy,community_and_government > government_office > embassy,Embassy
embroidery_and_crochet,embroidery_and_crochet_store,shopping > specialty_store > arts_crafts_and_hobby_store > craft_store > embroidery_and_crochet_store,Embroidery and Crochet Store
emergency_medicine,emergency_or_urgent_care_facility,health_care > emergency_or_urgent_care_facility,Emergency or Urgent Care Facility
emergency_pet_hospital,emergency_pet_hospital,lifestyle_services > animal_or_pet_service > veterinary_care > emergency_pet_hospital,Emergency Pet Hospital
emergency_roadside_service,emergency_roadside_service,travel_and_transportation > vehicle_service > automotive_service > emergency_roadside_service,Emergency Roadside Service
emergency_room,emergency_department,health_care > emergency_or_urgent_care_facility > emergency_department,Emergency Department
emergency_service,ambulance_or_ems_service,health_care > emergency_or_urgent_care_facility > ambulance_or_ems_service,Ambulance or EMS Service
emissions_inspection,emissions_inspection,travel_and_transportation > vehicle_service > automotive_service > emissions_inspection,Emissions Inspection
empanadas,empanada_restaurant,food_and_drink > restaurant > latin_american_restaurant > empanada_restaurant,Empanada Restaurant
employment_agencies,employment_agency,services_and_business > professional_service > employment_agency,Employment Agency
employment_law,employment_law,services_and_business > legal_service > attorney_or_law_firm > employment_law,Employment Law
ems_training,ems_training,health_care > medical_service > ems_training,EMS Training
endocrinologist,endocrinology,health_care > outpatient_care_facility > specialized_health_care > endocrinology,Endocrinology
endodontist,endodontics,health_care > outpatient_care_facility > dental_clinic > endodontics,Endodontics
endoscopist,endoscopy,health_care > outpatient_care_facility > specialized_health_care > gastroenterology > endoscopy,Endoscopy
energy_company,energy_company,services_and_business > corporate_or_business_office > energy_company,Energy Company
energy_equipment_and_solution,b2b_energy_and_utility_service,services_and_business > b2b_service > b2b_energy_and_utility_service,B2B Energy and Utility Service
energy_management_and_conservation_consultants,energy_management_service,services_and_business > b2b_service > b2b_energy_and_utility_service > energy_management_service,Energy Management Service
engine_repair_service,engine_repair_service,travel_and_transportation > vehicle_service > automotive_service > automotive_repair > engine_repair_service,Engine Repair Service
engineering_schools,engineering_school,education > place_of_learning > college_university > engineering_school,Engineering School
engineering_services,engineering_service,services_and_business > building_or_construction_service > engineering_service,Engineering Service
engraving,engraving,services_and_business > media_service > engraving,Engraving
entertainment_law,entertainment_law,services_and_business > legal_service > attorney_or_law_firm > entertainment_law,Entertainment Law
environmental_abatement_services,environmental_abatement_service,services_and_business > environmental_or_ecological_service > environmental_abatement_service,Environmental Abatement Service
environmental_and_ecological_services_for_businesses,environmental_or_ecological_service,services_and_business > environmental_or_ecological_service,Environmental or Ecological Service
environmental_conservation_and_ecological_organizations,environmental_conservation_organization,services_and_business > environmental_or_ecological_service > environmental_conservation_organization,Environmental Conservation Organization
environmental_conservation_organization,environmental_conservation_organization,services_and_business > environmental_or_ecological_service > environmental_conservation_organization,Environmental Conservation Organization
environmental_medicine,environmental_medicine,health_care > outpatient_care_facility > specialized_health_care > preventive_medicine > environmental_medicine,Environmental Medicine
environmental_renewable_natural_resource,environmental_or_ecological_service,services_and_business > environmental_or_ecological_service,Environmental or Ecological Service
environmental_testing,environmental_testing_service,services_and_business > environmental_or_ecological_service > environmental_testing_service,Environmental Testing Service
episcopal_church,anglican_or_episcopal_place_of_worship,cultural_and_historic > place_of_worship > christian_place_of_worship > protestant_place_of_worship > anglican_or_episcopal_place_of_worship,Anglican or Episcopal Place of Worship
equestrian_facility,equestrian_facility,sports_and_recreation > sport_or_fitness_facility > horse_riding > equestrian_facility,Equestrian Facility
erotic_massage,erotic_massage_venue,arts_and_entertainment > nightlife_venue > adult_entertainment_venue > erotic_massage_venue,Erotic Massage Venue
escape_rooms,escape_room,arts_and_entertainment > gaming_venue > escape_room,Escape Room
escrow_services,escrow_service,services_and_business > real_estate_service > escrow_service,Escrow Service
esports_league,esports_league,sports_and_recreation > sport_league > esports_league,Esports League
esports_team,esports_team,sports_and_recreation > sport_team > esports_team,Esports Team
estate_liquidation,estate_liquidation,services_and_business > real_estate_service > estate_liquidation,Estate Liquidation
estate_planning_law,estate_planning_law,services_and_business > legal_service > attorney_or_law_firm > estate_planning_law,Estate Planning Law
esthetician,esthetician,lifestyle_services > personal_or_beauty_service > skin_care_and_makeup > esthetician,Esthetician
ethical_grocery,ethical_grocery_store,shopping > food_and_beverage_store > grocery_store > ethical_grocery_store,Ethical Grocery Store
ethiopian_restaurant,ethiopian_restaurant,food_and_drink > restaurant > african_restaurant > east_african_restaurant > ethiopian_restaurant,Ethiopian Restaurant
european_restaurant,european_restaurant,food_and_drink > restaurant > european_restaurant,European Restaurant
ev_charging_station,ev_charging_station,travel_and_transportation > fueling_station > ev_charging_station,EV Charging Station
evangelical_church,protestant_place_of_worship,cultural_and_historic > place_of_worship > christian_place_of_worship > protestant_place_of_worship,Protestant Place of Worship
event_photography,event_photography_service,services_and_business > media_service > photography_service > event_photography_service,Event Photography Service
event_planning,event_or_party_service,services_and_business > event_or_party_service,Event or Party Service
event_technology_service,event_technology_service,services_and_business > event_or_party_service > event_technology_service,Event Technology Service
excavation_service,excavation_service,services_and_business > home_service > excavation_service,Excavation Service
executive_search_consultants,b2b_executive_search_consultants,services_and_business > b2b_service > b2b_office_and_professional_service > b2b_business_management_service > b2b_executive_search_consultants,B2B Executive Search Consultants
exhaust_and_muffler_repair,exhaust_and_muffler_repair,travel_and_transportation > vehicle_service > automotive_service > automotive_repair > exhaust_and_muffler_repair,Exhaust and Muffler Repair
exhibition_and_trade_center,exhibition_and_trade_fair_venue,arts_and_entertainment > event_venue > exhibition_and_trade_fair_venue,Exhibition and Trade Fair Venue
exporters,exporter,services_and_business > b2b_service > supplier_or_distributor > import_export_service > exporter,Exporter
exterior_design,exterior_design,services_and_business > home_service > exterior_design,Exterior Design
eye_care_clinic,vision_or_eye_care_clinic,health_care > outpatient_care_facility > vision_or_eye_care_clinic,Vision or Eye Care Clinic
eyebrow_service,eyebrow_service,lifestyle_services > personal_or_beauty_service > eyebrow_service,Eyebrow Service
eyelash_service,eyelash_service,lifestyle_services > personal_or_beauty_service > eyelash_service,Eyelash Service
eyewear_and_optician,eyewear_store,shopping > fashion_and_apparel_store > eyewear_store,Eyewear Store
fabric_store,fabric_store,shopping > specialty_store > arts_crafts_and_hobby_store > fabric_store,Fabric Store
fabric_wholesaler,fabric_wholesaler,services_and_business > b2b_service > wholesaler > fabric_wholesaler,Fabric Wholesaler
face_painting,face_painting,services_and_business > event_or_party_service > face_painting,Face Painting
fair,fairgrounds,arts_and_entertainment > festival_venue > fairgrounds,Fairgrounds
falafel_restaurant,falafel_restaurant,food_and_drink > restaurant > middle_eastern_restaurant > falafel_restaurant,Falafel Restaurant
family_counselor,family_counseling,health_care > outpatient_care_facility > behavioral_or_mental_health_clinic > counseling > family_counseling,Family Counseling
family_practice,family_practice,health_care > outpatient_care_facility > primary_care_or_general_clinic > family_practice,Family Practice
family_service_center,family_service_center,services_and_business > family_service > family_service_center,Family Service Center
farm,farm,services_and_business > agricultural_service > farm,Farm
farm_equipment_and_supply,farm_equipment_and_supply,services_and_business > b2b_service > b2b_agriculture_service > b2b_farming > farm_equipment_and_supply,Farm Equipment and Supply
farm_equipment_repair_service,farm_equipment_repair_service,services_and_business > agricultural_service > farm_equipment_repair_service,Farm Equipment Repair Service
farm_insurance,farm_insurance,services_and_business > financial_service > insurance_agency > farm_insurance,Farm Insurance
farmers_market,farmers_market,shopping > market > farmers_market,Farmers Market
farming_equipment_store,farming_equipment_store,shopping > specialty_store > farming_equipment_and_supply_store > farming_equipment_store,Farming Equipment Store
farming_services,farming_service,services_and_business > b2b_service > b2b_agriculture_service > b2b_farming > farming_service,Farming Service
farrier_services,farrier_service,lifestyle_services > animal_or_pet_service > equine_service > farrier_service,Farrier Service
fashion,fashion_and_apparel_store,shopping > fashion_and_apparel_store,Fashion and Apparel Store
fashion_accessories_store,fashion_accessories_store,shopping > fashion_and_apparel_store > fashion_accessories_store,Fashion Accessories Store
fast_food_restaurant,fast_food_restaurant,food_and_drink > casual_eatery > fast_food_restaurant,Fast Food Restaurant
fastener_supplier,fastener_supplier,services_and_business > b2b_service > supplier_or_distributor > fastener_supplier,Fastener Supplier
federal_government_offices,government_office,community_and_government > government_office,Government Office
fence_and_gate_sales_service,fence_and_gate_sales_service,services_and_business > home_service > fence_and_gate_sales_service,Fence and Gate Sales Service
fencing_club,fencing_club,sports_and_recreation > sport_or_recreation_club > fencing_club,Fencing Club
feng_shui,feng_shui,services_and_business > home_service > feng_shui,Feng Shui
ferry_boat_company,ferry_boat_company,services_and_business > corporate_or_business_office > ferry_boat_company,Ferry Boat Company
ferry_service,ferry_service,travel_and_transportation > water_transport_facility_or_service > ferry_service,Ferry Service
fertility,fertility_clinic,health_care > specialized_medical_facility > fertility_clinic,Fertility Clinic
fertilizer_store,fertilizer_store,services_and_business > b2b_service > b2b_agriculture_service > b2b_farming > farm_equipment_and_supply > fertilizer_store,Fertilizer Store
festival,festival_venue,arts_and_entertainment > festival_venue,Festival Venue
fidelity_and_surety_bonds,fidelity_and_surety_bonds,services_and_business > financial_service > insurance_agency > fidelity_and_surety_bonds,Fidelity and Surety Bonds
filipino_restaurant,filipino_restaurant,food_and_drink > restaurant > asian_restaurant > southeast_asian_restaurant > filipino_restaurant,Filipino Restaurant
film_festivals_and_organizations,film_festival_venue,arts_and_entertainment > festival_venue > film_festival_venue,Film Festival Venue
financial_advising,financial_advising,services_and_business > financial_service > financial_advising,Financial Advising
financial_service,financial_service,services_and_business > financial_service,Financial Service
fingerprinting_service,fingerprinting_service,services_and_business > security_service > fingerprinting_service,Fingerprinting Service
fire_and_water_damage_restoration,fire_and_water_damage_restoration,services_and_business > home_service > damage_restoration > fire_and_water_damage_restoration,Fire and Water Damage Restoration
fire_department,fire_station,community_and_government > public_safety_service > fire_station,Fire Station
fire_protection_service,fire_protection_service,services_and_business > home_service > fire_protection_service,Fire Protection Service
firearm_training,firearm_training,education > place_of_learning > specialty_school > firearm_training,Firearm Training
fireplace_service,fireplace_service,services_and_business > home_service > fireplace_service,Fireplace Service
firewood,firewood,services_and_business > home_service > firewood,Firewood
firework_retailer,fireworks_store,shopping > specialty_store > fireworks_store,Fireworks Store
first_aid_class,first_aid_class,education > place_of_learning > specialty_school > first_aid_class,First Aid Class
fischbrotchen_restaurant,fischbrotchen_restaurant,food_and_drink > restaurant > european_restaurant > central_european_restaurant > german_restaurant > fischbrotchen_restaurant,Fischbrotchen Restaurant
fish_and_chips_restaurant,fish_and_chips_restaurant,food_and_drink > restaurant > seafood_restaurant > fish_and_chips_restaurant,Fish and Chips Restaurant
fish_farm,fish_farm,services_and_business > b2b_service > b2b_agriculture_service > fish_farm_hatchery > fish_farm,Fish Farm
fish_farms_and_hatcheries,fish_farm_hatchery,services_and_business > b2b_service > b2b_agriculture_service > fish_farm_hatchery,Fish Farm Hatchery
fish_restaurant,fish_restaurant,food_and_drink > restaurant > seafood_restaurant > fish_restaurant,Fish Restaurant
fishing_charter,fishing_charter,sports_and_recreation > sport_or_fitness_facility > water_sport > fishing > fishing_charter,Fishing Charter
fishing_club,fishing_club,sports_and_recreation > sport_or_recreation_club > fishing_club,Fishing Club
fishmonger,fishmonger,shopping > food_and_beverage_store > fishmonger,Fishmonger
fitness_equipment_wholesaler,fitness_equipment_wholesaler,services_and_business > b2b_service > wholesaler > fitness_equipment_wholesaler,Fitness Equipment Wholesaler
fitness_exercise_equipment,fitness_exercise_store,shopping > specialty_store > sporting_goods_store > fitness_exercise_store,Fitness Exercise Store
fitness_trainer,fitness_trainer,sports_and_recreation > sport_or_fitness_facility > fitness_trainer,Fitness Trainer
flatbread,flatbread_shop,food_and_drink > casual_eatery > bakery > flatbread_shop,Flatbread Shop
flatbread_restaurant,flatbread_shop,food_and_drink > casual_eatery > bakery > flatbread_shop,Flatbread Shop
flea_market,flea_market,shopping > second_hand_store > flea_market,Flea Market
flight_school,flight_school,education > place_of_learning > specialty_school > flight_school,Flight School
float_spa,float_spa,lifestyle_services > wellness_service > spa > float_spa,Float Spa
flooring_contractors,flooring_contractor,services_and_business > home_service > contractor > flooring_contractor,Flooring Contractor
flooring_store,flooring_store,shopping > specialty_store > hardware_home_and_garden_store > flooring_store,Flooring Store
floral_designer,floral_designer,services_and_business > event_or_party_service > floral_designer,Floral Designer
florist,florist,shopping > specialty_store > flowers_and_gifts_store > florist,Florist
flour_mill,flour_mill,services_and_business > b2b_service > manufacturer > mill > flour_mill,Flour Mill
flower_markets,flower_market,shopping > specialty_store > flowers_and_gifts_store > flower_market,Flower Market
flowers_and_gifts_shop,flowers_and_gifts_store,shopping > specialty_store > flowers_and_gifts_store,Flowers and Gifts Store
flyboarding_center,flyboarding_center,sports_and_recreation > sport_or_fitness_facility > flyboarding_center,Flyboarding Center
flyboarding_rental,flyboarding_rental,sports_and_recreation > sport_or_fitness_facility > flyboarding_rental,Flyboarding Rental
fmcg_wholesaler,fmcg_wholesaler,services_and_business > b2b_service > wholesaler > fmcg_wholesaler,Fmcg Wholesaler
fondue_restaurant,fondue_restaurant,food_and_drink > casual_eatery > fondue_restaurant,Fondue Restaurant
food,food_and_beverage_store,shopping > food_and_beverage_store,Food and Beverage Store
food_and_beverage_consultant,food_and_beverage_consultant,services_and_business > professional_service > food_and_beverage_consultant,Food and Beverage Consultant
food_and_beverage_exporter,food_and_beverage_exporter,services_and_business > b2b_service > supplier_or_distributor > import_export_service > exporter > food_and_beverage_exporter,Food and Beverage Exporter
food_banks,food_bank,community_and_government > social_or_community_service > food_bank,Food Bank
food_beverage_service_distribution,food_beverage_distributor,services_and_business > b2b_service > supplier_or_distributor > food_beverage_distributor,Food Beverage Distributor
food_consultant,food_consultant,lifestyle_services > food_service > food_consultant,Food Consultant
food_court,food_court,food_and_drink > casual_eatery > food_court,Food Court
food_delivery_service,food_delivery_service,lifestyle_services > food_service > food_delivery_service,Food Delivery Service
food_safety_training,food_safety_training,education > place_of_learning > specialty_school > food_safety_training,Food Safety Training
food_stand,food_truck_stand,food_and_drink > casual_eatery > food_truck_stand,Food Truck or Stand
food_tours,food_tour,travel_and_transportation > travel_service > tour_operator > food_tour,Food Tour
food_truck,food_truck_stand,food_and_drink > casual_eatery > food_truck_stand,Food Truck or Stand
foot_care,foot_care,lifestyle_services > personal_or_beauty_service > foot_care,Foot Care
football_club,football_club,sports_and_recreation > sport_or_recreation_club > football_club,Football Club
football_stadium,football_stadium,arts_and_entertainment > stadium_arena > stadium > football_stadium,Football Stadium
footwear_wholesaler,footwear_wholesaler,services_and_business > b2b_service > wholesaler > footwear_wholesaler,Footwear Wholesaler
forest,forest,geographic_entities > land_feature > forest,Forest
forestry_consultants,forestry_service,services_and_business > environmental_or_ecological_service > forestry_service,Forestry Service
forestry_service,forestry_service,services_and_business > environmental_or_ecological_service > forestry_service,Forestry Service
forklift_dealer,forklift_dealer,shopping > vehicle_dealer > forklift_dealer,Forklift Dealer
formal_wear_store,formal_wear_store,shopping > fashion_and_apparel_store > clothing_store > formal_wear_store,Formal Wear Store
fort,fort,cultural_and_historic > historic_site > fort,Fort
fortune_telling_service,fortune_telling,arts_and_entertainment > spiritual_advising > fortune_telling,Fortune Telling
foster_care_services,foster_care_service,community_and_government > social_or_community_service > foster_care_service,Foster Care Service
foundation_repair,foundation_repair,services_and_business > home_service > foundation_repair,Foundation Repair
fountain,public_fountain,community_and_government > public_facility > public_fountain,Public Fountain
framing_store,framing_store,shopping > specialty_store > arts_crafts_and_hobby_store > framing_store,Framing Store
fraternal_organization,fraternal_organization,arts_and_entertainment > social_club > fraternal_organization,Fraternal Organization
free_diving_center,free_diving_center,sports_and_recreation > sport_or_fitness_facility > diving_center > free_diving_center,Free Diving Center
free_diving_instruction,free_diving_instruction,sports_and_recreation > sport_or_fitness_facility > diving_instruction > free_diving_instruction,Free Diving Instruction
freight_and_cargo_service,freight_and_cargo_service,services_and_business > b2b_service > b2b_transportation_and_storage_service > freight_and_cargo_service,Freight and Cargo Service
freight_forwarding_agency,freight_forwarding_agency,services_and_business > b2b_service > b2b_transportation_and_storage_service > freight_and_cargo_service > freight_forwarding_agency,Freight Forwarding Agency
french_restaurant,french_restaurant,food_and_drink > restaurant > european_restaurant > western_european_restaurant > french_restaurant,French Restaurant
friterie,friterie,food_and_drink > casual_eatery > friterie,Friterie
frozen_foods,frozen_foods_store,shopping > food_and_beverage_store > specialty_foods_store > frozen_foods_store,Frozen Foods Store
frozen_yoghurt_shop,frozen_yogurt_shop,food_and_drink > casual_eatery > dessert_shop > frozen_yogurt_shop,Frozen Yogurt Shop
fruits_and_vegetables,produce_store,shopping > food_and_beverage_store > specialty_foods_store > produce_store,Produce Store
fuel_dock,fuel_dock,travel_and_transportation > fueling_station > gas_station > fuel_dock,Fuel Dock
funeral_services_and_cemeteries,funeral_service,services_and_business > family_service > funeral_service,Funeral Service
fur_clothing,fur_clothing,shopping > fashion_and_apparel_store > clothing_store > fur_clothing,Fur Clothing
furniture_accessory_store,furniture_accessory_store,shopping > specialty_store > hardware_home_and_garden_store > furniture_accessory_store,Furniture Accessory Store
furniture_assembly,furniture_assembly,services_and_business > home_service > furniture_assembly,Furniture Assembly
furniture_manufacturers,furniture_manufacturer,services_and_business > b2b_service > manufacturer > furniture_manufacturer,Furniture Manufacturer
furniture_rental_service,furniture_rental_service,services_and_business > home_service > furniture_rental_service,Furniture Rental Service
furniture_repair,furniture_repair,services_and_business > home_service > furniture_repair,Furniture Repair
furniture_reupholstery,furniture_reupholstery,services_and_business > home_service > furniture_reupholstery,Furniture Reupholstery
furniture_store,furniture_store,shopping > specialty_store > hardware_home_and_garden_store > furniture_store,Furniture Store
furniture_wholesalers,furniture_wholesaler,services_and_business > b2b_service > wholesaler > furniture_wholesaler,Furniture Wholesaler
futsal_field,futsal_field,sports_and_recreation > sport_or_fitness_facility > sport_field > futsal_field,Futsal Field
game_publisher,game_publisher,services_and_business > media_service > media_news_company > game_publisher,Game Publisher
game_truck_rental,game_truck_rental,services_and_business > event_or_party_service > game_truck_rental,Game Truck Rental
garage_door_service,garage_door_service,services_and_business > home_service > garage_door_service,Garage Door Service
garbage_collection_service,garbage_collection_service,community_and_government > public_utility > garbage_collection_service,Garbage Collection Service
gardener,gardener,services_and_business > home_service > landscaping > gardener,Gardener
gas_station,gas_station,travel_and_transportation > fueling_station > gas_station,Gas Station
gastroenterologist,gastroenterology,health_care > outpatient_care_facility > specialized_health_care > gastroenterology,Gastroenterology
gastropub,gastropub,food_and_drink > casual_eatery > gastropub,Gastropub
gay_and_lesbian_services_organization,gay_and_lesbian_services_organization,community_and_government > social_or_community_service > gay_and_lesbian_services_organization,Gay and Lesbian Services Organization
gay_bar,gay_bar,food_and_drink > alcoholic_beverage_venue > bar > gay_bar,Gay Bar
gelato,gelato_shop,food_and_drink > casual_eatery > dessert_shop > gelato_shop,Gelato Shop
gemstone_and_mineral,gemstone_and_mineral_store,shopping > specialty_store > gemstone_and_mineral_store,Gemstone and Mineral Store
genealogists,genealogist,services_and_business > family_service > genealogist,Genealogist
general_dentistry,general_dentistry,health_care > outpatient_care_facility > dental_clinic > general_dentistry,General Dentistry
general_festivals,festival_venue,arts_and_entertainment > festival_venue,Festival Venue
general_litigation,general_litigation,services_and_business > legal_service > attorney_or_law_firm > general_litigation,General Litigation
generator_installation_repair,generator_installation_repair,services_and_business > technical_service > generator_installation_repair,Generator Installation Repair
geneticist,genetics,health_care > outpatient_care_facility > specialized_health_care > genetics,Genetics
gents_tailor,tailor,services_and_business > home_service > sewing_and_alterations > tailor,Tailor
geologic_formation,geologic_formation,geographic_entities > land_feature > geologic_formation,Geologic Formation
geological_services,geological_service,services_and_business > b2b_service > b2b_environmental_service > geological_service,Geological Service
georgian_restaurant,georgian_restaurant,food_and_drink > restaurant > middle_eastern_restaurant > georgian_restaurant,Georgian Restaurant
geriatric_medicine,geriatric_medicine,health_care > outpatient_care_facility > specialized_health_care > geriatric_medicine,Geriatric Medicine
geriatric_psychiatry,geriatric_psychiatry,health_care > outpatient_care_facility > behavioral_or_mental_health_clinic > psychiatry_or_psychology_service > psychiatry > geriatric_psychiatry,Geriatric Psychiatry
german_restaurant,german_restaurant,food_and_drink > restaurant > european_restaurant > central_european_restaurant > german_restaurant,German Restaurant
gerontologist,gerontology,health_care > outpatient_care_facility > specialized_health_care > genetics > gerontology,Gerontology
gift_shop,gift_shop,shopping > specialty_store > flowers_and_gifts_store > gift_shop,Gift Shop
glass_and_mirror_sales_service,glass_and_mirror_sales_service,services_and_business > home_service > glass_and_mirror_sales_service,Glass and Mirror Sales Service
glass_blowing,glass_blowing_venue,arts_and_entertainment > arts_and_crafts_space > glass_blowing_venue,Glass Blowing Venue
glass_manufacturer,glass_manufacturer,services_and_business > b2b_service > manufacturer > glass_manufacturer,Glass Manufacturer
gliderports,glider_port,travel_and_transportation > air_transport_facility_or_service > airport > glider_port,Glider Port
gluten_free_restaurant,gluten_free_restaurant,food_and_drink > restaurant > special_diet_restaurant > gluten_free_restaurant,Gluten Free Restaurant
go_kart_club,go_kart_club,sports_and_recreation > sport_or_recreation_club > go_kart_club,Go Kart Club
go_kart_track,go_kart_track,sports_and_recreation > sport_or_fitness_facility > race_track > go_kart_track,Go Kart Track
gold_buyer,gold_buyer,services_and_business > financial_service > gold_buyer,Gold Buyer
goldsmith,goldsmith,shopping > fashion_and_apparel_store > jewelry_store > goldsmith,Goldsmith
golf_cart_dealer,golf_cart_dealer,shopping > vehicle_dealer > golf_cart_dealer,Golf Cart Dealer
golf_cart_rental,golf_cart_rental,services_and_business > event_or_party_service > golf_cart_rental,Golf Cart Rental
golf_club,golf_club,sports_and_recreation > sport_or_recreation_club > golf_club,Golf Club
golf_course,golf_course,sports_and_recreation > sport_or_fitness_facility > golf_course,Golf Course
golf_equipment,golf_equipment_store,shopping > specialty_store > sporting_goods_store > golf_equipment_store,Golf Equipment Store
golf_instructor,golf_instructor,sports_and_recreation > sport_or_fitness_facility > golf_instructor,Golf Instructor
government_services,government_office,community_and_government > government_office,Government Office
grain_elevators,grain_elevator,services_and_business > b2b_service > b2b_agriculture_service > b2b_farming > farm_equipment_and_supply > grain_elevator,Grain Elevator
grain_production,grain_production,services_and_business > b2b_service > b2b_agriculture_service > crops_production > grain_production,Grain Production
granite_supplier,granite_supplier,services_and_business > b2b_service > supplier_or_distributor > granite_supplier,Granite Supplier
graphic_designer,graphic_designer,services_and_business > design_service > graphic_designer,Graphic Designer
gravel_professionals,gravel_professional,services_and_business > building_or_construction_service > gravel_professional,Gravel Professional
greek_restaurant,greek_restaurant,food_and_drink > restaurant > european_restaurant > mediterranean_restaurant > greek_restaurant,Greek Restaurant
greengrocer,greengrocer,services_and_business > b2b_service > wholesaler > greengrocer,Greengrocer
greenhouses,greenhouse,services_and_business > b2b_service > b2b_agriculture_service > b2b_farming > farm_equipment_and_supply > greenhouse,Greenhouse
grilling_equipment,grilling_equipment_store,shopping > specialty_store > hardware_home_and_garden_store > grilling_equipment_store,Grilling Equipment Store
grocery_store,grocery_store,shopping > food_and_beverage_store > grocery_store,Grocery Store
grout_service,grout_service,services_and_business > home_service > grout_service,Grout Service
guamanian_restaurant,guamanian_restaurant,food_and_drink > restaurant > pacific_rim_restaurant > micronesian_restaurant > guamanian_restaurant,Guamanian Restaurant
guatemalan_restaurant,guatemalan_restaurant,food_and_drink > restaurant > latin_american_restaurant > central_american_restaurant > guatemalan_restaurant,Guatemalan Restaurant
guest_house,guest_house,lodging > private_lodging > guest_house,Guest House
guitar_store,guitar_store,shopping > specialty_store > musical_instrument_and_pro_audio_store > musical_instrument_store > guitar_store,Guitar Store
gun_and_ammo,gun_and_ammo_store,shopping > specialty_store > gun_and_ammo_store,Gun and Ammo Store
gunsmith,gunsmith,shopping > specialty_store > gun_and_ammo_store > gunsmith,Gunsmith
gutter_service,gutter_service,services_and_business > home_service > gutter_service,Gutter Service
gym,gym,sports_and_recreation > sport_or_fitness_facility > gym,Gym
gymnastics_center,gymnastics_center,sports_and_recreation > sport_or_fitness_facility > gymnastics_center,Gymnastics Center
gymnastics_club,gymnastics_club,sports_and_recreation > sport_or_recreation_club > gymnastics_club,Gymnastics Club
hair_extensions,hair_extensions,lifestyle_services > personal_or_beauty_service > hair_replacement > hair_extensions,Hair Extensions
hair_loss_center,hair_loss_center,lifestyle_services > personal_or_beauty_service > hair_replacement > hair_loss_center,Hair Loss Center
hair_removal,hair_removal,lifestyle_services > personal_or_beauty_service > hair_removal,Hair Removal
hair_replacement,hair_replacement,lifestyle_services > personal_or_beauty_service > hair_replacement,Hair Replacement
hair_salon,hair_salon,lifestyle_services > personal_or_beauty_service > hair_salon,Hair Salon
hair_stylist,hair_stylist,lifestyle_services > personal_or_beauty_service > hair_salon > hair_stylist,Hair Stylist
hair_supply_stores,hair_supply_store,shopping > specialty_store > personal_care_and_beauty_store > beauty_supply_store > hair_supply_store,Hair Supply Store
haitian_restaurant,haitian_restaurant,food_and_drink > restaurant > latin_american_restaurant > caribbean_restaurant > haitian_restaurant,Haitian Restaurant
halal_restaurant,halal_restaurant,food_and_drink > restaurant > special_diet_restaurant > halal_restaurant,Halal Restaurant
halfway_house,halfway_house,services_and_business > housing_or_property_service > halfway_house,Halfway House
halotherapy,halotherapy,lifestyle_services > wellness_service > halotherapy,Halotherapy
handbag_stores,handbag_store,shopping > fashion_and_apparel_store > fashion_accessories_store > handbag_store,Handbag Store
handball_court,handball_court,sports_and_recreation > sport_or_fitness_facility > sport_court > handball_court,Handball Court
handicraft_shop,craft_store,shopping > specialty_store > arts_crafts_and_hobby_store > craft_store,Craft Store
handyman,handyman,services_and_business > home_service > handyman,Handyman
hang_gliding_center,hang_gliding_center,sports_and_recreation > sport_or_fitness_facility > hang_gliding_center,Hang Gliding Center
hardware_store,hardware_store,shopping > specialty_store > hardware_home_and_garden_store > hardware_store,Hardware Store
hat_shop,hat_store,shopping > fashion_and_apparel_store > fashion_accessories_store > hat_store,Hat Store
haunted_house,haunted_house,arts_and_entertainment > amusement_attraction > haunted_house,Haunted House
haute_cuisine_restaurant,haute_cuisine_restaurant,food_and_drink > restaurant > haute_cuisine_restaurant,Haute Cuisine Restaurant
hawaiian_restaurant,hawaiian_restaurant,food_and_drink > restaurant > pacific_rim_restaurant > polynesian_restaurant > hawaiian_restaurant,Hawaiian Restaurant
hazardous_waste_disposal,hazardous_waste_disposal,services_and_business > industrial_facility_or_service > hazardous_waste_disposal,Hazardous Waste Disposal
health_and_medical,health_care,health_care,Health Care
health_and_wellness_club,health_and_wellness_club,lifestyle_services > wellness_service > health_and_wellness_club,Health and Wellness Club
health_coach,health_coaching,lifestyle_services > wellness_service > health_coaching,Health Coaching
health_consultant,health_coaching,lifestyle_services > wellness_service > health_coaching,Health Coaching
health_department,health_department,community_and_government > government_office > government_department > health_department,Health Department
health_food_restaurant,health_food_restaurant,food_and_drink > restaurant > special_diet_restaurant > health_food_restaurant,Health Food Restaurant
health_food_store,health_food_store,shopping > food_and_beverage_store > health_food_store,Health Food Store
health_insurance_office,health_insurance_office,health_care > medical_service > health_insurance_office,Health Insurance Office
health_market,health_market,shopping > market > health_market,Health Market
health_retreats,health_retreat,lodging > retreat > health_retreat,Health Retreat
health_spa,health_spa,lifestyle_services > wellness_service > spa > health_spa,Health Spa
hearing_aid_provider,hearing_aid_store,shopping > specialty_store > medical_supply_store > hearing_aid_store,Hearing Aid Store
hearing_aids,hearing_aid_store,shopping > specialty_store > medical_supply_store > hearing_aid_store,Hearing Aid Store
heliports,heliport,travel_and_transportation > air_transport_facility_or_service > airport > heliport,Heliport
hematology,hematology,health_care > outpatient_care_facility > specialized_health_care > internal_medicine > oncology > hematology,Hematology
henna_artist,henna_artist,services_and_business > event_or_party_service > henna_artist,Henna Artist
hepatologist,hepatology,health_care > outpatient_care_facility > specialized_health_care > gastroenterology > hepatology,Hepatology
herb_and_spice_shop,herb_and_spice_store,shopping > food_and_beverage_store > herb_and_spice_store,Herb and Spice Store
herbal_shop,herb_and_spice_store,shopping > food_and_beverage_store > herb_and_spice_store,Herb and Spice Store
high_gliding_center,high_gliding_center,sports_and_recreation > sport_or_fitness_facility > adventure_sport > high_gliding_center,High Gliding Center
high_school,high_school,education > place_of_learning > school > high_school,High School
hiking_trail,hiking_trail,sports_and_recreation > recreational_trail_or_path > hiking_trail,Hiking Trail
himalayan_nepalese_restaurant,himalayan_restaurant,food_and_drink > restaurant > asian_restaurant > south_asian_restaurant > himalayan_restaurant,Himalayan Restaurant
hindu_temple,hindu_place_of_worship,cultural_and_historic > place_of_worship > hindu_place_of_worship,Hindu Place of Worship
historical_tours,historical_tour,travel_and_transportation > travel_service > tour_operator > historical_tour,Historical Tour
history_museum,history_museum,arts_and_entertainment > museum > history_museum,History Museum
hobby_shop,hobby_shop,shopping > specialty_store > arts_crafts_and_hobby_store > hobby_shop,Hobby Shop
hockey_arena,hockey_arena,arts_and_entertainment > stadium_arena > stadium > hockey_arena,Hockey Arena
hockey_equipment,hockey_equipment_store,shopping > specialty_store > sporting_goods_store > hockey_equipment_store,Hockey Equipment Store
hockey_field,hockey_field,sports_and_recreation > sport_or_fitness_facility > sport_field > hockey_field,Hockey Field
holding_companies,holding_company,services_and_business > financial_service > holding_company,Holding Company
holiday_decor,holiday_decor_store,shopping > specialty_store > hardware_home_and_garden_store > holiday_decor_store,Holiday Decor Store
holiday_decorating,holiday_decorating_service,services_and_business > home_service > holiday_decorating_service,Holiday Decorating Service
holiday_market,holiday_market,shopping > market > holiday_market,Holiday Market
holiday_park,holiday_park,lodging > holiday_park,Holiday Park
holiday_rental_home,holiday_rental_home,lodging > private_lodging > holiday_rental_home,Holiday Rental Home
holistic_animal_care,holistic_animal_care,lifestyle_services > animal_or_pet_service > veterinary_care > holistic_animal_care,Holistic Animal Care
home_and_garden,hardware_home_and_garden_store,shopping > specialty_store > hardware_home_and_garden_store,Hardware Home and Garden Store
home_and_rental_insurance,home_and_rental_insurance,services_and_business > financial_service > insurance_agency > home_and_rental_insurance,Home and Rental Insurance
home_automation,home_automation,services_and_business > home_service > home_automation,Home Automation
home_cleaning,home_cleaning,services_and_business > home_service > home_cleaning,Home Cleaning
home_decor,home_decor_store,shopping > specialty_store > hardware_home_and_garden_store > home_decor_store,Home Decor Store
home_developer,home_developer,services_and_business > real_estate_service > builder > home_developer,Home Developer
home_energy_auditor,home_energy_auditor,services_and_business > home_service > home_energy_auditor,Home Energy Auditor
home_goods_store,home_goods_store,shopping > specialty_store > hardware_home_and_garden_store > home_goods_store,Home Goods Store
home_health_care,home_health_care,health_care > medical_service > home_health_care,Home Health Care
home_improvement_store,home_improvement_store,shopping > specialty_store > hardware_home_and_garden_store > home_improvement_store,Home Improvement Store
home_inspector,home_inspector,services_and_business > home_service > home_inspector,Home Inspector
home_network_installation,home_network_installation,services_and_business > home_service > home_network_installation,Home Network Installation
home_organization,home_organization,services_and_business > real_estate_service > home_organization,Home Organization
home_security,home_security,services_and_business > home_service > home_security,Home Security
home_service,home_service,services_and_business > home_service,Home Service
home_staging,home_staging,services_and_business > real_estate_service > home_staging,Home Staging
home_theater_systems_stores,home_theater_systems_stores,shopping > specialty_store > electronics_store > home_theater_systems_stores,Home Theater Systems Stores
home_window_tinting,home_window_tinting,services_and_business > home_service > home_window_tinting,Home Window Tinting
homeless_shelter,homeless_shelter,community_and_government > social_or_community_service > homeless_shelter,Homeless Shelter
homeopathic_medicine,homeopathy,health_care > outpatient_care_facility > complementary_and_alternative_medicine > homeopathy,Homeopathy
homeowner_association,homeowner_association,services_and_business > real_estate_service > homeowner_association,Homeowner Association
honduran_restaurant,honduran_restaurant,food_and_drink > restaurant > latin_american_restaurant > central_american_restaurant > honduran_restaurant,Honduran Restaurant
honey_farm_shop,honey_farm_shop,shopping > food_and_beverage_store > honey_farm_shop,Honey Farm Shop
hong_kong_style_cafe,hong_kong_style_cafe,food_and_drink > casual_eatery > cafe > hong_kong_style_cafe,Hong Kong Style Cafe
hookah_bar,hookah_bar,food_and_drink > alcoholic_beverage_venue > bar > hookah_bar,Hookah Bar
horse_boarding,horse_boarding,lifestyle_services > animal_or_pet_service > equine_service > horse_boarding,Horse Boarding
horse_equipment_shop,horse_equipment_shop,shopping > specialty_store > animal_and_pet_store > horse_equipment_shop,Horse Equipment Shop
horse_racing_track,horse_racing_track,sports_and_recreation > sport_or_fitness_facility > race_track > horse_racing_track,Horse Racing Track
horse_riding,horse_riding,sports_and_recreation > sport_or_fitness_facility > horse_riding,Horse Riding
horse_trainer,horse_trainer,lifestyle_services > animal_or_pet_service > equine_service > horse_trainer,Horse Trainer
horseback_riding_service,horseback_riding_service,sports_and_recreation > sport_or_fitness_facility > horseback_riding_service,Horseback Riding Service
hospice,hospice,health_care > medical_service > hospice,Hospice
hospital,hospital,health_care > hospital,Hospital
hospital_equipment_and_supplies,b2b_hospital_equipment_and_supplies,services_and_business > b2b_service > b2b_medical_support_service > b2b_hospital_equipment_and_supplies,B2B Hospital Equipment and Supplies
hospitalist,hospital,health_care > hospital,Hospital
hostel,hostel,lodging > hostel,Hostel
hot_air_balloons_tour,hot_air_balloons_tour,travel_and_transportation > travel_service > tour_operator > hot_air_balloons_tour,Hot Air Balloons Tour
hot_dog_restaurant,hot_dog_restaurant,food_and_drink > restaurant > meat_restaurant > hot_dog_restaurant,Hot Dog Restaurant
hot_springs,hot_springs,geographic_entities > water_feature > hot_springs,Hot Springs
hot_tubs_and_pools,hot_tub_and_pool_store,shopping > specialty_store > hardware_home_and_garden_store > hot_tub_and_pool_store,Hot Tub and Pool Store
hotel,hotel,lodging > hotel,Hotel
hotel_bar,hotel_bar,food_and_drink > alcoholic_beverage_venue > bar > hotel_bar,Hotel Bar
hotel_supply_service,hotel_supply_service,services_and_business > b2b_service > supplier_or_distributor > hotel_supply_service,Hotel Supply Service
house_sitting,house_sitting,services_and_business > home_service > house_sitting,House Sitting
houseboat,houseboat,lodging > houseboat,Houseboat
housing_authorities,housing_authority,community_and_government > social_or_community_service > housing_authority,Housing Authority
housing_cooperative,housing_cooperative,services_and_business > real_estate_service > housing_cooperative,Housing Cooperative
human_resource_services,b2b_human_resource_service,services_and_business > b2b_service > b2b_office_and_professional_service > b2b_human_resource_service,B2B Human Resource Service
hungarian_restaurant,hungarian_restaurant,food_and_drink > restaurant > european_restaurant > central_european_restaurant > hungarian_restaurant,Hungarian Restaurant
hunting_and_fishing_supplies,hunting_and_fishing_store,shopping > specialty_store > sporting_goods_store > hunting_and_fishing_store,Hunting and Fishing Store
hvac_services,hvac_service,services_and_business > home_service > hvac_service,HVAC Service
hvac_supplier,hvac_supplier,services_and_business > b2b_service > supplier_or_distributor > hvac_supplier,HVAC Supplier
hybrid_car_repair,hybrid_car_repair,travel_and_transportation > vehicle_service > automotive_service > automotive_repair > hybrid_car_repair,Hybrid Car Repair
hydraulic_equipment_supplier,hydraulic_equipment_supplier,services_and_business > b2b_service > supplier_or_distributor > hydraulic_equipment_supplier,Hydraulic Equipment Supplier
hydraulic_repair_service,hydraulic_repair_service,services_and_business > technical_service > hydraulic_repair_service,Hydraulic Repair Service
hydro_jetting,hydro_jetting,services_and_business > home_service > hydro_jetting,Hydro Jetting
hydroponic_gardening,hydroponic_gardening_store,shopping > specialty_store > hardware_home_and_garden_store > nursery_and_gardening_store > hydroponic_gardening_store,Hydroponic Gardening Store
hydrotherapy,hydrotherapy,lifestyle_services > wellness_service > hydrotherapy,Hydrotherapy
hypnosis_hypnotherapy,hypnotherapy,health_care > outpatient_care_facility > behavioral_or_mental_health_clinic > psychiatry_or_psychology_service > psychotherapy > hypnotherapy,Hypnotherapy
iberian_restaurant,iberian_restaurant,food_and_drink > restaurant > european_restaurant > iberian_restaurant,Iberian Restaurant
ice_cream_and_frozen_yoghurt,ice_cream_shop,food_and_drink > casual_eatery > dessert_shop > ice_cream_shop,Ice Cream Shop
ice_cream_shop,ice_cream_shop,food_and_drink > casual_eatery > dessert_shop > ice_cream_shop,Ice Cream Shop
ice_skating_rink,ice_skating_rink,sports_and_recreation > sport_or_fitness_facility > skating_rink > ice_skating_rink,Ice Skating Rink
ice_supplier,ice_supplier,services_and_business > b2b_service > supplier_or_distributor > ice_supplier,Ice Supplier
image_consultant,image_consultant,lifestyle_services > personal_or_beauty_service > image_consultant,Image Consultant
immigration_and_naturalization,immigration_and_naturalization_office,community_and_government > government_office > immigration_and_naturalization_office,Immigration and Naturalization Office
immigration_assistance_services,immigration_assistance_service,services_and_business > professional_service > immigration_assistance_service,Immigration Assistance Service
immigration_law,immigration_law,services_and_business > legal_service > attorney_or_law_firm > immigration_law,Immigration Law
immunodermatologist,immunodermatology,health_care > outpatient_care_facility > specialized_health_care > medical_skin_care > dermatology > immunodermatology,Immunodermatology
imported_food,imported_food_store,shopping > food_and_beverage_store > imported_food_store,Imported Food Store
importer_and_exporter,import_export_service,services_and_business > b2b_service > supplier_or_distributor > import_export_service,Import Export Service
importers,importer,services_and_business > b2b_service > supplier_or_distributor > import_export_service > importer,Importer
indian_grocery_store,indian_grocery_store,shopping > food_and_beverage_store > grocery_store > indian_grocery_store,Indian Grocery Store
indian_restaurant,indian_restaurant,food_and_drink > restaurant > asian_restaurant > south_asian_restaurant > indian_restaurant,Indian Restaurant
indian_sweets_shop,indian_sweets_shop,food_and_drink > casual_eatery > candy_store > indian_sweets_shop,Indian Sweets Shop
indo_chinese_restaurant,indo_chinese_restaurant,food_and_drink > restaurant > asian_restaurant > east_asian_restaurant > chinese_restaurant > indo_chinese_restaurant,Indo Chinese Restaurant
indonesian_restaurant,indonesian_restaurant,food_and_drink > restaurant > asian_restaurant > southeast_asian_restaurant > indonesian_restaurant,Indonesian Restaurant
indoor_golf_center,indoor_golf_center,sports_and_recreation > sport_or_recreation_club > golf_club > indoor_golf_center,Indoor Golf Center
indoor_landscaping,indoor_landscaping,services_and_business > home_service > indoor_landscaping,Indoor Landscaping
indoor_playcenter,indoor_playcenter,sports_and_recreation > sport_or_fitness_facility > indoor_playcenter,Indoor Playcenter
industrial_cleaning_services,industrial_cleaning_service,services_and_business > professional_service > cleaning_service > industrial_cleaning_service,Industrial Cleaning Service
industrial_company,industrial_company,services_and_business > corporate_or_business_office > industrial_company,Industrial Company
industrial_equipment,industrial_equipment_manufacturer,services_and_business > b2b_service > manufacturer > machinery_and_tool_manufacturer > industrial_equipment_manufacturer,Industrial Equipment Manufacturer
industrial_spares_and_products_wholesaler,industrial_spares_and_products_wholesaler,services_and_business > b2b_service > wholesaler > industrial_spares_and_products_wholesaler,Industrial Spares and Products Wholesaler
infectious_disease_specialist,infectious_disease,health_care > outpatient_care_facility > specialized_health_care > internal_medicine > infectious_disease,Infectious Disease
information_technology_company,information_technology_company,services_and_business > corporate_or_business_office > information_technology_company,Information Technology Company
inn,inn,lodging > inn,Inn
inspection_services,inspection_service,services_and_business > building_or_construction_service > inspection_service,Inspection Service
installment_loans,installment_loans,services_and_business > financial_service > installment_loans,Installment Loans
instrumentation_engineers,instrumentation_engineer,services_and_business > building_or_construction_service > instrumentation_engineer,Instrumentation Engineer
insulation_installation,insulation_installation,services_and_business > home_service > insulation_installation,Insulation Installation
insurance_agency,insurance_agency,services_and_business > financial_service > insurance_agency,Insurance Agency
interior_design,interior_design,services_and_business > home_service > interior_design,Interior Design
interlock_system,auto_parts_store,shopping > specialty_store > vehicle_parts_store > auto_parts_store,Auto Parts Store
internal_medicine,internal_medicine,health_care > outpatient_care_facility > specialized_health_care > internal_medicine,Internal Medicine
international_business_and_trade_services,b2b_international_trade_service,services_and_business > b2b_service > b2b_office_and_professional_service > b2b_international_trade_service,B2B International Trade Service
international_grocery_store,international_grocery_store,shopping > food_and_beverage_store > grocery_store > international_grocery_store,International Grocery Store
international_restaurant,international_fusion_restaurant,food_and_drink > restaurant > international_fusion_restaurant,International Fusion Restaurant
internet_cafe,internet_cafe,food_and_drink > casual_eatery > cafe > internet_cafe,Internet Cafe
internet_marketing_service,internet_marketing_service,services_and_business > professional_service > internet_marketing_service,Internet Marketing Service
internet_service_provider,internet_service_provider,services_and_business > technical_service > internet_service_provider,Internet Service Provider
inventory_control_service,inventory_control_service,services_and_business > b2b_service > b2b_industrial_and_machine_service > inventory_control_service,Inventory Control Service
investing,investing,services_and_business > financial_service > investing,Investing
investment_management_company,investment_management_company,services_and_business > financial_service > investment_management_company,Investment Management Company
ip_and_internet_law,ip_and_internet_law,services_and_business > legal_service > attorney_or_law_firm > ip_and_internet_law,Ip and Internet Law
irish_pub,irish_pub,food_and_drink > alcoholic_beverage_venue > bar > pub > irish_pub,Irish Pub
irish_restaurant,irish_restaurant,food_and_drink > restaurant > european_restaurant > western_european_restaurant > irish_restaurant,Irish Restaurant
iron_and_steel_industry,metal_fabricator,services_and_business > b2b_service > manufacturer > metal_fabricator,Metal Fabricator
iron_and_steel_store,iron_and_steel_store,services_and_business > b2b_service > wholesaler > iron_and_steel_store,Iron and Steel Store
iron_work,iron_fabricator,services_and_business > b2b_service > manufacturer > metal_fabricator > iron_fabricator,Iron Fabricator
ironworkers,ironworker,services_and_business > building_or_construction_service > ironworker,Ironworker
irrigation,irrigation_service,services_and_business > home_service > irrigation_service,Irrigation Service
irrigation_companies,irrigation_service,services_and_business > home_service > irrigation_service,Irrigation Service
island,island,geographic_entities > land_feature > island,Island
israeli_restaurant,israeli_restaurant,food_and_drink > restaurant > middle_eastern_restaurant > israeli_restaurant,Israeli Restaurant
it_consultant,it_consultant,services_and_business > technical_service > it_service_and_computer_repair > it_consultant,IT Consultant
it_service_and_computer_repair,it_service_and_computer_repair,services_and_business > technical_service > it_service_and_computer_repair,IT Service and Computer Repair
it_support_and_service,it_service_and_computer_repair,services_and_business > technical_service > it_service_and_computer_repair,IT Service and Computer Repair
italian_restaurant,italian_restaurant,food_and_drink > restaurant > european_restaurant > mediterranean_restaurant > italian_restaurant,Italian Restaurant
iv_hydration,iv_hydration,lifestyle_services > wellness_service > iv_hydration,IV Hydration
jail_and_prison,jail_or_prison,community_and_government > public_safety_service > jail_or_prison,Jail or Prison
jamaican_restaurant,jamaican_restaurant,food_and_drink > restaurant > latin_american_restaurant > caribbean_restaurant > jamaican_restaurant,Jamaican Restaurant
janitorial_services,janitorial_service,services_and_business > professional_service > cleaning_service > janitorial_service,Janitorial Service
japanese_confectionery_shop,japanese_confectionery_shop,food_and_drink > casual_eatery > candy_store > japanese_confectionery_shop,Japanese Confectionery Shop
japanese_grocery_store,japanese_grocery_store,shopping > food_and_beverage_store > grocery_store > japanese_grocery_store,Japanese Grocery Store
japanese_restaurant,japanese_restaurant,food_and_drink > restaurant > asian_restaurant > east_asian_restaurant > japanese_restaurant,Japanese Restaurant
jazz_and_blues,jazz_and_blues_venue,arts_and_entertainment > performing_arts_venue > music_venue > jazz_and_blues_venue,Jazz and Blues Venue
jehovahs_witness_kingdom_hall,jehovahs_witness_place_of_worship,cultural_and_historic > place_of_worship > christian_place_of_worship > restorationist_place_of_worship > jehovahs_witness_place_of_worship,Jehovahs Witness Place of Worship
jet_skis_rental,jet_skis_rental,sports_and_recreation > recreational_equipment_rental > jet_skis_rental,Jet Skis Rental
jewelry_and_watches_manufacturer,jewelry_and_watches_manufacturer,services_and_business > b2b_service > manufacturer > jewelry_and_watches_manufacturer,Jewelry and Watches Manufacturer
jewelry_manufacturer,jewelry_manufacturer,services_and_business > b2b_service > manufacturer > jewelry_manufacturer,Jewelry Manufacturer
jewelry_repair_service,jewelry_repair_service,services_and_business > technical_service > jewelry_repair_service,Jewelry Repair Service
jewelry_store,jewelry_store,shopping > fashion_and_apparel_store > jewelry_store,Jewelry Store
jewish_restaurant,jewish_restaurant,food_and_drink > restaurant > special_diet_restaurant > jewish_restaurant,Jewish Restaurant
junk_removal_and_hauling,junk_removal_and_hauling,services_and_business > home_service > junk_removal_and_hauling,Junk Removal and Hauling
junkyard,junkyard,shopping > second_hand_store > junkyard,Junkyard
juvenile_detention_center,juvenile_detention_center,community_and_government > public_safety_service > jail_or_prison > juvenile_detention_center,Juvenile Detention Center
karaoke,karaoke_venue,arts_and_entertainment > performing_arts_venue > music_venue > karaoke_venue,Karaoke Venue
karaoke_rental,karaoke_rental,services_and_business > event_or_party_service > karaoke_rental,Karaoke Rental
karate_club,karate_club,sports_and_recreation > sport_or_recreation_club > martial_arts_club > karate_club,Karate Club
key_and_locksmith,key_and_locksmith,services_and_business > home_service > key_and_locksmith,Key and Locksmith
kickboxing_club,kickboxing_club,sports_and_recreation > sport_or_recreation_club > martial_arts_club > kickboxing_club,Kickboxing Club
kids_hair_salon,kids_hair_salon,lifestyle_services > personal_or_beauty_service > hair_salon > kids_hair_salon,Kids Hair Salon
kids_recreation_and_party,kids_recreation_and_party,services_and_business > event_or_party_service > kids_recreation_and_party,Kids Recreation and Party
kiosk,kiosk,shopping > kiosk,Kiosk
kitchen_and_bath,kitchen_and_bath_store,shopping > specialty_store > hardware_home_and_garden_store > kitchen_and_bath_store,Kitchen and Bath Store
kitchen_incubator,kitchen_incubator,services_and_business > real_estate_service > kitchen_incubator,Kitchen Incubator
kitchen_remodeling,kitchen_remodeling,services_and_business > home_service > kitchen_remodeling,Kitchen Remodeling
kitchen_supply_store,kitchen_supply_store,shopping > specialty_store > hardware_home_and_garden_store > kitchen_and_bath_store > kitchen_supply_store,Kitchen Supply Store
kiteboarding,kiteboarding,sports_and_recreation > sport_or_fitness_facility > kiteboarding,Kiteboarding
kiteboarding_instruction,kiteboarding_instruction,sports_and_recreation > sport_or_fitness_facility > kiteboarding_instruction,Kiteboarding Instruction
knife_sharpening,knife_sharpening,services_and_business > home_service > knife_sharpening,Knife Sharpening
knitting_supply,knitting_supply_store,shopping > specialty_store > arts_crafts_and_hobby_store > craft_store > knitting_supply_store,Knitting Supply Store
kofta_restaurant,kofta_restaurant,food_and_drink > restaurant > middle_eastern_restaurant > kofta_restaurant,Kofta Restaurant
kombucha,kombucha_bar,food_and_drink > non_alcoholic_beverage_venue > kombucha_bar,Kombucha Bar
korean_grocery_store,korean_grocery_store,shopping > food_and_beverage_store > grocery_store > korean_grocery_store,Korean Grocery Store
korean_restaurant,korean_restaurant,food_and_drink > restaurant > asian_restaurant > east_asian_restaurant > korean_restaurant,Korean Restaurant
kosher_grocery_store,kosher_grocery_store,shopping > food_and_beverage_store > grocery_store > kosher_grocery_store,Kosher Grocery Store
kosher_restaurant,kosher_restaurant,food_and_drink > restaurant > special_diet_restaurant > kosher_restaurant,Kosher Restaurant
kurdish_restaurant,kurdish_restaurant,food_and_drink > restaurant > middle_eastern_restaurant > kurdish_restaurant,Kurdish Restaurant
labor_union,labor_union,community_and_government > civic_organization > labor_union,Labor Union
laboratory,laboratory,services_and_business > technical_service > laboratory,Laboratory
laboratory_equipment_supplier,laboratory_equipment_supplier,services_and_business > b2b_service > supplier_or_distributor > laboratory_equipment_supplier,Laboratory Equipment Supplier
laboratory_testing,laboratory_testing,health_care > outpatient_care_facility > diagnostics_imaging_or_lab_service > laboratory_testing,Laboratory Testing
lactation_services,lactation_service,health_care > outpatient_care_facility > reproductive_perinatal_and_womens_care > lactation_service,Lactation Service
lake,lake,geographic_entities > water_feature > lake,Lake
land_surveying,land_surveying,services_and_business > real_estate_service > land_surveying,Land Surveying
landmark_and_historical_building,historic_site,cultural_and_historic > historic_site,Historic Site
landscape_architect,landscape_architect,services_and_business > home_service > landscaping > landscape_architect,Landscape Architect
landscaping,landscaping,services_and_business > home_service > landscaping,Landscaping
language_school,language_school,education > place_of_learning > specialty_school > language_school,Language School
laotian_restaurant,laotian_restaurant,food_and_drink > restaurant > asian_restaurant > southeast_asian_restaurant > laotian_restaurant,Laotian Restaurant
laser_cutting_service_provider,laser_cutting_service,services_and_business > b2b_service > b2b_industrial_and_machine_service > laser_cutting_service,Laser Cutting Service
laser_eye_surgery_lasik,refractive_surgery_or_lasik,health_care > outpatient_care_facility > vision_or_eye_care_clinic > ophthalmology > refractive_surgery_or_lasik,Refractive Surgery or Lasik
laser_hair_removal,laser_hair_removal,lifestyle_services > personal_or_beauty_service > hair_removal > laser_hair_removal,Laser Hair Removal
laser_tag,laser_tag,sports_and_recreation > sport_or_fitness_facility > laser_tag,Laser Tag
latin_american_restaurant,latin_american_restaurant,food_and_drink > restaurant > latin_american_restaurant,Latin American Restaurant
laundromat,laundromat,services_and_business > laundry_service > laundromat,Laundromat
laundry_services,laundry_service,services_and_business > laundry_service,Laundry Service
law_enforcement,police_station,community_and_government > public_safety_service > police_station,Police Station
law_schools,law_school,education > place_of_learning > college_university > law_school,Law School
lawn_bowling_club,lawn_bowling_club,sports_and_recreation > sport_or_recreation_club > lawn_bowling_club,Lawn Bowling Club
lawn_mower_repair_service,lawn_mower_repair_service,services_and_business > home_service > lawn_mower_repair_service,Lawn Mower Repair Service
lawn_mower_store,lawn_mower_store,shopping > specialty_store > hardware_home_and_garden_store > lawn_mower_store,Lawn Mower Store
lawn_service,lawn_service,services_and_business > home_service > landscaping > lawn_service,Lawn Service
lawyer,attorney_or_law_firm,services_and_business > legal_service > attorney_or_law_firm,Attorney or Law Firm
leather_goods,leather_goods_store,shopping > fashion_and_apparel_store > leather_goods_store,Leather Goods Store
leather_products_manufacturer,leather_products_manufacturer,services_and_business > b2b_service > manufacturer > leather_products_manufacturer,Leather Products Manufacturer
lebanese_restaurant,lebanese_restaurant,food_and_drink > restaurant > middle_eastern_restaurant > lebanese_restaurant,Lebanese Restaurant
legal_services,legal_service,services_and_business > legal_service,Legal Service
library,library,education > library,Library
lice_treatment,specialized_health_care,health_care > outpatient_care_facility > specialized_health_care,Specialized Health Care
life_coach,life_coach,lifestyle_services > personal_or_beauty_service > life_coach,Life Coach
life_insurance,life_insurance,services_and_business > financial_service > insurance_agency > life_insurance,Life Insurance
light_rail_and_subway_stations,light_rail_and_subway_station,travel_and_transportation > ground_transport_facility_or_service > public_transit_facility_or_service > light_rail_and_subway_station,Light Rail and Subway Station
lighthouse,lighthouse,cultural_and_historic > historic_site > lighthouse,Lighthouse
lighting_fixture_manufacturers,lighting_fixture_manufacturer,services_and_business > b2b_service > manufacturer > lighting_fixture_manufacturer,Lighting Fixture Manufacturer
lighting_fixtures_and_equipment,lighting_fixtures_and_equipment,services_and_business > home_service > lighting_fixtures_and_equipment,Lighting Fixtures and Equipment
lighting_store,lighting_store,shopping > specialty_store > hardware_home_and_garden_store > lighting_store,Lighting Store
lime_professionals,lime_professional,services_and_business > building_or_construction_service > lime_professional,Lime Professional
limo_services,limo_service,travel_and_transportation > ground_transport_facility_or_service > taxi_or_ride_share_service > limo_service,Limo Service
linen,linen_store,shopping > specialty_store > hardware_home_and_garden_store > linen_store,Linen Store
lingerie_store,lingerie_store,shopping > fashion_and_apparel_store > clothing_store > lingerie_store,Lingerie Store
lingerie_wholesaler,lingerie_wholesaler,services_and_business > b2b_service > wholesaler > lingerie_wholesaler,Lingerie Wholesaler
liquor_store,liquor_store,shopping > food_and_beverage_store > liquor_store,Liquor Store
live_and_raw_food_restaurant,live_and_raw_food_restaurant,food_and_drink > restaurant > special_diet_restaurant > live_and_raw_food_restaurant,Live and Raw Food Restaurant
livestock_breeder,livestock_breeder,services_and_business > b2b_service > b2b_agriculture_service > livestock_breeder,Livestock Breeder
livestock_dealers,livestock_dealer,services_and_business > b2b_service > b2b_agriculture_service > livestock_dealer,Livestock Dealer
livestock_feed_and_supply_store,livestock_feed_and_supply_store,shopping > specialty_store > animal_and_pet_store > livestock_feed_and_supply_store,Livestock Feed and Supply Store
local_and_state_government_offices,government_office,community_and_government > government_office,Government Office
lodge,lodge,lodging > lodge,Lodge
logging_contractor,logging_contractor,services_and_business > b2b_service > b2b_environmental_service > logging_contractor,Logging Contractor
logging_equipment_and_supplies,logging_equipment_and_supplies,services_and_business > b2b_service > b2b_environmental_service > logging_equipment_and_supplies,Logging Equipment and Supplies
logging_services,logging_service,services_and_business > b2b_service > b2b_environmental_service > logging_service,Logging Service
lookout,lookout,geographic_entities > built_feature > lookout,Lookout
lottery_ticket,lottery_vendor,arts_and_entertainment > gaming_venue > lottery_vendor,Lottery Vendor
lounge,lounge,food_and_drink > alcoholic_beverage_venue > lounge,Lounge
low_income_housing,low_income_housing,services_and_business > housing_or_property_service > low_income_housing,Low Income Housing
luggage_storage,luggage_storage,travel_and_transportation > travel_service > luggage_storage,Luggage Storage
luggage_store,luggage_store,shopping > fashion_and_apparel_store > luggage_store,Luggage Store
lumber_store,lumber_store,shopping > specialty_store > hardware_home_and_garden_store > building_supply_store > lumber_store,Lumber Store
macarons,macaron_shop,food_and_drink > casual_eatery > bakery > macaron_shop,Macaron Shop
machine_and_tool_rentals,machine_and_tool_rental,services_and_business > rental_service > machine_and_tool_rental,Machine and Tool Rental
machine_shop,machine_shop,services_and_business > technical_service > machine_shop,Machine Shop
magician,magician,services_and_business > event_or_party_service > magician,Magician
mailbox_center,mailbox_center,services_and_business > shipping_or_delivery_service > mailbox_center,Mailbox Center
major_airports,airport,travel_and_transportation > air_transport_facility_or_service > airport,Airport
makerspace,makerspace,arts_and_entertainment > science_attraction > makerspace,Makerspace
makeup_artist,makeup_artist,lifestyle_services > personal_or_beauty_service > skin_care_and_makeup > makeup_artist,Makeup Artist
malaysian_restaurant,malaysian_restaurant,food_and_drink > restaurant > asian_restaurant > southeast_asian_restaurant > malaysian_restaurant,Malaysian Restaurant
manufacturers_agents_and_representatives,manufacturer,services_and_business > b2b_service > manufacturer,Manufacturer
manufacturing_and_industrial_consultant,manufacturing_and_industrial_consultant,services_and_business > b2b_service > b2b_industrial_and_machine_service > manufacturing_and_industrial_consultant,Manufacturing and Industrial Consultant
marble_and_granite_professionals,marble_and_granite_professional,services_and_business > building_or_construction_service > marble_and_granite_professional,Marble and Granite Professional
marching_band,music_venue,arts_and_entertainment > performing_arts_venue > music_venue,Music Venue
marina,marina,geographic_entities > built_feature > marina,Marina
market_stall,market_stall,shopping > market > market_stall,Market Stall
marketing_agency,marketing_agency,services_and_business > professional_service > marketing_agency,Marketing Agency
marketing_consultant,b2b_marketing_consultant,services_and_business > b2b_service > b2b_office_and_professional_service > b2b_advertising_and_marketing_service > b2b_marketing_consultant,B2B Marketing Consultant
marriage_or_relationship_counselor,marriage_or_relationship_counseling,health_care > outpatient_care_facility > behavioral_or_mental_health_clinic > counseling > marriage_or_relationship_counseling,Marriage or Relationship Counseling
martial_arts_club,martial_arts_club,sports_and_recreation > sport_or_recreation_club > martial_arts_club,Martial Arts Club
masonry_concrete,masonry_concrete,services_and_business > home_service > masonry_concrete,Masonry Concrete
masonry_contractors,masonry_contractor,services_and_business > building_or_construction_service > masonry_contractor,Masonry Contractor
mass_media,media_service,services_and_business > media_service,Media Service
massage,massage_therapy,lifestyle_services > wellness_service > massage_therapy,Massage Therapy
massage_school,massage_school,education > place_of_learning > specialty_school > massage_school,Massage School
massage_therapy,massage_therapy,lifestyle_services > wellness_service > massage_therapy,Massage Therapy
matchmaker,matchmaker,lifestyle_services > personal_or_beauty_service > matchmaker,Matchmaker
maternity_centers,maternity_center,health_care > outpatient_care_facility > reproductive_perinatal_and_womens_care > maternity_center,Maternity Center
maternity_wear,maternity_wear,shopping > fashion_and_apparel_store > clothing_store > maternity_wear,Maternity Wear
mattress_manufacturing,mattress_manufacturing,services_and_business > b2b_service > manufacturer > mattress_manufacturing,Mattress Manufacturing
mattress_store,mattress_store,shopping > specialty_store > hardware_home_and_garden_store > mattress_store,Mattress Store
meat_restaurant,meat_restaurant,food_and_drink > restaurant > meat_restaurant,Meat Restaurant
meat_shop,butcher_shop,shopping > food_and_beverage_store > butcher_shop,Butcher Shop
meat_wholesaler,meat_wholesaler,services_and_business > b2b_service > wholesaler > meat_wholesaler,Meat Wholesaler
meatball_restaurant,meatball_restaurant,food_and_drink > restaurant > meat_restaurant > meatball_restaurant,Meatball Restaurant
mechanical_engineers,mechanical_engineer,services_and_business > building_or_construction_service > mechanical_engineer,Mechanical Engineer
media_agency,media_agency,services_and_business > media_service > media_news_company > media_agency,Media Agency
media_critic,media_critic,services_and_business > media_service > media_critic,Media Critic
media_news_company,media_news_company,services_and_business > media_service > media_news_company,Media News Company
media_news_website,media_news_website,services_and_business > media_service > media_news_website,Media News Website
media_restoration_service,media_restoration_service,services_and_business > media_service > media_restoration_service,Media Restoration Service
mediator,mediator,services_and_business > legal_service > mediator,Mediator
medical_cannabis_referral,medical_cannabis_referral,health_care > medical_service > medical_cannabis > medical_cannabis_referral,Medical Cannabis Referral
medical_center,outpatient_care_facility,health_care > outpatient_care_facility,Outpatient Care Facility
medical_law,medical_law,services_and_business > legal_service > attorney_or_law_firm > medical_law,Medical Law
medical_research_and_development,medical_research_institute,education > research_institute > medical_research_institute,Medical Research Institute
medical_school,medical_school,education > place_of_learning > specialty_school > medical_school,Medical School
medical_sciences_schools,medical_sciences_school,education > place_of_learning > college_university > medical_sciences_school,Medical Sciences School
medical_service_organizations,medical_service_organization,health_care > medical_service > medical_service_organization,Medical Service Organization
medical_spa,medical_spa,lifestyle_services > wellness_service > spa > medical_spa,Medical Spa
medical_supply,medical_supply_store,shopping > specialty_store > medical_supply_store,Medical Supply Store
medical_transportation,medical_transportation,health_care > medical_service > medical_transportation,Medical Transportation
meditation_center,meditation_center,lifestyle_services > wellness_service > meditation_center,Meditation Center
mediterranean_restaurant,mediterranean_restaurant,food_and_drink > restaurant > european_restaurant > mediterranean_restaurant,Mediterranean Restaurant
memorial_park,memorial_park,cultural_and_historic > memorial_site > memorial_park,Memorial Park
memory_care,memory_care_facility,services_and_business > housing_or_property_service > senior_living_facility > memory_care_facility,Memory Care Facility
mens_clothing_store,mens_clothing_store,shopping > fashion_and_apparel_store > clothing_store > mens_clothing_store,Men's Clothing Store
merchandising_service,merchandising_service,services_and_business > professional_service > merchandising_service,Merchandising Service
metal_detector_services,metal_detector_service,services_and_business > technical_service > metal_detector_service,Metal Detector Service
metal_fabricator,metal_fabricator,services_and_business > b2b_service > manufacturer > metal_fabricator,Metal Fabricator
metal_materials_and_experts,metal_material_expert,services_and_business > building_or_construction_service > metal_material_expert,Metal Material Expert
metal_plating_service,metal_plating_service,services_and_business > b2b_service > b2b_industrial_and_machine_service > metal_plating_service,Metal Plating Service
metal_supplier,metal_supplier,services_and_business > b2b_service > supplier_or_distributor > metal_supplier,Metal Supplier
metals,metal_fabricator,services_and_business > b2b_service > manufacturer > metal_fabricator,Metal Fabricator
metro_station,metro_station,travel_and_transportation > ground_transport_facility_or_service > public_transit_facility_or_service > metro_station,Metro Station
mexican_grocery_store,mexican_grocery_store,shopping > food_and_beverage_store > grocery_store > mexican_grocery_store,Mexican Grocery Store
mexican_restaurant,mexican_restaurant,food_and_drink > restaurant > latin_american_restaurant > mexican_restaurant,Mexican Restaurant
middle_eastern_restaurant,middle_eastern_restaurant,food_and_drink > restaurant > middle_eastern_restaurant,Middle Eastern Restaurant
middle_school,middle_school,education > place_of_learning > school > middle_school,Middle School
midwife,midwifery,health_care > outpatient_care_facility > reproductive_perinatal_and_womens_care > midwifery,Midwifery
military_museum,military_museum,arts_and_entertainment > museum > military_museum,Military Museum
military_surplus_store,military_surplus_store,shopping > specialty_store > tactical_supply_store > military_surplus_store,Military Surplus Store
milk_bar,milk_bar,food_and_drink > non_alcoholic_beverage_venue > milk_bar,Milk Bar
milkshake_bar,milkshake_bar,food_and_drink > non_alcoholic_beverage_venue > milkshake_bar,Milkshake Bar
mills,mill,services_and_business > b2b_service > manufacturer > mill,Mill
miniature_golf_course,miniature_golf_course,sports_and_recreation > sport_or_fitness_facility > miniature_golf_course,Miniature Golf Course
mining,b2b_mining,services_and_business > b2b_service > b2b_energy_and_utility_service > b2b_mining,B2B Mining
mission,historic_mission,cultural_and_historic > historic_site > historic_mission,Historic Mission
misting_system_services,misting_system_service,services_and_business > home_service > misting_system_service,Misting System Service
mobile_clinic,mobile_clinic,health_care > outpatient_care_facility > primary_care_or_general_clinic > mobile_clinic,Mobile Clinic
mobile_dent_repair,mobile_dent_repair,travel_and_transportation > vehicle_service > roadside_assistance > mobile_dent_repair,Mobile Dent Repair
mobile_home_dealer,mobile_home_dealer,services_and_business > real_estate_service > mobile_home_dealer,Mobile Home Dealer
mobile_home_park,mobile_home_park,services_and_business > housing_or_property_service > mobile_home_park,Mobile Home Park
mobile_home_repair,mobile_home_repair,services_and_business > home_service > mobile_home_repair,Mobile Home Repair
mobile_phone_accessories,mobile_phone_accessory_store,shopping > specialty_store > electronics_store > mobile_phone_accessory_store,Mobile Phone Accessory Store
mobile_phone_repair,mobile_phone_repair,services_and_business > technical_service > it_service_and_computer_repair > mobile_phone_repair,Mobile Phone Repair
mobile_phone_store,mobile_phone_store,shopping > specialty_store > electronics_store > mobile_phone_store,Mobile Phone Store
mobility_equipment_services,mobility_equipment_service,services_and_business > family_service > mobility_equipment_service,Mobility Equipment Service
modern_art_museum,modern_art_museum,arts_and_entertainment > museum > art_museum > modern_art_museum,Modern Art Museum
mohel,mohel,services_and_business > event_or_party_service > mohel,Mohel
molecular_gastronomy_restaurant,molecular_gastronomy_restaurant,food_and_drink > restaurant > special_diet_restaurant > molecular_gastronomy_restaurant,Molecular Gastronomy Restaurant
money_transfer_services,money_transfer_service,services_and_business > financial_service > money_transfer_service,Money Transfer Service
mongolian_restaurant,mongolian_restaurant,food_and_drink > restaurant > asian_restaurant > east_asian_restaurant > mongolian_restaurant,Mongolian Restaurant
montessori_school,montessori_school,education > place_of_learning > school > montessori_school,Montessori School
monument,monument,cultural_and_historic > memorial_site > monument,Monument
mooring_service,mooring_service,travel_and_transportation > vehicle_service > boat_service > mooring_service,Mooring Service
moroccan_restaurant,moroccan_restaurant,food_and_drink > restaurant > african_restaurant > north_african_restaurant > moroccan_restaurant,Moroccan Restaurant
mortgage_broker,mortgage_broker,services_and_business > financial_service > mortgage_broker,Mortgage Broker
mortgage_lender,mortgage_lender,services_and_business > financial_service > installment_loans > mortgage_lender,Mortgage Lender
mortuary_services,mortuary_service,services_and_business > family_service > funeral_service > mortuary_service,Mortuary Service
mosque,muslim_place_of_worship,cultural_and_historic > place_of_worship > muslim_place_of_worship,Muslim Place of Worship
motel,motel,lodging > hotel > motel,Motel
motor_freight_trucking,motor_freight_trucking,services_and_business > b2b_service > b2b_transportation_and_storage_service > motor_freight_trucking,Motor Freight Trucking
motorcycle_dealer,motorcycle_dealer,shopping > vehicle_dealer > motorcycle_dealer,Motorcycle Dealer
motorcycle_gear,motorcycle_parts_store,shopping > specialty_store > vehicle_parts_store > motorcycle_parts_store,Motorcycle Parts Store
motorcycle_manufacturer,motorcycle_manufacturer,services_and_business > b2b_service > manufacturer > vehicle_manufacturer > motorcycle_manufacturer,Motorcycle Manufacturer
motorcycle_parking,motorcycle_parking,travel_and_transportation > parking > motorcycle_parking,Motorcycle Parking
motorcycle_rentals,motorcycle_rental_service,services_and_business > rental_service > vehicle_rental_service > motorcycle_rental_service,Motorcycle Rental Service
motorcycle_repair,motorcycle_repair,travel_and_transportation > vehicle_service > motorcycle_service > motorcycle_repair,Motorcycle Repair
motorsport_vehicle_dealer,motorsport_vehicle_dealer,shopping > vehicle_dealer > motorsport_vehicle_dealer,Motorsport Vehicle Dealer
motorsport_vehicle_repair,motorsport_vehicle_repair,travel_and_transportation > vehicle_service > automotive_service > automotive_repair > motorsport_vehicle_repair,Motorsport Vehicle Repair
motorsports_store,motorsports_store,shopping > specialty_store > vehicle_parts_store > motorsports_store,Motorsports Store
mountain,mountain,geographic_entities > land_feature > mountain,Mountain
mountain_bike_parks,mountain_bike_park,sports_and_recreation > park > mountain_bike_park,Mountain Bike Park
mountain_bike_trails,mountain_bike_trail,sports_and_recreation > recreational_trail_or_path > mountain_bike_trail,Mountain Bike Trail
mountain_huts,mountain_hut,lodging > mountain_hut,Mountain Hut
movers,mover,services_and_business > home_service > mover,Mover
movie_critic,movie_critic,services_and_business > media_service > media_critic > movie_critic,Movie Critic
movie_television_studio,movie_television_studio,services_and_business > media_service > media_news_company > movie_television_studio,Movie Television Studio
muay_thai_club,muay_thai_club,sports_and_recreation > sport_or_recreation_club > martial_arts_club > muay_thai_club,Muay Thai Club
mulled_wine,beer_wine_spirits_store,shopping > food_and_beverage_store > beer_wine_spirits_store,Beer Wine Spirits Store
museum,museum,arts_and_entertainment > museum,Museum
music_and_dvd_store,music_and_dvd_store,shopping > specialty_store > books_music_and_video_store > music_and_dvd_store,Music and DVD Store
music_critic,music_critic,services_and_business > media_service > media_critic > music_critic,Music Critic
music_festivals_and_organizations,music_festival_venue,arts_and_entertainment > festival_venue > music_festival_venue,Music Festival Venue
music_production,music_production,services_and_business > media_service > media_news_company > music_production,Music Production
music_production_services,music_production_service,services_and_business > media_service > music_production_service,Music Production Service
music_school,music_school,education > place_of_learning > specialty_school > music_school,Music School
music_venue,music_venue,arts_and_entertainment > performing_arts_venue > music_venue,Music Venue
musical_band_orchestras_and_symphonies,band_orchestra_symphony,arts_and_entertainment > performing_arts_venue > music_venue > band_orchestra_symphony,Band Orchestra Symphony
musical_instrument_services,musical_instrument_service,services_and_business > media_service > musical_instrument_service,Musical Instrument Service
musical_instrument_store,musical_instrument_store,shopping > specialty_store > musical_instrument_and_pro_audio_store > musical_instrument_store,Musical Instrument Store
musician,musician,services_and_business > event_or_party_service > musician,Musician
mystic,spiritual_advising,arts_and_entertainment > spiritual_advising,Spiritual Advising
nail_salon,nail_salon,lifestyle_services > personal_or_beauty_service > nail_salon,Nail Salon
nanny_services,nanny_service,services_and_business > family_service > nanny_service,Nanny Service
nasi_restaurant,nasi_restaurant,food_and_drink > restaurant > asian_restaurant > southeast_asian_restaurant > nasi_restaurant,Nasi Restaurant
national_museum,national_museum,arts_and_entertainment > museum > national_museum,National Museum
national_park,national_park,sports_and_recreation > park > national_park,National Park
national_security_services,national_security_service,community_and_government > government_office > national_security_service,National Security Service
natural_gas_supplier,natural_gas_utility_provider,community_and_government > public_utility > natural_gas_utility_provider,Natural Gas Utility Provider
natural_hot_springs,hot_springs,geographic_entities > water_feature > hot_springs,Hot Springs
nature_reserve,nature_reserve,geographic_entities > land_feature > nature_reserve,Nature Reserve
naturopathic_holistic,naturopathic_medicine,health_care > outpatient_care_facility > complementary_and_alternative_medicine > naturopathic_medicine,Naturopathic Medicine
nephrologist,nephrology,health_care > outpatient_care_facility > specialized_health_care > nephrology,Nephrology
neurologist,neurology,health_care > outpatient_care_facility > specialized_health_care > neurology,Neurology
neuropathologist,neuropathology,health_care > outpatient_care_facility > specialized_health_care > neurology > neuropathology,Neuropathology
neurotologist,neurotology,health_care > outpatient_care_facility > specialized_health_care > ear_nose_and_throat > otolaryngology > neurotology,Neurotology
newspaper_advertising,b2b_newspaper_advertising,services_and_business > b2b_service > b2b_office_and_professional_service > b2b_advertising_and_marketing_service > b2b_newspaper_advertising,B2B Newspaper Advertising
newspaper_and_magazines_store,newspaper_and_magazines_store,shopping > specialty_store > books_music_and_video_store > newspaper_and_magazines_store,Newspaper and Magazines Store
nicaraguan_restaurant,nicaraguan_restaurant,food_and_drink > restaurant > latin_american_restaurant > central_american_restaurant > nicaraguan_restaurant,Nicaraguan Restaurant
nigerian_restaurant,nigerian_restaurant,food_and_drink > restaurant > african_restaurant > west_african_restaurant > nigerian_restaurant,Nigerian Restaurant
night_market,night_market,shopping > market > night_market,Night Market
non_governmental_association,non_governmental_association,community_and_government > civic_organization > non_governmental_association,Non Governmental Association
noodles_restaurant,ramen_restaurant,food_and_drink > restaurant > asian_restaurant > ramen_restaurant,Ramen Restaurant
norwegian_restaurant,norwegian_restaurant,food_and_drink > restaurant > european_restaurant > scandinavian_restaurant > norwegian_restaurant,Norwegian Restaurant
notary_public,notary_public,services_and_business > legal_service > notary_public,Notary Public
nudist_clubs,naturist_club,sports_and_recreation > sport_or_recreation_club > naturist_club,Naturist Club
nurse_practitioner,nursing,health_care > outpatient_care_facility > specialized_health_care > nursing,Nursing
nursery_and_gardening,nursery_and_gardening_store,shopping > specialty_store > hardware_home_and_garden_store > nursery_and_gardening_store,Nursery and Gardening Store
nursing_school,nursing_school,education > place_of_learning > specialty_school > nursing_school,Nursing School
nutritionist,nutrition_service,lifestyle_services > wellness_service > nutrition_service,Nutrition Service
observatory,observatory,arts_and_entertainment > science_attraction > observatory,Observatory
obstetrician_and_gynecologist,obstetrics_and_gynecology,health_care > outpatient_care_facility > reproductive_perinatal_and_womens_care > obstetrics_and_gynecology,Obstetrics and Gynecology
occupational_medicine,occupational_medicine,health_care > outpatient_care_facility > specialized_health_care > preventive_medicine > occupational_medicine,Occupational Medicine
occupational_safety,occupational_safety,services_and_business > b2b_service > b2b_industrial_and_machine_service > occupational_safety,Occupational Safety
occupational_therapy,occupational_therapy,health_care > outpatient_care_facility > physical_medicine_and_rehabilitation > occupational_therapy,Occupational Therapy
office_cleaning,office_cleaning,services_and_business > professional_service > cleaning_service > office_cleaning,Office Cleaning
office_equipment,office_supply_store,shopping > specialty_store > office_supply_store,Office Supply Store
office_of_vital_records,office_of_vital_records,community_and_government > government_office > office_of_vital_records,Office of Vital Records
officiating_services,officiating_service,services_and_business > event_or_party_service > officiating_service,Officiating Service
oil_and_gas,b2b_oil_and_gas,services_and_business > b2b_service > b2b_energy_and_utility_service > b2b_oil_and_gas,B2B Oil and Gas
oil_and_gas_exploration_and_development,b2b_oil_and_gas_exploration_and_development,services_and_business > b2b_service > b2b_energy_and_utility_service > b2b_oil_and_gas > b2b_oil_and_gas_exploration_and_development,B2B Oil and Gas Exploration and Development
oil_and_gas_field_equipment_and_services,b2b_oil_and_gas_equipment,services_and_business > b2b_service > b2b_energy_and_utility_service > b2b_oil_and_gas > b2b_oil_and_gas_equipment,B2B Oil and Gas Equipment
oil_change_station,oil_change_station,travel_and_transportation > vehicle_service > automotive_service > oil_change_station,Oil Change Station
oil_refiners,b2b_oil_refinery,services_and_business > b2b_service > b2b_energy_and_utility_service > b2b_oil_and_gas > b2b_oil_refinery,B2B Oil Refinery
olive_oil,olive_oil_store,shopping > food_and_beverage_store > olive_oil_store,Olive Oil Store
oncologist,oncology,health_care > outpatient_care_facility > specialized_health_care > internal_medicine > oncology,Oncology
online_shop,shopping,shopping,Shopping
onsen,onsen,lifestyle_services > wellness_service > public_bath_house > onsen,Onsen
opera_and_ballet,opera_and_ballet,arts_and_entertainment > performing_arts_venue > music_venue > opera_and_ballet,Opera and Ballet
ophthalmologist,ophthalmology,health_care > outpatient_care_facility > vision_or_eye_care_clinic > ophthalmology,Ophthalmology
optical_wholesaler,optical_wholesaler,services_and_business > b2b_service > wholesaler > optical_wholesaler,Optical Wholesaler
optometrist,optometry,health_care > outpatient_care_facility > vision_or_eye_care_clinic > optometry,Optometry
oral_surgeon,oral_and_maxillofacial_surgery,health_care > specialized_medical_facility > surgery > oral_and_maxillofacial_surgery,Oral and Maxillofacial Surgery
orchard,orchard,services_and_business > agricultural_service > farm > orchard,Orchard
orchards_production,orchards_production,services_and_business > b2b_service > b2b_agriculture_service > crops_production > orchards_production,Orchards Production
organ_and_tissue_donor_service,organ_and_tissue_donor_service,health_care > specialized_medical_facility > organ_and_tissue_donor_service,Organ and Tissue Donor Service
organic_grocery_store,organic_grocery_store,shopping > food_and_beverage_store > grocery_store > organic_grocery_store,Organic Grocery Store
organization,civic_organization,community_and_government > civic_organization,Civic Organization
oriental_restaurant,asian_restaurant,food_and_drink > restaurant > asian_restaurant,Asian Restaurant
orthodontist,orthodontics,health_care > outpatient_care_facility > dental_clinic > orthodontics,Orthodontics
orthopedic_shoe_store,orthopedic_shoe_store,shopping > fashion_and_apparel_store > shoe_store > orthopedic_shoe_store,Orthopedic Shoe Store
orthopedist,orthopedics,health_care > outpatient_care_facility > specialized_health_care > musculoskeletal_medicine > orthopedics,Orthopedics
orthotics,orthotics,health_care > outpatient_care_facility > physical_medicine_and_rehabilitation > orthotics,Orthotics
osteopath,osteopathic_medicine,health_care > outpatient_care_facility > specialized_health_care > osteopathic_medicine,Osteopathic Medicine
osteopathic_physician,osteopathic_medicine,health_care > outpatient_care_facility > specialized_health_care > osteopathic_medicine,Osteopathic Medicine
otologist,otology,health_care > outpatient_care_facility > specialized_health_care > ear_nose_and_throat > otolaryngology > otology,Otology
outdoor_advertising,b2b_outdoor_advertising,services_and_business > b2b_service > b2b_office_and_professional_service > b2b_advertising_and_marketing_service > b2b_outdoor_advertising,B2B Outdoor Advertising
outdoor_furniture_store,outdoor_furniture_store,shopping > specialty_store > hardware_home_and_garden_store > outdoor_furniture_store,Outdoor Furniture Store
outdoor_gear,outdoor_store,shopping > specialty_store > sporting_goods_store > outdoor_store,Outdoor Store
outdoor_movies,outdoor_movie_space,arts_and_entertainment > movie_theater > outdoor_movie_space,Outdoor Movie Space
outlet_store,outlet_store,shopping > specialty_store > outlet_store,Outlet Store
oxygen_bar,oxygen_bar,lifestyle_services > wellness_service > oxygen_bar,Oxygen Bar
package_locker,package_locker,services_and_business > storage_facility > package_locker,Package Locker
packaging_contractors_and_service,packaging_contractors_and_service,services_and_business > shipping_or_delivery_service > packaging_contractors_and_service,Packaging Contractors and Service
packing_services,packing_service,services_and_business > home_service > packing_service,Packing Service
packing_supply,packing_supply_store,shopping > specialty_store > office_supply_store > packing_supply_store,Packing Supply Store
paddle_tennis_club,paddle_tennis_club,sports_and_recreation > sport_or_recreation_club > paddle_tennis_club,Paddle Tennis Club
paddleboard_rental,paddleboard_rental,sports_and_recreation > recreational_equipment_rental > paddleboard_rental,Paddleboard Rental
paddleboarding_center,paddleboarding_center,sports_and_recreation > sport_or_fitness_facility > paddleboarding_center,Paddleboarding Center
paddleboarding_lessons,paddleboarding_lessons,sports_and_recreation > sport_or_fitness_facility > paddleboarding_lessons,Paddleboarding Lessons
pain_management,pain_management,health_care > outpatient_care_facility > specialized_health_care > pain_management,Pain Management
paint_and_sip,paint_and_sip_venue,arts_and_entertainment > arts_and_crafts_space > paint_and_sip_venue,Paint and Sip Venue
paint_store,paint_store,shopping > specialty_store > hardware_home_and_garden_store > paint_store,Paint Store
paint_your_own_pottery,paint_your_own_pottery_venue,arts_and_entertainment > arts_and_crafts_space > paint_your_own_pottery_venue,Paint Your Own Pottery Venue
paintball,paintball,sports_and_recreation > sport_or_fitness_facility > paintball,Paintball
painting,painting,services_and_business > home_service > painting,Painting
pakistani_restaurant,pakistani_restaurant,food_and_drink > restaurant > asian_restaurant > south_asian_restaurant > pakistani_restaurant,Pakistani Restaurant
palace,palace,cultural_and_historic > historic_site > palace,Palace
pan_asian_restaurant,pan_asian_restaurant,food_and_drink > restaurant > international_fusion_restaurant > pan_asian_restaurant,Pan Asian Restaurant
panamanian_restaurant,panamanian_restaurant,food_and_drink > restaurant > latin_american_restaurant > central_american_restaurant > panamanian_restaurant,Panamanian Restaurant
pancake_house,pancake_house,food_and_drink > restaurant > breakfast_and_brunch_restaurant > pancake_house,Pancake House
paper_mill,paper_mill,services_and_business > b2b_service > manufacturer > mill > paper_mill,Paper Mill
paraguayan_restaurant,paraguayan_restaurant,food_and_drink > restaurant > latin_american_restaurant > south_american_restaurant > paraguayan_restaurant,Paraguayan Restaurant
paralegal_services,paralegal_service,services_and_business > legal_service > attorney_or_law_firm > paralegal_service,Paralegal Service
parasailing_ride_service,parasailing_ride_service,sports_and_recreation > sport_or_fitness_facility > parasailing_ride_service,Parasailing Ride Service
parenting_classes,parenting_class,education > place_of_learning > specialty_school > parenting_class,Parenting Class
park,park,sports_and_recreation > park,Park
park_and_rides,park_and_ride,travel_and_transportation > parking > park_and_ride,Park and Ride
parking,parking,travel_and_transportation > parking,Parking
party_and_event_planning,party_and_event_planning,services_and_business > event_or_party_service > party_and_event_planning,Party and Event Planning
party_bike_rental,party_bike_rental,services_and_business > event_or_party_service > party_bike_rental,Party Bike Rental
party_bus_rental,party_bus_rental,services_and_business > event_or_party_service > party_bus_rental,Party Bus Rental
party_character,party_character,services_and_business > event_or_party_service > party_character,Party Character
party_equipment_rental,party_equipment_rental,services_and_business > event_or_party_service > party_equipment_rental,Party Equipment Rental
party_supply,party_supply_store,shopping > specialty_store > party_supply_store,Party Supply Store
passport_and_visa_services,passport_and_visa_service,travel_and_transportation > travel_service > passport_and_visa_service,Passport and Visa Service
pasta_shop,pasta_store,shopping > food_and_beverage_store > specialty_foods_store > pasta_store,Pasta Store
patent_law,patent_law,services_and_business > legal_service > patent_law,Patent Law
paternity_tests_and_services,paternity_testing,health_care > outpatient_care_facility > diagnostics_imaging_or_lab_service > laboratory_testing > paternity_testing,Paternity Testing
pathologist,pathology,health_care > outpatient_care_facility > diagnostics_imaging_or_lab_service > pathology,Pathology
patio_covers,patio_covers,services_and_business > home_service > patio_covers,Patio Covers
patisserie_cake_shop,patisserie_cake_shop,shopping > food_and_beverage_store > patisserie_cake_shop,Patisserie Cake Shop
paving_contractor,paving_contractor,services_and_business > home_service > contractor > paving_contractor,Paving Contractor
pawn_shop,pawn_shop,shopping > second_hand_store > pawn_shop,Pawn Shop
payroll_services,payroll_service,services_and_business > professional_service > payroll_service,Payroll Service
pediatric_anesthesiology,pediatric_anesthesiology,health_care > outpatient_care_facility > pediatric_clinic > pediatric_anesthesiology,Pediatric Anesthesiology
pediatric_cardiology,pediatric_cardiology,health_care > outpatient_care_facility > pediatric_clinic > pediatric_cardiology,Pediatric Cardiology
pediatric_dentist,pediatric_dentistry,health_care > outpatient_care_facility > dental_clinic > pediatric_dentistry,Pediatric Dentistry
pediatric_endocrinology,pediatric_endocrinology,health_care > outpatient_care_facility > pediatric_clinic > pediatric_endocrinology,Pediatric Endocrinology
pediatric_gastroenterology,pediatric_gastroenterology,health_care > outpatient_care_facility > pediatric_clinic > pediatric_gastroenterology,Pediatric Gastroenterology
pediatric_infectious_disease,pediatric_infectious_disease,health_care > outpatient_care_facility > pediatric_clinic > pediatric_infectious_disease,Pediatric Infectious Disease
pediatric_nephrology,pediatric_nephrology,health_care > outpatient_care_facility > pediatric_clinic > pediatric_nephrology,Pediatric Nephrology
pediatric_neurology,pediatric_neurology,health_care > outpatient_care_facility > pediatric_clinic > pediatric_neurology,Pediatric Neurology
pediatric_oncology,pediatric_oncology,health_care > outpatient_care_facility > pediatric_clinic > pediatric_oncology,Pediatric Oncology
pediatric_orthopedic_surgery,pediatric_orthopedic_surgery,health_care > specialized_medical_facility > surgery > orthopedic_surgery > pediatric_orthopedic_surgery,Pediatric Orthopedic Surgery
pediatric_pulmonology,pediatric_pulmonology,health_care > outpatient_care_facility > pediatric_clinic > pediatric_pulmonology,Pediatric Pulmonology
pediatric_radiology,pediatric_radiology,health_care > outpatient_care_facility > pediatric_clinic > pediatric_radiology,Pediatric Radiology
pediatric_surgery,pediatric_surgery,health_care > specialized_medical_facility > surgery > pediatric_surgery,Pediatric Surgery
pediatrician,pediatric_clinic,health_care > outpatient_care_facility > pediatric_clinic,Pediatric Clinic
pedicab_service,pedicab_service,travel_and_transportation > ground_transport_facility_or_service > taxi_or_ride_share_service > pedicab_service,Pedicab Service
pen_store,pen_store,shopping > specialty_store > office_supply_store > pen_store,Pen Store
pension,pension_office,community_and_government > government_office > pension_office,Pension Office
pentecostal_church,pentecostal_place_of_worship,cultural_and_historic > place_of_worship > christian_place_of_worship > protestant_place_of_worship > pentecostal_place_of_worship,Pentecostal Place of Worship
performing_arts,performing_arts_venue,arts_and_entertainment > performing_arts_venue,Performing Arts Venue
perfume_store,cosmetics_and_fragrance_store,shopping > specialty_store > personal_care_and_beauty_store > beauty_supply_store > cosmetics_and_fragrance_store,Cosmetics and Fragrance Store
periodontist,periodontics,health_care > outpatient_care_facility > dental_clinic > periodontics,Periodontics
permanent_makeup,permanent_makeup,lifestyle_services > personal_or_beauty_service > skin_care_and_makeup > permanent_makeup,Permanent Makeup
persian_iranian_restaurant,persian_restaurant,food_and_drink > restaurant > middle_eastern_restaurant > persian_restaurant,Persian Restaurant
personal_assistant,personal_assistant,services_and_business > home_service > personal_assistant,Personal Assistant
personal_care_service,personal_or_beauty_service,lifestyle_services > personal_or_beauty_service,Personal or Beauty Service
personal_chef,personal_chef,services_and_business > event_or_party_service > personal_chef,Personal Chef
personal_injury_law,personal_injury_law,services_and_business > legal_service > attorney_or_law_firm > personal_injury_law,Personal Injury Law
personal_shopper,personal_shopper,shopping > shopping_service > personal_shopper,Personal Shopper
peruvian_restaurant,peruvian_restaurant,food_and_drink > restaurant > latin_american_restaurant > south_american_restaurant > peruvian_restaurant,Peruvian Restaurant
pest_control_service,pest_control_service,services_and_business > home_service > pest_control_service,Pest Control Service
pet_adoption,pet_adoption,lifestyle_services > animal_or_pet_service > animal_adoption_or_rescue > pet_adoption,Pet Adoption
pet_boarding,pet_boarding,lifestyle_services > animal_or_pet_service > pet_care_service > pet_boarding,Pet Boarding
pet_breeder,pet_breeder,lifestyle_services > animal_or_pet_service > pet_breeder,Pet Breeder
pet_cemetery_and_crematorium_services,pet_cemetery_and_crematorium_service,lifestyle_services > animal_or_pet_service > pet_cemetery_and_crematorium_service,Pet Cemetery and Crematorium Service
pet_groomer,pet_groomer,lifestyle_services > animal_or_pet_service > pet_care_service > pet_groomer,Pet Groomer
pet_hospice,pet_hospice,lifestyle_services > animal_or_pet_service > veterinary_care > pet_hospice,Pet Hospice
pet_insurance,pet_insurance,lifestyle_services > animal_or_pet_service > pet_insurance,Pet Insurance
pet_photography,pet_photography,lifestyle_services > animal_or_pet_service > pet_photography,Pet Photography
pet_services,animal_or_pet_service,lifestyle_services > animal_or_pet_service,Animal or Pet Service
pet_sitting,pet_sitting,lifestyle_services > animal_or_pet_service > pet_care_service > pet_sitting,Pet Sitting
pet_store,pet_store,shopping > specialty_store > animal_and_pet_store > pet_store,Pet Store
pet_training,pet_training,lifestyle_services > animal_or_pet_service > pet_care_service > pet_training,Pet Training
pet_transportation,pet_transportation,lifestyle_services > animal_or_pet_service > pet_care_service > pet_transportation,Pet Transportation
pet_waste_removal,pet_waste_removal,lifestyle_services > animal_or_pet_service > pet_care_service > pet_waste_removal,Pet Waste Removal
pets,animal_or_pet_service,lifestyle_services > animal_or_pet_service,Animal or Pet Service
petting_zoo,petting_zoo,arts_and_entertainment > animal_attraction > zoo > petting_zoo,Petting Zoo
pharmaceutical_companies,pharmaceutical_company,services_and_business > corporate_or_business_office > pharmaceutical_company,Pharmaceutical Company
pharmaceutical_products_wholesaler,pharmaceutical_products_wholesaler,services_and_business > b2b_service > wholesaler > pharmaceutical_products_wholesaler,Pharmaceutical Products Wholesaler
pharmacy,pharmacy,shopping > specialty_store > pharmacy_and_drug_store > pharmacy,Pharmacy
pharmacy_schools,pharmacy_school,education > place_of_learning > college_university > medical_sciences_school > pharmacy_school,Pharmacy School
phlebologist,phlebology,health_care > outpatient_care_facility > specialized_health_care > cardiovascular_and_vascular_medicine > phlebology,Phlebology
photo_booth_rental,photo_booth_rental,services_and_business > event_or_party_service > photo_booth_rental,Photo Booth Rental
photographer,photography_service,services_and_business > media_service > photography_service,Photography Service
photography_classes,photography_class,education > place_of_learning > specialty_school > photography_class,Photography Class
photography_museum,photography_museum,arts_and_entertainment > museum > art_museum > photography_museum,Photography Museum
photography_store_and_services,camera_and_photography_store,shopping > specialty_store > electronics_store > camera_and_photography_store,Camera and Photography Store
physical_therapy,physical_therapy,health_care > outpatient_care_facility > physical_medicine_and_rehabilitation > physical_therapy,Physical Therapy
physician_assistant,specialized_health_care,health_care > outpatient_care_facility > specialized_health_care,Specialized Health Care
piadina_restaurant,piadina_restaurant,food_and_drink > restaurant > european_restaurant > mediterranean_restaurant > italian_restaurant > piadina_restaurant,Piadina Restaurant
piano_bar,piano_bar,food_and_drink > alcoholic_beverage_venue > bar > piano_bar,Piano Bar
piano_services,piano_service,services_and_business > media_service > musical_instrument_service > piano_service,Piano Service
piano_store,piano_store,shopping > specialty_store > musical_instrument_and_pro_audio_store > musical_instrument_store > piano_store,Piano Store
pick_your_own_farm,pick_your_own_farm,shopping > food_and_beverage_store > pick_your_own_farm,Pick Your Own Farm
pie_shop,pie_shop,food_and_drink > casual_eatery > dessert_shop > pie_shop,Pie Shop
pier,pier,geographic_entities > built_feature > pier,Pier
piercing,piercing,lifestyle_services > personal_or_beauty_service > body_modification > tattoo_and_piercing > piercing,Piercing
pig_farm,pig_farm,services_and_business > agricultural_service > farm > pig_farm,Pig Farm
pigs_trotters_restaurant,restaurant,food_and_drink > restaurant,Restaurant
pilates_studio,pilates_studio,sports_and_recreation > sport_or_fitness_facility > fitness_studio > pilates_studio,Pilates Studio
pipe_supplier,pipe_supplier,services_and_business > b2b_service > supplier_or_distributor > pipe_supplier,Pipe Supplier
pipeline_transportation,pipeline_transportation,services_and_business > b2b_service > b2b_transportation_and_storage_service > pipeline_transportation,Pipeline Transportation
pizza_delivery_service,pizza_delivery_service,lifestyle_services > food_service > food_delivery_service > pizza_delivery_service,Pizza Delivery Service
pizza_restaurant,pizza_restaurant,food_and_drink > restaurant > european_restaurant > mediterranean_restaurant > italian_restaurant > pizza_restaurant,Pizza Restaurant
placenta_encapsulation_service,health_care,health_care,Health Care
planetarium,planetarium,arts_and_entertainment > science_attraction > planetarium,Planetarium
plasterer,plasterer,services_and_business > home_service > plasterer,Plasterer
plastic_company,plastics_company,services_and_business > corporate_or_business_office > plastics_company,Plastics Company
plastic_fabrication_company,plastics_company,services_and_business > corporate_or_business_office > plastics_company,Plastics Company
plastic_injection_molding_workshop,plastic_injection_molding_service,services_and_business > b2b_service > b2b_industrial_and_machine_service > plastic_injection_molding_service,Plastic Injection Molding Service
plastic_manufacturer,plastic_manufacturer,services_and_business > b2b_service > manufacturer > plastic_manufacturer,Plastic Manufacturer
plastic_surgeon,plastic_and_reconstructive_surgery,health_care > specialized_medical_facility > surgery > plastic_and_reconstructive_surgery,Plastic and Reconstructive Surgery
playground,playground,sports_and_recreation > park > playground,Playground
playground_equipment_supplier,playground_equipment_supplier,services_and_business > b2b_service > supplier_or_distributor > playground_equipment_supplier,Playground Equipment Supplier
plaza,public_plaza,community_and_government > public_facility > public_plaza,Public Plaza
plumbing,plumbing,services_and_business > home_service > plumbing,Plumbing
plus_size_clothing,plus_size_clothing_store,shopping > fashion_and_apparel_store > clothing_store > plus_size_clothing_store,Plus Size Clothing Store
podiatrist,podiatry,health_care > outpatient_care_facility > specialized_health_care > musculoskeletal_medicine > podiatry,Podiatry
podiatry,podiatry,health_care > outpatient_care_facility > specialized_health_care > musculoskeletal_medicine > podiatry,Podiatry
poke_restaurant,poke_restaurant,food_and_drink > restaurant > pacific_rim_restaurant > polynesian_restaurant > hawaiian_restaurant > poke_restaurant,Poke Restaurant
police_department,police_station,community_and_government > public_safety_service > police_station,Police Station
polish_restaurant,polish_restaurant,food_and_drink > restaurant > european_restaurant > central_european_restaurant > polish_restaurant,Polish Restaurant
political_organization,political_organization,community_and_government > civic_organization > political_organization,Political Organization
political_party_office,political_party_office,community_and_government > civic_organization > political_organization > political_party_office,Political Party Office
polynesian_restaurant,polynesian_restaurant,food_and_drink > restaurant > pacific_rim_restaurant > polynesian_restaurant,Polynesian Restaurant
pool_and_billiards,pool_and_billiards_store,shopping > specialty_store > sporting_goods_store > pool_and_billiards_store,Pool and Billiards Store
pool_and_hot_tub_services,pool_and_hot_tub_service,services_and_business > home_service > pool_and_hot_tub_service,Pool and Hot Tub Service
pool_billiards,pool_billiards,sports_and_recreation > sport_or_fitness_facility > pool_billiards,Pool Billiards
pool_cleaning,pool_cleaning,services_and_business > home_service > pool_cleaning,Pool Cleaning
pool_hall,pool_hall,sports_and_recreation > sport_or_fitness_facility > pool_billiards > pool_hall,Pool Hall
pop_up_restaurant,pop_up_restaurant,food_and_drink > restaurant > pop_up_restaurant,Pop Up Restaurant
pop_up_shop,pop_up_store,shopping > specialty_store > pop_up_store,Pop Up Store
popcorn_shop,popcorn_shop,food_and_drink > casual_eatery > popcorn_shop,Popcorn Shop
portuguese_restaurant,portuguese_restaurant,food_and_drink > restaurant > european_restaurant > iberian_restaurant > portuguese_restaurant,Portuguese Restaurant
post_office,post_office,services_and_business > shipping_or_delivery_service > post_office,Post Office
potato_restaurant,restaurant,food_and_drink > restaurant,Restaurant
poultry_farm,poultry_farm,services_and_business > agricultural_service > farm > poultry_farm,Poultry Farm
poultry_farming,poultry_farming,services_and_business > b2b_service > b2b_agriculture_service > poultry_farming,Poultry Farming
poutinerie_restaurant,poutinerie_restaurant,food_and_drink > restaurant > north_american_restaurant > canadian_restaurant > poutinerie_restaurant,Poutinerie Restaurant
powder_coating_service,powder_coating_service,services_and_business > industrial_facility_or_service > powder_coating_service,Powder Coating Service
power_plants_and_power_plant_service,b2b_power_plants_and_power_plant_service,services_and_business > b2b_service > b2b_energy_and_utility_service > b2b_power_plants_and_power_plant_service,B2B Power Plants and Power Plant Service
prenatal_perinatal_care,prenatal_and_perinatal_care,health_care > outpatient_care_facility > reproductive_perinatal_and_womens_care > prenatal_and_perinatal_care,Prenatal and Perinatal Care
preschool,preschool,education > place_of_learning > school > preschool,Preschool
pressure_washing,pressure_washing,services_and_business > home_service > pressure_washing,Pressure Washing
pretzels,pretzel_shop,food_and_drink > casual_eatery > bakery > pretzel_shop,Pretzel Shop
preventive_medicine,preventive_medicine,health_care > outpatient_care_facility > specialized_health_care > preventive_medicine,Preventive Medicine
print_media,print_media,services_and_business > media_service > print_media,Print Media
printing_equipment_and_supply,printing_equipment_supplier,services_and_business > b2b_service > supplier_or_distributor > printing_equipment_supplier,Printing Equipment Supplier
printing_services,printing_service,services_and_business > printing_service,Printing Service
private_association,private_association,services_and_business > corporate_or_business_office > private_association,Private Association
private_equity_firm,private_equity_firm,services_and_business > financial_service > private_equity_firm,Private Equity Firm
private_establishments_and_corporates,corporate_or_business_office,services_and_business > corporate_or_business_office,Corporate or Business Office
private_investigation,private_investigation,services_and_business > legal_service > private_investigation,Private Investigation
private_jet_charters,private_jet_charter,travel_and_transportation > air_transport_facility_or_service > private_jet_charter,Private Jet Charter
private_school,private_school,education > place_of_learning > school > private_school,Private School
private_tutor,private_tutor,education > educational_service > tutoring_service > private_tutor,Private Tutor
process_servers,process_server,services_and_business > legal_service > process_server,Process Server
proctologist,proctology,health_care > outpatient_care_facility > specialized_health_care > gastroenterology > proctology,Proctology
produce_wholesaler,produce_wholesaler,services_and_business > b2b_service > wholesaler > produce_wholesaler,Produce Wholesaler
product_design,product_design,services_and_business > design_service > product_design,Product Design
professional_services,professional_service,services_and_business > professional_service,Professional Service
professional_sports_league,professional_sport_league,sports_and_recreation > sport_league > professional_sport_league,Professional Sport League
professional_sports_team,professional_sport_team,sports_and_recreation > sport_team > professional_sport_team,Professional Sport Team
promotional_products_and_services,b2b_promotional_products_and_services,services_and_business > b2b_service > b2b_office_and_professional_service > b2b_advertising_and_marketing_service > b2b_promotional_products_and_services,B2B Promotional Products and Services
propane_supplier,propane_supplier,services_and_business > b2b_service > supplier_or_distributor > propane_supplier,Propane Supplier
property_management,property_management,services_and_business > real_estate_service > property_management,Property Management
props,specialty_store,shopping > specialty_store,Specialty Store
prosthetics,prosthetics,health_care > outpatient_care_facility > physical_medicine_and_rehabilitation > prosthetics,Prosthetics
prosthodontist,prosthodontics,health_care > outpatient_care_facility > dental_clinic > prosthodontics,Prosthodontics
psychiatrist,psychiatry,health_care > outpatient_care_facility > behavioral_or_mental_health_clinic > psychiatry_or_psychology_service > psychiatry,Psychiatry
psychic,psychic_advising,arts_and_entertainment > spiritual_advising > psychic_advising,Psychic Advising
psychic_medium,psychic_advising,arts_and_entertainment > spiritual_advising > psychic_advising,Psychic Advising
psychoanalyst,psychoanalysis,health_care > outpatient_care_facility > behavioral_or_mental_health_clinic > psychiatry_or_psychology_service > psychoanalysis,Psychoanalysis
psychologist,psychology,health_care > outpatient_care_facility > behavioral_or_mental_health_clinic > psychiatry_or_psychology_service > psychology,Psychology
psychomotor_therapist,psychomotor_therapy,health_care > outpatient_care_facility > physical_medicine_and_rehabilitation > psychomotor_therapy,Psychomotor Therapy
psychotherapist,psychotherapy,health_care > outpatient_care_facility > behavioral_or_mental_health_clinic > psychiatry_or_psychology_service > psychotherapy,Psychotherapy
pub,pub,food_and_drink > alcoholic_beverage_venue > bar > pub,Pub
public_adjuster,public_adjuster,services_and_business > financial_service > public_adjuster,Public Adjuster
public_and_government_association,government_office,community_and_government > government_office,Government Office
public_bath_houses,public_bath_house,lifestyle_services > wellness_service > public_bath_house,Public Bath House
public_health_clinic,public_health_clinic,health_care > outpatient_care_facility > primary_care_or_general_clinic > public_health_clinic,Public Health Clinic
public_market,public_market,shopping > market > public_market,Public Market
public_phones,public_phone,community_and_government > public_facility > public_phone,Public Phone
public_plaza,public_plaza,community_and_government > public_facility > public_plaza,Public Plaza
public_relations,public_relations,services_and_business > professional_service > public_relations,Public Relations
public_restrooms,public_restroom,community_and_government > public_facility > public_restroom,Public Restroom
public_school,public_school,education > place_of_learning > school > public_school,Public School
public_service_and_government,community_and_government,community_and_government,Community and Government
public_toilet,public_restroom,community_and_government > public_facility > public_restroom,Public Restroom
public_transportation,public_transit_facility_or_service,travel_and_transportation > ground_transport_facility_or_service > public_transit_facility_or_service,Public Transit Facility or Service
public_utility_company,public_utility,community_and_government > public_utility,Public Utility
publicity_service,b2b_publicity_service,services_and_business > b2b_service > b2b_office_and_professional_service > b2b_advertising_and_marketing_service > b2b_publicity_service,B2B Publicity Service
puerto_rican_restaurant,puerto_rican_restaurant,food_and_drink > restaurant > latin_american_restaurant > caribbean_restaurant > puerto_rican_restaurant,Puerto Rican Restaurant
pulmonologist,pulmonology,health_care > outpatient_care_facility > specialized_health_care > pulmonology,Pulmonology
pumpkin_patch,pumpkin_patch,arts_and_entertainment > rural_attraction > pumpkin_patch,Pumpkin Patch
qi_gong_studio,qi_gong_studio,sports_and_recreation > sport_or_fitness_facility > fitness_studio > qi_gong_studio,Qi Gong Studio
quarries,b2b_quarry,services_and_business > b2b_service > b2b_energy_and_utility_service > b2b_mining > b2b_quarry,B2B Quarry
quay,quay,geographic_entities > built_feature > quay,Quay
race_track,race_track,sports_and_recreation > sport_or_fitness_facility > race_track,Race Track
racing_experience,racing_experience,sports_and_recreation > sport_or_fitness_facility > racing_experience,Racing Experience
racquetball_court,racquetball_court,sports_and_recreation > sport_or_fitness_facility > sport_court > racquetball_court,Racquetball Court
radio_and_television_commercials,b2b_radio_and_television_commercials,services_and_business > b2b_service > b2b_office_and_professional_service > b2b_advertising_and_marketing_service > b2b_radio_and_television_commercials,B2B Radio and Television Commercials
radio_station,radio_station,services_and_business > media_service > media_news_company > radio_station,Radio Station
radiologist,radiology,health_care > outpatient_care_facility > diagnostics_imaging_or_lab_service > radiology,Radiology
rafting_kayaking_area,rafting_kayaking_area,sports_and_recreation > sport_or_fitness_facility > water_sport > rafting_kayaking_area,Rafting Kayaking Area
railroad_freight,railroad_freight,services_and_business > b2b_service > b2b_transportation_and_storage_service > railroad_freight,Railroad Freight
railway_service,rail_facility_or_service,travel_and_transportation > ground_transport_facility_or_service > rail_facility_or_service,Rail Facility or Service
railway_ticket_agent,railway_ticket_agent,travel_and_transportation > ground_transport_facility_or_service > rail_facility_or_service > railway_ticket_agent,Railway Ticket Agent
ranch,ranch,services_and_business > agricultural_service > farm > ranch,Ranch
real_estate,real_estate_service,services_and_business > real_estate_service,Real Estate Service
real_estate_agent,real_estate_agent,services_and_business > real_estate_service > real_estate_agent,Real Estate Agent
real_estate_investment,real_estate_investment,services_and_business > financial_service > real_estate_investment,Real Estate Investment
real_estate_law,real_estate_law,services_and_business > legal_service > attorney_or_law_firm > real_estate_law,Real Estate Law
real_estate_photography,real_estate_photography,services_and_business > real_estate_service > real_estate_photography,Real Estate Photography
real_estate_service,real_estate_service,services_and_business > real_estate_service,Real Estate Service
record_label,record_label,services_and_business > media_service > record_label,Record Label
recording_and_rehearsal_studio,recording_and_rehearsal_studio,services_and_business > media_service > recording_and_rehearsal_studio,Recording and Rehearsal Studio
recreation_vehicle_repair,recreation_vehicle_repair,travel_and_transportation > vehicle_service > recreation_vehicle_service > recreation_vehicle_repair,Recreation Vehicle Repair
recreational_vehicle_dealer,recreational_vehicle_dealer,shopping > vehicle_dealer > recreational_vehicle_dealer,Recreational Vehicle Dealer
recreational_vehicle_parts_and_accessories,rv_parts_store,shopping > specialty_store > vehicle_parts_store > rv_parts_store,RV Parts Store
recycling_center,recycling_center,services_and_business > home_service > recycling_center,Recycling Center
refinishing_services,refinishing_service,services_and_business > home_service > refinishing_service,Refinishing Service
reflexology,reflexology,health_care > outpatient_care_facility > complementary_and_alternative_medicine > reflexology,Reflexology
registry_office,registry_office,community_and_government > government_office > registry_office,Registry Office
rehabilitation_center,rehabilitation_center,health_care > outpatient_care_facility > physical_medicine_and_rehabilitation > rehabilitation_center,Rehabilitation Center
reiki,reiki,health_care > outpatient_care_facility > complementary_and_alternative_medicine > reiki,Reiki
religious_destination,religious_organization,cultural_and_historic > religious_organization,Religious Organization
religious_items,religious_and_spiritual_goods_store,shopping > specialty_store > religious_and_spiritual_goods_store,Religious and Spiritual Goods Store
religious_organization,religious_organization,cultural_and_historic > religious_organization,Religious Organization
religious_school,religious_school,education > place_of_learning > school > religious_school,Religious School
rental_kiosks,rental_kiosk,services_and_business > rental_service > rental_kiosk,Rental Kiosk
rental_service,rental_service,services_and_business > rental_service,Rental Service
rental_services,rental_service,services_and_business > rental_service,Rental Service
reptile_shop,reptile_store,shopping > specialty_store > animal_and_pet_store > pet_store > reptile_store,Reptile Store
research_institute,research_institute,education > research_institute,Research Institute
resort,resort,lodging > resort,Resort
rest_areas,rest_stop,travel_and_transportation > ground_transport_facility_or_service > road_structures_and_service > rest_stop,Rest Stop
rest_stop,rest_stop,travel_and_transportation > ground_transport_facility_or_service > road_structures_and_service > rest_stop,Rest Stop
restaurant,restaurant,food_and_drink > restaurant,Restaurant
restaurant_equipment_and_supply,restaurant_equipment_and_supply,services_and_business > b2b_service > supplier_or_distributor > restaurant_equipment_and_supply,Restaurant Equipment and Supply
restaurant_management,restaurant_management,services_and_business > b2b_service > b2b_office_and_professional_service > restaurant_management,Restaurant Management
restaurant_wholesale,restaurant_wholesale,services_and_business > b2b_service > wholesaler > restaurant_wholesale,Restaurant Wholesale
retail,shopping,shopping,Shopping
retaining_wall_supplier,retaining_wall_supplier,services_and_business > b2b_service > supplier_or_distributor > retaining_wall_supplier,Retaining Wall Supplier
retina_specialist,retina_services,health_care > outpatient_care_facility > vision_or_eye_care_clinic > ophthalmology > retina_services,Retina Services
retirement_home,retirement_home,services_and_business > housing_or_property_service > senior_living_facility > retirement_home,Retirement Home
rheumatologist,rheumatology,health_care > outpatient_care_facility > specialized_health_care > internal_medicine > rheumatology,Rheumatology
rice_mill,rice_mill,services_and_business > b2b_service > manufacturer > mill > rice_mill,Rice Mill
rice_shop,rice_store,shopping > food_and_beverage_store > specialty_foods_store > rice_store,Rice Store
ride_sharing,ride_share_service,travel_and_transportation > ground_transport_facility_or_service > taxi_or_ride_share_service > ride_share_service,Ride Share Service
river,river,geographic_entities > water_feature > river,River
road_contractor,road_contractor,services_and_business > building_or_construction_service > road_contractor,Road Contractor
road_structures_and_services,road_structures_and_service,travel_and_transportation > ground_transport_facility_or_service > road_structures_and_service,Road Structures and Service
roadside_assistance,roadside_assistance,travel_and_transportation > vehicle_service > roadside_assistance,Roadside Assistance
rock_climbing_gym,rock_climbing_gym,sports_and_recreation > sport_or_fitness_facility > rock_climbing_gym,Rock Climbing Gym
rock_climbing_instructor,rock_climbing_instructor,sports_and_recreation > sport_or_fitness_facility > rock_climbing_instructor,Rock Climbing Instructor
rock_climbing_spot,rock_climbing_spot,sports_and_recreation > sport_or_fitness_facility > adventure_sport > rock_climbing_spot,Rock Climbing Spot
rodeo,rodeo,arts_and_entertainment > rural_attraction > rodeo,Rodeo
roller_skating_rink,roller_skating_rink,sports_and_recreation > sport_or_fitness_facility > skating_rink > roller_skating_rink,Roller Skating Rink
romanian_restaurant,romanian_restaurant,food_and_drink > restaurant > european_restaurant > eastern_european_restaurant > romanian_restaurant,Romanian Restaurant
roofing,roofing,services_and_business > home_service > ceiling_and_roofing_repair_and_service > roofing,Roofing
rotisserie_chicken_restaurant,rotisserie_chicken_restaurant,food_and_drink > restaurant > meat_restaurant > rotisserie_chicken_restaurant,Rotisserie Chicken Restaurant
rowing_club,rowing_club,sports_and_recreation > sport_or_recreation_club > rowing_club,Rowing Club
rug_store,rug_store,shopping > specialty_store > hardware_home_and_garden_store > rug_store,Rug Store
rugby_pitch,rugby_pitch,sports_and_recreation > sport_or_fitness_facility > sport_field > rugby_pitch,Rugby Pitch
rugby_stadium,rugby_stadium,arts_and_entertainment > stadium_arena > stadium > rugby_stadium,Rugby Stadium
ruin,ruin,cultural_and_historic > historic_site > ruin,Ruin
russian_grocery_store,russian_grocery_store,shopping > food_and_beverage_store > grocery_store > russian_grocery_store,Russian Grocery Store
russian_restaurant,russian_restaurant,food_and_drink > restaurant > european_restaurant > eastern_european_restaurant > russian_restaurant,Russian Restaurant
rv_and_boat_storage_facility,boat_storage_facility,services_and_business > storage_facility > boat_storage_facility,Boat Storage Facility
rv_park,rv_park,lodging > rv_park,RV Park
rv_rentals,rv_rental_service,services_and_business > rental_service > vehicle_rental_service > rv_rental_service,RV Rental Service
rv_storage_facility,rv_storage_facility,services_and_business > storage_facility > rv_storage_facility,RV Storage Facility
ryokan,ryokan,lodging > ryokan,Ryokan
safe_store,safe_store,shopping > specialty_store > safe_store,Safe Store
safety_equipment,safety_equipment_store,shopping > specialty_store > safety_equipment_store,Safety Equipment Store
sailing_area,sailing_area,sports_and_recreation > sport_or_fitness_facility > water_sport > sailing_area,Sailing Area
sailing_club,sailing_club,sports_and_recreation > sport_or_recreation_club > sailing_club,Sailing Club
sake_bar,sake_bar,food_and_drink > alcoholic_beverage_venue > bar > sake_bar,Sake Bar
salad_bar,salad_bar,food_and_drink > restaurant > salad_bar,Salad Bar
salsa_club,salsa_club,arts_and_entertainment > nightlife_venue > dance_club > salsa_club,Salsa Club
salvadoran_restaurant,salvadoran_restaurant,food_and_drink > restaurant > latin_american_restaurant > central_american_restaurant > salvadoran_restaurant,Salvadoran Restaurant
sand_and_gravel_supplier,sand_and_gravel_supplier,services_and_business > b2b_service > supplier_or_distributor > sand_and_gravel_supplier,Sand and Gravel Supplier
sand_dune,sand_dune,geographic_entities > land_feature > sand_dune,Sand Dune
sandblasting_service,sandblasting_service,services_and_business > industrial_facility_or_service > sandblasting_service,Sandblasting Service
sandwich_shop,sandwich_shop,food_and_drink > casual_eatery > sandwich_shop,Sandwich Shop
saree_shop,saree_shop,shopping > fashion_and_apparel_store > clothing_store > traditional_clothing > saree_shop,Saree Shop
sauna,sauna,lifestyle_services > wellness_service > sauna,Sauna
saw_mill,sawmill,services_and_business > b2b_service > manufacturer > mill > sawmill,Sawmill
scale_supplier,scale_supplier,services_and_business > b2b_service > supplier_or_distributor > scale_supplier,Scale Supplier
scandinavian_restaurant,scandinavian_restaurant,food_and_drink > restaurant > european_restaurant > scandinavian_restaurant,Scandinavian Restaurant
scavenger_hunts_provider,scavenger_hunt,arts_and_entertainment > gaming_venue > scavenger_hunt,Scavenger Hunt
schnitzel_restaurant,schnitzel_restaurant,food_and_drink > restaurant > european_restaurant > central_european_restaurant > schnitzel_restaurant,Schnitzel Restaurant
school,school,education > place_of_learning > school,School
school_district_offices,school_district_office,education > education_office > school_district_office,School District Office
school_sports_league,school_sport_league,sports_and_recreation > sport_league > school_sport_league,School Sport League
school_sports_team,school_sport_team,sports_and_recreation > sport_team > school_sport_team,School Sport Team
science_museum,science_museum,arts_and_entertainment > museum > science_museum,Science Museum
science_schools,science_school,education > place_of_learning > college_university > science_school,Science School
scientific_laboratories,b2b_scientific_lab,services_and_business > b2b_service > b2b_science_and_technology_service > b2b_scientific_lab,B2B Scientific Lab
scooter_dealers,scooter_dealer,shopping > vehicle_dealer > scooter_dealer,Scooter Dealer
scooter_rental,scooter_rental,sports_and_recreation > recreational_equipment_rental > scooter_rental,Scooter Rental
scooter_tours,scooter_tour,travel_and_transportation > travel_service > tour_operator > scooter_tour,Scooter Tour
scottish_restaurant,scottish_restaurant,food_and_drink > restaurant > european_restaurant > western_european_restaurant > scottish_restaurant,Scottish Restaurant
scout_hall,scout_hall,community_and_government > social_or_community_service > scout_hall,Scout Hall
scrap_metals,b2b_industrial_and_machine_service,services_and_business > b2b_service > b2b_industrial_and_machine_service,B2B Industrial and Machine Service
screen_printing_t_shirt_printing,t_shirt_printing_service,services_and_business > printing_service > screen_printing_service > t_shirt_printing_service,T-shirt Printing Service
scuba_diving_center,scuba_diving_center,sports_and_recreation > sport_or_fitness_facility > diving_center > scuba_diving_center,Scuba Diving Center
scuba_diving_instruction,scuba_diving_instruction,sports_and_recreation > sport_or_fitness_facility > diving_instruction > scuba_diving_instruction,Scuba Diving Instruction
sculpture_statue,sculpture_statue,arts_and_entertainment > arts_and_crafts_space > sculpture_statue,Sculpture Statue
seafood_market,seafood_market,shopping > food_and_beverage_store > seafood_market,Seafood Market
seafood_restaurant,seafood_restaurant,food_and_drink > restaurant > seafood_restaurant,Seafood Restaurant
seafood_wholesaler,seafood_wholesaler,services_and_business > b2b_service > wholesaler > seafood_wholesaler,Seafood Wholesaler
seal_and_hanko_dealers,seal_and_hanko_supplier,services_and_business > b2b_service > supplier_or_distributor > seal_and_hanko_supplier,Seal and Hanko Supplier
seaplane_bases,seaplane_base,travel_and_transportation > air_transport_facility_or_service > airport > seaplane_base,Seaplane Base
secretarial_services,b2b_secretarial_service,services_and_business > b2b_service > b2b_office_and_professional_service > b2b_business_management_service > b2b_secretarial_service,B2B Secretarial Service
security_services,security_service,services_and_business > security_service,Security Service
security_systems,security_systems,services_and_business > home_service > security_systems,Security Systems
self_catering_accommodation,self_catering_accommodation,lodging > self_catering_accommodation,Self Catering Accommodation
self_defense_classes,self_defense_class,sports_and_recreation > sport_or_fitness_facility > self_defense_class,Self Defense Class
self_storage_facility,self_storage_facility,services_and_business > storage_facility > self_storage_facility,Self Storage Facility
senegalese_restaurant,senegalese_restaurant,food_and_drink > restaurant > african_restaurant > west_african_restaurant > senegalese_restaurant,Senegalese Restaurant
senior_citizen_services,senior_citizen_service,community_and_government > social_or_community_service > senior_citizen_service,Senior Citizen Service
septic_services,septic_service,community_and_government > public_utility > septic_service,Septic Service
serbo_croatian_restaurant,serbo_croatian_restaurant,food_and_drink > restaurant > european_restaurant > eastern_european_restaurant > serbo_croatian_restaurant,Serbo-Croatian Restaurant
service_apartments,service_apartment,lodging > service_apartment,Service Apartment
session_photography,session_photography_service,services_and_business > media_service > photography_service > session_photography_service,Session Photography Service
sewing_and_alterations,sewing_and_alterations,services_and_business > home_service > sewing_and_alterations,Sewing and Alterations
sex_therapist,sex_therapy,health_care > outpatient_care_facility > behavioral_or_mental_health_clinic > counseling > sex_therapy,Sex Therapy
shades_and_blinds,shades_and_blinds,services_and_business > home_service > shades_and_blinds,Shades and Blinds
shared_office_space,shared_office_space,services_and_business > real_estate_service > shared_office_space,Shared Office Space
shaved_ice_shop,shaved_ice_shop,food_and_drink > casual_eatery > dessert_shop > shaved_ice_shop,Shaved Ice Shop
shaved_snow_shop,shaved_ice_shop,food_and_drink > casual_eatery > dessert_shop > shaved_ice_shop,Shaved Ice Shop
sheet_metal,sheet_metal_fabricator,services_and_business > b2b_service > manufacturer > metal_fabricator > sheet_metal_fabricator,Sheet Metal Fabricator
shinto_shrines,shinto_shrine,cultural_and_historic > religious_landmark > shrine > shinto_shrine,Shinto Shrine
shipping_center,shipping_center,services_and_business > shipping_or_delivery_service > shipping_center,Shipping Center
shipping_collection_services,shipping_collection_service,services_and_business > shipping_or_delivery_service > shipping_collection_service,Shipping Collection Service
shoe_factory,shoe_factory_manufacturer,services_and_business > b2b_service > manufacturer > apparel_manufacturer > shoe_factory_manufacturer,Shoe Factory Manufacturer
shoe_repair,shoe_repair,lifestyle_services > personal_or_beauty_service > shoe_repair,Shoe Repair
shoe_shining_service,shoe_shining_service,lifestyle_services > personal_or_beauty_service > shoe_shining_service,Shoe Shining Service
shoe_store,shoe_store,shopping > fashion_and_apparel_store > shoe_store,Shoe Store
shooting_range,shooting_range,sports_and_recreation > sport_or_fitness_facility > shooting_range,Shooting Range
shopping,shopping,shopping,Shopping
shopping_center,shopping_mall,shopping > shopping_mall,Shopping Mall
shopping_passage,shopping_passage,shopping > market > shopping_passage,Shopping Passage
shredding_services,shredding_service,services_and_business > professional_service > shredding_service,Shredding Service
shutters,shutters,services_and_business > home_service > shutters,Shutters
siding,siding,services_and_business > home_service > siding,Siding
sightseeing_tour_agency,sightseeing_tour_agency,travel_and_transportation > travel_service > tour_operator > sightseeing_tour_agency,Sightseeing Tour Agency
sign_making,sign_making,services_and_business > design_service > sign_making,Sign Making
sikh_temple,sikh_place_of_worship,cultural_and_historic > place_of_worship > sikh_place_of_worship,Sikh Place of Worship
silent_disco,silent_disco,services_and_business > event_or_party_service > silent_disco,Silent Disco
singaporean_restaurant,singaporean_restaurant,food_and_drink > restaurant > asian_restaurant > southeast_asian_restaurant > singaporean_restaurant,Singaporean Restaurant
skate_park,skate_park,sports_and_recreation > sport_or_fitness_facility > skate_park,Skate Park
skate_shop,skate_store,shopping > specialty_store > sporting_goods_store > skate_store,Skate Store
skating_rink,skating_rink,sports_and_recreation > sport_or_fitness_facility > skating_rink,Skating Rink
ski_and_snowboard_school,ski_and_snowboard_school,sports_and_recreation > sport_or_fitness_facility > ski_and_snowboard_school,Ski and Snowboard School
ski_and_snowboard_shop,ski_and_snowboard_store,shopping > specialty_store > sporting_goods_store > ski_and_snowboard_store,Ski and Snowboard Store
ski_area,ski_area,sports_and_recreation > sport_or_fitness_facility > snow_sport > ski_area,Ski Area
ski_resort,ski_resort,lodging > resort > ski_resort,Ski Resort
skilled_nursing,nursing,health_care > outpatient_care_facility > specialized_health_care > nursing,Nursing
skin_care,skin_care_and_makeup,lifestyle_services > personal_or_beauty_service > skin_care_and_makeup,Skin Care and Makeup
sky_diving,sky_diving,sports_and_recreation > sport_or_fitness_facility > sky_diving,Sky Diving
skylight_installation,skylight_installation,services_and_business > home_service > windows_installation > skylight_installation,Skylight Installation
skyline,skyline,geographic_entities > scenic_viewpoint > skyline,Skyline
skyscraper,skyscraper,geographic_entities > built_feature > building > skyscraper,Skyscraper
sledding_rental,sledding_rental,sports_and_recreation > recreational_equipment_rental > sledding_rental,Sledding Rental
sleep_specialist,sleep_medicine,health_care > outpatient_care_facility > specialized_health_care > pulmonology > sleep_medicine,Sleep Medicine
sleepwear,sleepwear,shopping > fashion_and_apparel_store > clothing_store > sleepwear,Sleepwear
slovakian_restaurant,slovakian_restaurant,food_and_drink > restaurant > european_restaurant > central_european_restaurant > slovakian_restaurant,Slovakian Restaurant
smokehouse,smokehouse,shopping > food_and_beverage_store > smokehouse,Smokehouse
smoothie_juice_bar,smoothie_juice_bar,food_and_drink > non_alcoholic_beverage_venue > smoothie_juice_bar,Smoothie or Juice Bar
snorkeling,snorkeling,sports_and_recreation > sport_or_fitness_facility > water_sport > snorkeling,Snorkeling
snorkeling_equipment_rental,snorkeling_equipment_rental,sports_and_recreation > recreational_equipment_rental > snorkeling_equipment_rental,Snorkeling Equipment Rental
snow_removal_service,snow_removal_service,services_and_business > home_service > snow_removal_service,Snow Removal Service
snowboarding_center,snowboarding_center,sports_and_recreation > sport_or_fitness_facility > snow_sport > snowboarding_center,Snowboarding Center
snuggle_service,snuggle_service,lifestyle_services > wellness_service > snuggle_service,Snuggle Service
soccer_club,soccer_club,sports_and_recreation > sport_or_recreation_club > soccer_club,Soccer Club
soccer_field,soccer_field,sports_and_recreation > sport_or_fitness_facility > sport_field > soccer_field,Soccer Field
soccer_stadium,soccer_stadium,arts_and_entertainment > stadium_arena > stadium > soccer_stadium,Soccer Stadium
social_and_human_services,social_and_human_service,community_and_government > social_or_community_service > social_and_human_service,Social and Human Service
social_club,social_club,arts_and_entertainment > social_club,Social Club
social_media_agency,social_media_agency,services_and_business > professional_service > social_media_agency,Social Media Agency
social_media_company,social_media_company,services_and_business > media_service > media_news_company > social_media_company,Social Media Company
social_security_law,social_security_law,services_and_business > legal_service > attorney_or_law_firm > social_security_law,Social Security Law
social_security_services,social_security_service,community_and_government > government_office > social_security_service,Social Security Service
social_service_organizations,social_or_community_service,community_and_government > social_or_community_service,Social or Community Service
social_welfare_center,social_welfare_center,community_and_government > social_or_community_service > social_welfare_center,Social Welfare Center
software_development,software_development,services_and_business > technical_service > software_development,Software Development
solar_installation,solar_installation,services_and_business > home_service > solar_installation,Solar Installation
solar_panel_cleaning,solar_panel_cleaning,services_and_business > home_service > solar_panel_cleaning,Solar Panel Cleaning
sommelier_service,sommelier_service,services_and_business > event_or_party_service > sommelier_service,Sommelier Service
sophrologist,sophrology,health_care > outpatient_care_facility > behavioral_or_mental_health_clinic > sophrology,Sophrology
soul_food,soul_food,food_and_drink > restaurant > soul_food,Soul Food
soup_restaurant,soup_restaurant,food_and_drink > restaurant > soup_restaurant,Soup Restaurant
south_african_restaurant,south_african_restaurant,food_and_drink > restaurant > african_restaurant > southern_african_restaurant > south_african_restaurant,South African Restaurant
southern_restaurant,southern_american_restaurant,food_and_drink > restaurant > north_american_restaurant > american_restaurant > southern_american_restaurant,Southern American Restaurant
souvenir_shop,souvenir_store,shopping > specialty_store > souvenir_store,Souvenir Store
spanish_restaurant,spanish_restaurant,food_and_drink > restaurant > european_restaurant > iberian_restaurant > spanish_restaurant,Spanish Restaurant
spas,spa,lifestyle_services > wellness_service > spa,Spa
speakeasy,speakeasy,food_and_drink > alcoholic_beverage_venue > bar > speakeasy,Speakeasy
specialty_foods,specialty_foods_store,shopping > food_and_beverage_store > specialty_foods_store,Specialty Foods Store
specialty_grocery_store,grocery_store,shopping > food_and_beverage_store > grocery_store,Grocery Store
specialty_school,specialty_school,education > place_of_learning > specialty_school,Specialty School
speech_therapist,speech_therapy,health_care > outpatient_care_facility > physical_medicine_and_rehabilitation > speech_therapy,Speech Therapy
speech_training,speech_training,education > place_of_learning > specialty_school > speech_training,Speech Training
sperm_clinic,sperm_clinic,health_care > medical_service > sperm_clinic,Sperm Clinic
spices_wholesaler,spices_wholesaler,services_and_business > b2b_service > wholesaler > spices_wholesaler,Spices Wholesaler
spine_surgeon,spine_surgery,health_care > specialized_medical_facility > surgery > orthopedic_surgery > spine_surgery,Spine Surgery
spiritual_shop,religious_and_spiritual_goods_store,shopping > specialty_store > religious_and_spiritual_goods_store,Religious and Spiritual Goods Store
sport_equipment_rentals,sport_equipment_rental,sports_and_recreation > recreational_equipment_rental > sport_equipment_rental,Sport Equipment Rental
sporting_goods,sporting_goods_store,shopping > specialty_store > sporting_goods_store,Sporting Goods Store
sports_and_fitness_instruction,sport_or_fitness_facility,sports_and_recreation > sport_or_fitness_facility,Sport or Fitness Facility
sports_and_recreation_rental_and_services,recreational_equipment_rental,sports_and_recreation > recreational_equipment_rental,Recreational Equipment Rental
sports_and_recreation_venue,sport_or_fitness_facility,sports_and_recreation > sport_or_fitness_facility,Sport or Fitness Facility
sports_bar,sports_bar,food_and_drink > alcoholic_beverage_venue > bar > sports_bar,Sports Bar
sports_club_and_league,sport_or_recreation_club,sports_and_recreation > sport_or_recreation_club,Sport or Recreation Club
sports_medicine,sports_medicine,health_care > outpatient_care_facility > specialized_health_care > sports_medicine,Sports Medicine
sports_museum,sports_museum,arts_and_entertainment > museum > sports_museum,Sports Museum
sports_psychologist,sports_psychology,health_care > outpatient_care_facility > behavioral_or_mental_health_clinic > psychiatry_or_psychology_service > psychology > sports_psychology,Sports Psychology
sports_school,sports_school,education > place_of_learning > specialty_school > sports_school,Sports School
sports_wear,sportswear_store,shopping > specialty_store > sporting_goods_store > sportswear_store,Sportswear Store
spray_tanning,spray_tanning,lifestyle_services > personal_or_beauty_service > tanning_salon > spray_tanning,Spray Tanning
spring_supplier,spring_supplier,services_and_business > b2b_service > supplier_or_distributor > spring_supplier,Spring Supplier
squash_court,squash_court,sports_and_recreation > sport_or_fitness_facility > sport_court > squash_court,Squash Court
sri_lankan_restaurant,sri_lankan_restaurant,food_and_drink > restaurant > asian_restaurant > south_asian_restaurant > sri_lankan_restaurant,Sri Lankan Restaurant
stadium_arena,stadium_arena,arts_and_entertainment > stadium_arena,Stadium Arena
stargazing_area,stargazing_area,geographic_entities > scenic_viewpoint > stargazing_area,Stargazing Area
state_museum,state_museum,arts_and_entertainment > museum > state_museum,State Museum
state_park,state_park,sports_and_recreation > park > state_park,State Park
steakhouse,steakhouse,food_and_drink > restaurant > meat_restaurant > steakhouse,Steakhouse
steel_fabricators,steel_fabricator,services_and_business > b2b_service > manufacturer > metal_fabricator > steel_fabricator,Steel Fabricator
stock_and_bond_brokers,stock_and_bond_broker,services_and_business > financial_service > broker > stock_and_bond_broker,Stock and Bond Broker
stocking,clothing_store,shopping > fashion_and_apparel_store > clothing_store,Clothing Store
stone_and_masonry,stone_and_masonry,services_and_business > building_or_construction_service > stone_and_masonry,Stone and Masonry
stone_supplier,stone_supplier,services_and_business > b2b_service > supplier_or_distributor > stone_supplier,Stone Supplier
storage_facility,storage_facility,services_and_business > storage_facility,Storage Facility
storefront_clinic,storefront_clinic,health_care > outpatient_care_facility > primary_care_or_general_clinic > storefront_clinic,Storefront Clinic
street_art,street_art,arts_and_entertainment > arts_and_crafts_space > street_art,Street Art
street_vendor,street_vendor,shopping > market > street_vendor,Street Vendor
stress_management_services,stress_management_service,health_care > outpatient_care_facility > behavioral_or_mental_health_clinic > behavioral_or_crisis_service > stress_management_service,Stress Management Service
strip_club,strip_club,arts_and_entertainment > nightlife_venue > adult_entertainment_venue > strip_club,Strip Club
striptease_dancer,strip_club,arts_and_entertainment > nightlife_venue > adult_entertainment_venue > strip_club,Strip Club
structural_engineer,structural_engineer,services_and_business > home_service > structural_engineer,Structural Engineer
structure_and_geography,geographic_entities,geographic_entities,Geographic Entities
stucco_services,stucco_service,services_and_business > home_service > stucco_service,Stucco Service
student_union,student_union,education > educational_facility > campus_building > student_union,Student Union
studio_taping,studio_taping,services_and_business > media_service > studio_taping,Studio Taping
sugar_shack,sugar_shack,food_and_drink > casual_eatery > sugar_shack,Sugar Shack
sugaring,sugaring,lifestyle_services > personal_or_beauty_service > hair_removal > sugaring,Sugaring
suicide_prevention_services,suicide_prevention_service,health_care > outpatient_care_facility > behavioral_or_mental_health_clinic > behavioral_or_crisis_service > suicide_prevention_service,Suicide Prevention Service
sunglasses_store,sunglasses_store,shopping > fashion_and_apparel_store > eyewear_store > sunglasses_store,Sunglasses Store
supermarket,grocery_store,shopping > food_and_beverage_store > grocery_store,Grocery Store
supernatural_reading,spiritual_advising,arts_and_entertainment > spiritual_advising,Spiritual Advising
superstore,superstore,shopping > superstore,Superstore
supper_club,supper_club,food_and_drink > restaurant > supper_club,Supper Club
surf_lifesaving_club,surf_lifesaving_club,sports_and_recreation > sport_or_recreation_club > surf_lifesaving_club,Surf Lifesaving Club
surf_shop,surf_store,shopping > specialty_store > sporting_goods_store > surf_store,Surf Store
surfboard_rental,surfboard_rental,sports_and_recreation > recreational_equipment_rental > surfboard_rental,Surfboard Rental
surfing,surfing,sports_and_recreation > sport_or_fitness_facility > water_sport > surfing,Surfing
surfing_school,surfing_school,sports_and_recreation > sport_or_fitness_facility > surfing_school,Surfing School
surgeon,surgery,health_care > specialized_medical_facility > surgery,Surgery
surgical_appliances_and_supplies,b2b_surgical_appliances_and_supplies,services_and_business > b2b_service > b2b_medical_support_service > b2b_surgical_appliances_and_supplies,B2B Surgical Appliances and Supplies
surgical_center,surgery_center,health_care > specialized_medical_facility > surgery > surgery_center,Surgery Center
sushi_restaurant,sushi_restaurant,food_and_drink > restaurant > asian_restaurant > east_asian_restaurant > japanese_restaurant > sushi_restaurant,Sushi Restaurant
swimming_instructor,swimming_instructor,sports_and_recreation > sport_or_fitness_facility > swimming_pool > swimming_instructor,Swimming Instructor
swimming_pool,swimming_pool,sports_and_recreation > sport_or_fitness_facility > swimming_pool,Swimming Pool
swimwear_store,swimwear_store,shopping > specialty_store > sporting_goods_store > swimwear_store,Swimwear Store
swiss_restaurant,swiss_restaurant,food_and_drink > restaurant > european_restaurant > central_european_restaurant > swiss_restaurant,Swiss Restaurant
synagogue,jewish_place_of_worship,cultural_and_historic > place_of_worship > jewish_place_of_worship,Jewish Place of Worship
syrian_restaurant,syrian_restaurant,food_and_drink > restaurant > middle_eastern_restaurant > syrian_restaurant,Syrian Restaurant
t_shirt_store,t_shirt_store,shopping > fashion_and_apparel_store > clothing_store > t_shirt_store,T-shirt Store
tabac,bar_tabac,food_and_drink > alcoholic_beverage_venue > bar > bar_tabac,Bar Tabac
table_tennis_club,table_tennis_club,sports_and_recreation > sport_or_recreation_club > table_tennis_club,Table Tennis Club
tabletop_games,tabletop_games_store,shopping > specialty_store > toys_and_games_store > tabletop_games_store,Tabletop Games Store
tableware_supplier,tableware_supplier,services_and_business > b2b_service > supplier_or_distributor > tableware_supplier,Tableware Supplier
taco_restaurant,taco_restaurant,food_and_drink > restaurant > latin_american_restaurant > taco_restaurant,Taco Restaurant
taekwondo_club,taekwondo_club,sports_and_recreation > sport_or_recreation_club > martial_arts_club > taekwondo_club,Taekwondo Club
tai_chi_studio,tai_chi_studio,sports_and_recreation > sport_or_fitness_facility > fitness_studio > tai_chi_studio,Tai Chi Studio
taiwanese_restaurant,taiwanese_restaurant,food_and_drink > restaurant > asian_restaurant > east_asian_restaurant > taiwanese_restaurant,Taiwanese Restaurant
talent_agency,talent_agency,services_and_business > professional_service > talent_agency,Talent Agency
tanning_bed,tanning_bed,lifestyle_services > personal_or_beauty_service > tanning_salon > tanning_bed,Tanning Bed
tanning_salon,tanning_salon,lifestyle_services > personal_or_beauty_service > tanning_salon,Tanning Salon
tapas_bar,tapas_bar,food_and_drink > casual_eatery > tapas_bar,Tapas Bar
tasting_classes,tasting_class,education > place_of_learning > class_venue > tasting_class,Tasting Class
tatar_restaurant,tatar_restaurant,food_and_drink > restaurant > european_restaurant > eastern_european_restaurant > russian_restaurant > tatar_restaurant,Tatar Restaurant
tattoo,tattoo,lifestyle_services > personal_or_beauty_service > body_modification > tattoo_and_piercing > tattoo,Tattoo
tattoo_and_piercing,tattoo_and_piercing,lifestyle_services > personal_or_beauty_service > body_modification > tattoo_and_piercing,Tattoo and Piercing
tattoo_removal,tattoo_removal,health_care > outpatient_care_facility > specialized_health_care > medical_skin_care > tattoo_removal,Tattoo Removal
tax_law,tax_law,services_and_business > legal_service > attorney_or_law_firm > tax_law,Tax Law
tax_office,tax_office,community_and_government > government_office > tax_office,Tax Office
tax_services,tax_service,services_and_business > financial_service > tax_service,Tax Service
taxi_rank,taxi_stand,travel_and_transportation > ground_transport_facility_or_service > taxi_or_ride_share_service > taxi_service > taxi_stand,Taxi Stand
taxi_service,taxi_service,travel_and_transportation > ground_transport_facility_or_service > taxi_or_ride_share_service > taxi_service,Taxi Service
taxidermist,taxidermist,services_and_business > technical_service > taxidermist,Taxidermist
tea_room,tea_room,food_and_drink > non_alcoholic_beverage_venue > tea_room,Tea Room
tea_wholesaler,tea_wholesaler,services_and_business > b2b_service > wholesaler > tea_wholesaler,Tea Wholesaler
team_building_activity,team_building_activity,services_and_business > event_or_party_service > team_building_activity,Team Building Activity
teeth_whitening,teeth_whitening,lifestyle_services > personal_or_beauty_service > teeth_whitening,Teeth Whitening
telecommunications,telecommunications_service,services_and_business > telecommunications_service,Telecommunications Service
telecommunications_company,telecommunications_company,services_and_business > corporate_or_business_office > telecommunications_company,Telecommunications Company
telemarketing_services,b2b_telemarketing_service,services_and_business > b2b_service > b2b_office_and_professional_service > b2b_advertising_and_marketing_service > b2b_telemarketing_service,B2B Telemarketing Service
telephone_services,telephone_service,services_and_business > technical_service > telephone_service,Telephone Service
television_service_providers,television_service_provider,services_and_business > home_service > television_service_provider,Television Service Provider
television_station,television_station,services_and_business > media_service > media_news_company > television_station,Television Station
temp_agency,temp_agency,services_and_business > professional_service > employment_agency > temp_agency,Temp Agency
temple,place_of_worship,cultural_and_historic > place_of_worship,Place of Worship
tenant_and_eviction_law,tenant_and_eviction_law,services_and_business > legal_service > tenant_and_eviction_law,Tenant and Eviction Law
tennis_court,tennis_court,sports_and_recreation > sport_or_fitness_facility > sport_court > tennis_court,Tennis Court
tennis_stadium,tennis_stadium,arts_and_entertainment > stadium_arena > stadium > tennis_stadium,Tennis Stadium
tent_house_supplier,tent_house_supplier,services_and_business > b2b_service > supplier_or_distributor > tent_house_supplier,Tent House Supplier
test_preparation,test_preparation,education > educational_service > test_preparation,Test Preparation
texmex_restaurant,texmex_restaurant,food_and_drink > restaurant > latin_american_restaurant > texmex_restaurant,Texmex Restaurant
textile_mill,textile_mill,services_and_business > b2b_service > manufacturer > mill > textile_mill,Textile Mill
textile_museum,textile_museum,arts_and_entertainment > museum > art_museum > textile_museum,Textile Museum
thai_restaurant,thai_restaurant,food_and_drink > restaurant > asian_restaurant > southeast_asian_restaurant > thai_restaurant,Thai Restaurant
theaters_and_performance_venues,performing_arts_venue,arts_and_entertainment > performing_arts_venue,Performing Arts Venue
theatre,theatre_venue,arts_and_entertainment > performing_arts_venue > theatre_venue,Theatre Venue
theatrical_productions,theatrical_production,services_and_business > media_service > theatrical_production,Theatrical Production
theme_restaurant,theme_restaurant,food_and_drink > restaurant > theme_restaurant,Theme Restaurant
thread_supplier,thread_supplier,services_and_business > b2b_service > supplier_or_distributor > thread_supplier,Thread Supplier
threading_service,threading_service,lifestyle_services > personal_or_beauty_service > hair_removal > threading_service,Threading Service
threads_and_yarns_wholesaler,threads_and_yarns_wholesaler,services_and_business > b2b_service > wholesaler > threads_and_yarns_wholesaler,Threads and Yarns Wholesaler
thrift_store,second_hand_store,shopping > second_hand_store,Second Hand Store
ticket_sales,ticket_office_or_booth,arts_and_entertainment > ticket_office_or_booth,Ticket Office or Booth
tiki_bar,tiki_bar,food_and_drink > alcoholic_beverage_venue > bar > tiki_bar,Tiki Bar
tile_store,tile_store,shopping > specialty_store > hardware_home_and_garden_store > tile_store,Tile Store
tiling,tiling,services_and_business > home_service > tiling,Tiling
tire_dealer_and_repair,tire_dealer_and_repair,travel_and_transportation > vehicle_service > automotive_service > automotive_repair > tire_dealer_and_repair,Tire Dealer and Repair
tire_repair_shop,tire_shop,travel_and_transportation > vehicle_service > automotive_service > tire_shop,Tire Shop
tire_shop,tire_shop,travel_and_transportation > vehicle_service > automotive_service > tire_shop,Tire Shop
tobacco_company,tobacco_company,services_and_business > corporate_or_business_office > tobacco_company,Tobacco Company
tobacco_shop,tobacco_shop,shopping > food_and_beverage_store > tobacco_shop,Tobacco Shop
toll_stations,toll_station,travel_and_transportation > ground_transport_facility_or_service > road_structures_and_service > toll_station,Toll Station
tools_wholesaler,tools_wholesaler,services_and_business > b2b_service > wholesaler > tools_wholesaler,Tools Wholesaler
topic_concert_venue,music_venue,arts_and_entertainment > performing_arts_venue > music_venue,Music Venue
topic_publisher,publisher,services_and_business > media_service > media_news_company > publisher,Publisher
tours,tour_operator,travel_and_transportation > travel_service > tour_operator,Tour Operator
tower,historic_tower,cultural_and_historic > historic_site > historic_tower,Historic Tower
tower_communication_service,tower_communication_service,services_and_business > b2b_service > b2b_telecommunications_service > tower_communication_service,Tower Communication Service
towing_service,towing_service,travel_and_transportation > vehicle_service > automotive_service > towing_service,Towing Service
town_car_service,town_car_service,travel_and_transportation > ground_transport_facility_or_service > taxi_or_ride_share_service > town_car_service,Town Car Service
town_hall,town_hall,community_and_government > government_office > town_hall,Town Hall
toxicologist,toxicology,health_care > outpatient_care_facility > specialized_health_care > preventive_medicine > toxicology,Toxicology
toy_store,toy_store,shopping > specialty_store > toys_and_games_store > toy_store,Toy Store
track_stadium,track_stadium,arts_and_entertainment > stadium_arena > stadium > track_stadium,Track Stadium
trade_fair,exhibition_and_trade_fair_venue,arts_and_entertainment > event_venue > exhibition_and_trade_fair_venue,Exhibition and Trade Fair Venue
traditional_chinese_medicine,traditional_chinese_medicine,health_care > outpatient_care_facility > complementary_and_alternative_medicine > traditional_chinese_medicine,Traditional Chinese Medicine
traditional_clothing,traditional_clothing,shopping > fashion_and_apparel_store > clothing_store > traditional_clothing,Traditional Clothing
traffic_school,traffic_school,education > place_of_learning > specialty_school > traffic_school,Traffic School
traffic_ticketing_law,traffic_ticketing_law,services_and_business > legal_service > attorney_or_law_firm > traffic_ticketing_law,Traffic Ticketing Law
trail,recreational_trail_or_path,sports_and_recreation > recreational_trail_or_path,Recreational Trail or Path
trailer_dealer,trailer_dealer,shopping > vehicle_dealer > trailer_dealer,Trailer Dealer
trailer_rentals,trailer_rental_service,services_and_business > rental_service > vehicle_rental_service > trailer_rental_service,Trailer Rental Service
trailer_repair,trailer_repair,travel_and_transportation > vehicle_service > automotive_service > automotive_repair > trailer_repair,Trailer Repair
train_station,train_station,travel_and_transportation > ground_transport_facility_or_service > rail_facility_or_service > train_station,Train Station
trains,train,travel_and_transportation > ground_transport_facility_or_service > rail_facility_or_service > train,Train
trampoline_park,trampoline_park,sports_and_recreation > sport_or_fitness_facility > trampoline_park,Trampoline Park
transcription_services,transcription_service,services_and_business > b2b_service > b2b_office_and_professional_service > transcription_service,Transcription Service
translating_and_interpreting_services,translating_and_interpreting_service,services_and_business > b2b_service > b2b_office_and_professional_service > translating_and_interpreting_service,Translating and Interpreting Service
translation_services,translation_service,services_and_business > professional_service > translation_service,Translation Service
transmission_repair,transmission_repair,travel_and_transportation > vehicle_service > automotive_service > automotive_repair > transmission_repair,Transmission Repair
transport_interchange,transport_interchange,travel_and_transportation > transport_interchange,Transport Interchange
transportation,travel_and_transportation,travel_and_transportation,Travel and Transportation
travel,travel_service,travel_and_transportation > travel_service,Travel Service
travel_agents,travel_agent,travel_and_transportation > travel_service > travel_agent,Travel Agent
travel_company,travel_company,services_and_business > corporate_or_business_office > travel_company,Travel Company
travel_services,travel_service,travel_and_transportation > travel_service,Travel Service
tree_services,tree_service,services_and_business > home_service > landscaping > tree_service,Tree Service
trinidadian_restaurant,trinidadian_restaurant,food_and_drink > restaurant > latin_american_restaurant > caribbean_restaurant > trinidadian_restaurant,Trinidadian Restaurant
trivia_host,trivia_host,services_and_business > event_or_party_service > trivia_host,Trivia Host
trophy_shop,trophy_store,shopping > specialty_store > trophy_store,Trophy Store
tropical_medicine,tropical_medicine,health_care > outpatient_care_facility > specialized_health_care > internal_medicine > infectious_disease > tropical_medicine,Tropical Medicine
truck_dealer,truck_dealer,shopping > vehicle_dealer > truck_dealer,Truck Dealer
truck_dealer_for_businesses,truck_dealer,shopping > vehicle_dealer > truck_dealer,Truck Dealer
truck_gas_station,truck_gas_station,travel_and_transportation > fueling_station > gas_station > truck_gas_station,Truck Gas Station
truck_rentals,truck_rental_service,services_and_business > rental_service > vehicle_rental_service > truck_rental_service,Truck Rental Service
truck_repair,truck_repair,travel_and_transportation > vehicle_service > automotive_service > truck_repair,Truck Repair
truck_repair_and_services_for_businesses,truck_repair,travel_and_transportation > vehicle_service > automotive_service > truck_repair,Truck Repair
truck_stop,truck_stop,travel_and_transportation > ground_transport_facility_or_service > road_structures_and_service > truck_stop,Truck Stop
trucks_and_industrial_vehicles,truck_and_industrial_vehicle_services,services_and_business > b2b_service > b2b_transportation_and_storage_service > truck_and_industrial_vehicle_services,Truck and Industrial Vehicle Services
trusts,trusts,services_and_business > financial_service > trusts,Trusts
tubing_provider,tubing_provider,sports_and_recreation > sport_or_fitness_facility > tubing_provider,Tubing Provider
tui_na,tui_na,health_care > outpatient_care_facility > complementary_and_alternative_medicine > traditional_chinese_medicine > tui_na,Tui Na
turkish_baths,turkish_bath,lifestyle_services > wellness_service > public_bath_house > turkish_bath,Turkish Bath
turkish_restaurant,turkish_restaurant,food_and_drink > restaurant > middle_eastern_restaurant > turkish_restaurant,Turkish Restaurant
turnery,turnery,services_and_business > b2b_service > b2b_industrial_and_machine_service > turnery,Turnery
tutoring_center,tutoring_service,education > educational_service > tutoring_service,Tutoring Service
tv_mounting,tv_mounting,services_and_business > home_service > tv_mounting,TV Mounting
typing_services,typing_service,services_and_business > professional_service > typing_service,Typing Service
ukrainian_restaurant,ukrainian_restaurant,food_and_drink > restaurant > european_restaurant > eastern_european_restaurant > ukrainian_restaurant,Ukrainian Restaurant
ultralight_airports,ultralight_airport,travel_and_transportation > air_transport_facility_or_service > airport > ultralight_airport,Ultralight Airport
ultrasound_imaging_center,ultrasound_imaging,health_care > outpatient_care_facility > diagnostics_imaging_or_lab_service > diagnostic_imaging > ultrasound_imaging,Ultrasound Imaging
undersea_hyperbaric_medicine,hyperbaric_medicine,health_care > outpatient_care_facility > specialized_health_care > preventive_medicine > hyperbaric_medicine,Hyperbaric Medicine
unemployment_office,unemployment_office,community_and_government > government_office > unemployment_office,Unemployment Office
uniform_store,uniform_store,shopping > fashion_and_apparel_store > clothing_store > uniform_store,Uniform Store
university_housing,university_housing,services_and_business > housing_or_property_service > university_housing,University Housing
urban_farm,urban_farm,services_and_business > agricultural_service > farm > urban_farm,Urban Farm
urgent_care_clinic,urgent_care_clinic,health_care > emergency_or_urgent_care_facility > urgent_care_clinic,Urgent Care Clinic
urologist,urology,health_care > outpatient_care_facility > specialized_health_care > urology,Urology
uruguayan_restaurant,uruguayan_restaurant,food_and_drink > restaurant > latin_american_restaurant > south_american_restaurant > uruguayan_restaurant,Uruguayan Restaurant
used_bookstore,used_bookstore,shopping > specialty_store > books_music_and_video_store > bookstore > used_bookstore,Used Bookstore
used_car_dealer,used_auto_dealer,shopping > vehicle_dealer > auto_dealer > used_auto_dealer,Used Auto Dealer
used_vintage_and_consignment,second_hand_clothing_store,shopping > second_hand_store > second_hand_clothing_store,Second Hand Clothing Store
utility_service,public_utility,community_and_government > public_utility,Public Utility
uzbek_restaurant,uzbek_restaurant,food_and_drink > restaurant > asian_restaurant > central_asian_restaurant > uzbek_restaurant,Uzbek Restaurant
vacation_rental_agents,vacation_rental_agent,travel_and_transportation > travel_service > vacation_rental_agent,Vacation Rental Agent
valet_service,valet_service,services_and_business > event_or_party_service > valet_service,Valet Service
vascular_medicine,vascular_medicine,health_care > outpatient_care_facility > specialized_health_care > cardiovascular_and_vascular_medicine > vascular_medicine,Vascular Medicine
vegan_restaurant,vegan_restaurant,food_and_drink > restaurant > special_diet_restaurant > vegan_restaurant,Vegan Restaurant
vegetarian_restaurant,vegetarian_restaurant,food_and_drink > restaurant > special_diet_restaurant > vegetarian_restaurant,Vegetarian Restaurant
vehicle_shipping,vehicle_shipping,services_and_business > shipping_or_delivery_service > vehicle_shipping,Vehicle Shipping
vehicle_wrap,vehicle_wrap,travel_and_transportation > vehicle_service > automotive_service > vehicle_wrap,Vehicle Wrap
vending_machine_supplier,vending_machine_supplier,services_and_business > b2b_service > supplier_or_distributor > vending_machine_supplier,Vending Machine Supplier
venezuelan_restaurant,venezuelan_restaurant,food_and_drink > restaurant > latin_american_restaurant > south_american_restaurant > venezuelan_restaurant,Venezuelan Restaurant
venison_restaurant,venison_restaurant,food_and_drink > restaurant > meat_restaurant > venison_restaurant,Venison Restaurant
venue_and_event_space,event_venue,arts_and_entertainment > event_venue,Event Venue
vermouth_bar,vermouth_bar,food_and_drink > alcoholic_beverage_venue > bar > vermouth_bar,Vermouth Bar
veterans_organization,veterans_organization,arts_and_entertainment > social_club > veterans_organization,Veterans Organization
veterinarian,veterinarian,lifestyle_services > animal_or_pet_service > veterinary_care > veterinarian,Veterinarian
veterinary_schools,veterinary_school,education > place_of_learning > college_university > medical_sciences_school > veterinary_school,Veterinary School
video_and_video_game_rentals,video_and_video_game_rental,shopping > specialty_store > books_music_and_video_store > video_and_video_game_rental,Video and Video Game Rental
video_film_production,video_film_production,services_and_business > media_service > video_film_production,Video Film Production
video_game_critic,video_game_critic,services_and_business > media_service > media_critic > video_game_critic,Video Game Critic
video_game_store,video_game_store,shopping > specialty_store > books_music_and_video_store > video_game_store,Video Game Store
videographer,videographer,services_and_business > event_or_party_service > videographer,Videographer
vietnamese_restaurant,vietnamese_restaurant,food_and_drink > restaurant > asian_restaurant > southeast_asian_restaurant > vietnamese_restaurant,Vietnamese Restaurant
vinyl_record_store,vinyl_record_store,shopping > specialty_store > books_music_and_video_store > vinyl_record_store,Vinyl Record Store
virtual_reality_center,virtual_reality_center,arts_and_entertainment > science_attraction > virtual_reality_center,Virtual Reality Center
visa_agent,visa_agent,travel_and_transportation > travel_service > passport_and_visa_service > visa_agent,Visa Agent
visitor_center,visitor_center,travel_and_transportation > travel_service > visitor_center,Visitor Center
vitamins_and_supplements,vitamin_and_supplement_store,shopping > food_and_beverage_store > vitamin_and_supplement_store,Vitamin and Supplement Store
vocal_coach,vocal_coach,services_and_business > media_service > musical_instrument_service > vocal_coach,Vocal Coach
vocational_and_technical_school,vocational_and_technical_school,education > place_of_learning > specialty_school > vocational_and_technical_school,Vocational and Technical School
volleyball_club,volleyball_club,sports_and_recreation > sport_or_recreation_club > volleyball_club,Volleyball Club
volleyball_court,volleyball_court,sports_and_recreation > sport_or_fitness_facility > sport_court > volleyball_court,Volleyball Court
volunteer_association,volunteer_association,community_and_government > social_or_community_service > volunteer_association,Volunteer Association
waffle_restaurant,waffle_restaurant,food_and_drink > restaurant > breakfast_and_brunch_restaurant > waffle_restaurant,Waffle Restaurant
waldorf_school,waldorf_school,education > place_of_learning > school > waldorf_school,Waldorf School
walk_in_clinic,walk_in_clinic,health_care > emergency_or_urgent_care_facility > walk_in_clinic,Walk-In Clinic
walking_tours,walking_tour,travel_and_transportation > travel_service > tour_operator > walking_tour,Walking Tour
wallpaper_installers,wallpaper_installer,services_and_business > home_service > wallpaper_installer,Wallpaper Installer
wallpaper_store,wallpaper_store,shopping > specialty_store > hardware_home_and_garden_store > wallpaper_store,Wallpaper Store
warehouse_rental_services_and_yards,warehouse_rental_service_yard,services_and_business > b2b_service > b2b_transportation_and_storage_service > b2b_storage > warehouse_rental_service_yard,Warehouse Rental Service Yard
warehouses,warehouse,services_and_business > b2b_service > b2b_transportation_and_storage_service > b2b_storage > warehouse,Warehouse
washer_and_dryer_repair_service,washer_and_dryer_repair_service,services_and_business > home_service > washer_and_dryer_repair_service,Washer and Dryer Repair Service
watch_repair_service,watch_repair_service,services_and_business > technical_service > watch_repair_service,Watch Repair Service
watch_store,watch_store,shopping > fashion_and_apparel_store > jewelry_store > watch_store,Watch Store
water_delivery,water_delivery,services_and_business > home_service > water_delivery,Water Delivery
water_heater_installation_repair,water_heater_installation_repair,services_and_business > home_service > water_heater_installation_repair,Water Heater Installation Repair
water_park,water_park,sports_and_recreation > park > water_park,Water Park
water_purification_services,water_purification_service,services_and_business > home_service > water_purification_service,Water Purification Service
water_softening_equipment_supplier,water_softening_equipment_supplier,services_and_business > b2b_service > supplier_or_distributor > water_softening_equipment_supplier,Water Softening Equipment Supplier
water_store,water_store,shopping > food_and_beverage_store > water_store,Water Store
water_supplier,water_utility_provider,community_and_government > public_utility > water_utility_provider,Water Utility Provider
water_taxi,water_taxi_service,travel_and_transportation > water_transport_facility_or_service > water_taxi_service,Water Taxi Service
water_treatment_equipment_and_services,b2b_water_treatment_service,services_and_business > b2b_service > b2b_environmental_service > b2b_water_treatment_service,B2B Water Treatment Service
waterfall,waterfall,geographic_entities > water_feature > waterfall,Waterfall
waterproofing,waterproofing,services_and_business > home_service > waterproofing,Waterproofing
waxing,waxing,lifestyle_services > personal_or_beauty_service > hair_removal > waxing,Waxing
weather_forecast_services,weather_forecast_service,services_and_business > media_service > media_news_company > weather_forecast_service,Weather Forecast Service
weather_station,weather_station,services_and_business > media_service > weather_station,Weather Station
weaving_mill,weaving_mill,services_and_business > b2b_service > manufacturer > mill > weaving_mill,Weaving Mill
web_designer,web_designer,services_and_business > design_service > web_designer,Web Designer
web_hosting_service,web_hosting_service,services_and_business > technical_service > internet_service_provider > web_hosting_service,Web Hosting Service
wedding_chapel,wedding_chapel,services_and_business > event_or_party_service > wedding_chapel,Wedding Chapel
wedding_planning,wedding_planning,services_and_business > event_or_party_service > wedding_planning,Wedding Planning
weight_loss_center,weight_loss_center,lifestyle_services > wellness_service > weight_loss_center,Weight Loss Center
weir,weir,geographic_entities > built_feature > dam > weir,Weir
welders,welder,services_and_business > building_or_construction_service > welder,Welder
welding_supply_store,welding_supply_store,shopping > specialty_store > hardware_home_and_garden_store > hardware_store > welding_supply_store,Welding Supply Store
well_drilling,well_drilling,services_and_business > home_service > well_drilling,Well Drilling
wellness_program,wellness_service,lifestyle_services > wellness_service,Wellness Service
whale_watching_tours,whale_watching_tour,travel_and_transportation > travel_service > tour_operator > whale_watching_tour,Whale Watching Tour
wheel_and_rim_repair,wheel_and_rim_repair,travel_and_transportation > vehicle_service > automotive_service > automotive_repair > wheel_and_rim_repair,Wheel and Rim Repair
whiskey_bar,whiskey_bar,food_and_drink > alcoholic_beverage_venue > bar > whiskey_bar,Whiskey Bar
wholesale_florist,wholesale_florist,services_and_business > b2b_service > wholesaler > wholesale_florist,Wholesale Florist
wholesale_grocer,wholesale_grocer,services_and_business > b2b_service > wholesaler > wholesale_grocer,Wholesale Grocer
wholesale_store,warehouse_club_store,shopping > warehouse_club_store,Warehouse Club Store
wholesaler,wholesaler,services_and_business > b2b_service > wholesaler,Wholesaler
wig_store,wig_store,shopping > specialty_store > personal_care_and_beauty_store > beauty_supply_store > wig_store,Wig Store
wild_game_meats_restaurant,wild_game_meats_restaurant,food_and_drink > restaurant > meat_restaurant > wild_game_meats_restaurant,Wild Game Meats Restaurant
wildlife_control,wildlife_control,services_and_business > environmental_or_ecological_service > wildlife_control,Wildlife Control
wildlife_hunting_range,wildlife_hunting_range,sports_and_recreation > sport_or_fitness_facility > wildlife_hunting_range,Wildlife Hunting Range
wildlife_sanctuary,wildlife_sanctuary,arts_and_entertainment > animal_attraction > wildlife_sanctuary,Wildlife Sanctuary
wills_trusts_and_probate,wills_trusts_and_probate,services_and_business > legal_service > attorney_or_law_firm > wills_trusts_and_probate,Wills Trusts and Probate
wind_energy,wind_energy,services_and_business > utility_energy_infrastructure > wind_energy,Wind Energy
window_supplier,window_supplier,services_and_business > b2b_service > supplier_or_distributor > window_supplier,Window Supplier
window_treatment_store,window_treatment_store,shopping > specialty_store > hardware_home_and_garden_store > window_treatment_store,Window Treatment Store
window_washing,window_washing,services_and_business > home_service > window_washing,Window Washing
windows_installation,windows_installation,services_and_business > home_service > windows_installation,Windows Installation
windshield_installation_and_repair,windshield_installation_and_repair,travel_and_transportation > vehicle_service > automotive_service > auto_glass_service > windshield_installation_and_repair,Windshield Installation and Repair
windsurfing_center,windsurfing_center,sports_and_recreation > sport_or_fitness_facility > water_sport > surfing > windsurfing_center,Windsurfing Center
wine_bar,wine_bar,food_and_drink > alcoholic_beverage_venue > bar > wine_bar,Wine Bar
wine_tasting_classes,wine_tasting_class,education > place_of_learning > class_venue > tasting_class > wine_tasting_class,Wine Tasting Class
wine_tasting_room,wine_tasting_room,food_and_drink > alcoholic_beverage_venue > winery > wine_tasting_room,Wine Tasting Room
wine_tours,wine_tour,travel_and_transportation > travel_service > tour_operator > wine_tour,Wine Tour
wine_wholesaler,wine_wholesaler,services_and_business > b2b_service > wholesaler > wine_wholesaler,Wine Wholesaler
winery,winery,food_and_drink > alcoholic_beverage_venue > winery,Winery
wok_restaurant,wok_restaurant,food_and_drink > restaurant > asian_restaurant > wok_restaurant,Wok Restaurant
womens_clothing_store,womens_clothing_store,shopping > fashion_and_apparel_store > clothing_store > womens_clothing_store,Women's Clothing Store
womens_health_clinic,reproductive_perinatal_and_womens_care,health_care > outpatient_care_facility > reproductive_perinatal_and_womens_care,Reproductive Perinatal and Women's Care
wood_and_pulp,b2b_environmental_service,services_and_business > b2b_service > b2b_environmental_service,B2B Environmental Service
woodworking_supply_store,woodworking_supply_store,shopping > specialty_store > hardware_home_and_garden_store > woodworking_supply_store,Woodworking Supply Store
workers_compensation_law,workers_compensation_law,services_and_business > legal_service > attorney_or_law_firm > workers_compensation_law,Workers Compensation Law
wrap_restaurant,wrap_restaurant,food_and_drink > restaurant > wrap_restaurant,Wrap Restaurant
writing_service,writing_service,services_and_business > professional_service > writing_service,Writing Service
yoga_instructor,yoga_studio,sports_and_recreation > sport_or_fitness_facility > fitness_studio > yoga_studio,Yoga Studio
yoga_studio,yoga_studio,sports_and_recreation > sport_or_fitness_facility > fitness_studio > yoga_studio,Yoga Studio
youth_organizations,youth_organization,community_and_government > social_or_community_service > youth_organization,Youth Organization
ziplining_center,ziplining_center,sports_and_recreation > sport_or_fitness_facility > adventure_sport > ziplining_center,Ziplining Center
zoo,zoo,arts_and_entertainment > animal_attraction > zoo,Zoo
zorbing_center,sport_or_fitness_facility,sports_and_recreation > sport_or_fitness_facility,Sport or Fitness Facility
